interaction_id,user_id,food_id,interaction_type,rating,timestamp
I00001,U035,F091,save,,2026-03-27T12:05:00
I00002,U005,F051,dislike,,2026-01-03T15:41:00
I00003,U005,F041,skip,,2026-03-23T14:15:00
I00004,U019,F015,rating,4,2026-03-21T15:42:00
I00005,U045,F047,click,,2026-02-01T14:52:00
I00006,U038,F052,dislike,,2026-02-09T11:35:00
I00007,U015,F043,dislike,,2026-03-23T03:53:00
I00008,U034,F066,click,,2026-02-14T22:01:00
I00009,U010,F031,like,,2026-01-23T20:33:00
I00010,U010,F098,like,,2026-03-22T16:51:00
I00011,U030,F097,save,,2026-03-29T19:16:00
I00012,U042,F082,dislike,,2026-03-22T10:47:00
I00013,U010,F057,like,,2026-02-08T09:22:00
I00014,U038,F008,like,,2026-03-01T15:25:00
I00015,U003,F008,dislike,,2026-03-24T03:04:00
I00016,U040,F077,skip,,2026-03-12T01:24:00
I00017,U029,F074,dislike,,2026-03-02T17:06:00
I00018,U010,F008,click,,2026-02-13T02:52:00
I00019,U033,F083,like,,2026-02-26T14:59:00
I00020,U034,F067,dislike,,2026-02-06T13:13:00
I00021,U027,F100,save,,2026-03-22T22:05:00
I00022,U022,F009,save,,2026-02-19T09:41:00
I00023,U017,F093,click,,2026-03-19T05:07:00
I00024,U022,F011,dislike,,2026-02-14T10:35:00
I00025,U042,F090,dislike,,2026-01-11T10:34:00
I00026,U036,F049,like,,2026-01-17T22:52:00
I00027,U045,F095,click,,2026-01-12T22:03:00
I00028,U043,F055,dislike,,2026-02-09T06:09:00
I00029,U014,F044,skip,,2026-01-29T04:41:00
I00030,U010,F010,click,,2026-03-06T18:25:00
I00031,U048,F068,like,,2026-03-21T04:28:00
I00032,U039,F049,like,,2026-03-30T21:19:00
I00033,U011,F093,like,,2026-03-28T08:06:00
I00034,U029,F079,click,,2026-02-27T07:59:00
I00035,U035,F031,click,,2026-03-02T06:37:00
I00036,U024,F087,click,,2026-03-01T09:37:00
I00037,U050,F049,skip,,2026-01-21T06:48:00
I00038,U039,F018,dislike,,2026-03-03T12:40:00
I00039,U036,F014,skip,,2026-01-16T09:43:00
I00040,U006,F098,like,,2026-03-07T05:01:00
I00041,U028,F012,dislike,,2026-02-27T11:55:00
I00042,U002,F054,save,,2026-01-31T13:10:00
I00043,U006,F048,like,,2026-01-13T22:11:00
I00044,U022,F019,like,,2026-03-02T23:45:00
I00045,U009,F098,skip,,2026-01-01T02:42:00
I00046,U002,F033,like,,2026-03-19T18:00:00
I00047,U028,F015,dislike,,2026-01-16T01:37:00
I00048,U016,F054,skip,,2026-01-09T03:47:00
I00049,U032,F077,skip,,2026-03-15T08:15:00
I00050,U046,F019,dislike,,2026-02-15T08:12:00
I00051,U037,F054,save,,2026-03-09T12:18:00
I00052,U005,F068,skip,,2026-03-06T18:54:00
I00053,U002,F050,dislike,,2026-02-19T12:44:00
I00054,U017,F096,click,,2026-02-14T08:13:00
I00055,U047,F085,skip,,2026-02-12T04:33:00
I00056,U003,F046,click,,2026-01-23T23:22:00
I00057,U030,F090,like,,2026-01-18T02:09:00
I00058,U046,F100,dislike,,2026-01-26T01:29:00
I00059,U013,F006,like,,2026-02-20T18:32:00
I00060,U031,F033,save,,2026-02-06T12:11:00
I00061,U050,F007,dislike,,2026-01-16T12:33:00
I00062,U028,F052,click,,2026-02-19T11:34:00
I00063,U012,F064,dislike,,2026-03-08T09:06:00
I00064,U006,F094,skip,,2026-01-24T18:37:00
I00065,U019,F042,like,,2026-02-07T10:27:00
I00066,U029,F078,dislike,,2026-02-26T11:59:00
I00067,U029,F006,click,,2026-03-20T14:50:00
I00068,U018,F082,click,,2026-01-10T22:54:00
I00069,U041,F052,click,,2026-03-28T05:27:00
I00070,U002,F019,skip,,2026-02-26T01:11:00
I00071,U009,F009,skip,,2026-02-16T13:04:00
I00072,U037,F005,save,,2026-02-17T12:41:00
I00073,U029,F098,like,,2026-02-16T13:35:00
I00074,U021,F084,rating,4,2026-01-24T17:02:00
I00075,U034,F050,dislike,,2026-02-03T15:13:00
I00076,U014,F079,rating,5,2026-01-26T04:11:00
I00077,U009,F010,click,,2026-02-26T02:59:00
I00078,U044,F041,skip,,2026-03-12T18:30:00
I00079,U019,F039,skip,,2026-03-31T21:46:00
I00080,U012,F047,dislike,,2026-01-26T04:44:00
I00081,U016,F064,save,,2026-02-17T15:57:00
I00082,U036,F017,like,,2026-02-09T13:35:00
I00083,U046,F093,skip,,2026-02-22T19:37:00
I00084,U005,F017,skip,,2026-02-27T15:54:00
I00085,U044,F067,click,,2026-03-12T21:50:00
I00086,U038,F024,dislike,,2026-03-06T01:53:00
I00087,U008,F067,like,,2026-02-11T07:41:00
I00088,U023,F067,click,,2026-02-02T06:42:00
I00089,U041,F071,save,,2026-03-20T18:12:00
I00090,U006,F065,skip,,2026-03-16T05:15:00
I00091,U011,F085,click,,2026-02-13T19:14:00
I00092,U003,F004,rating,5,2026-03-25T07:11:00
I00093,U050,F074,skip,,2026-03-05T21:24:00
I00094,U035,F038,dislike,,2026-02-01T23:22:00
I00095,U026,F039,save,,2026-01-21T15:00:00
I00096,U027,F062,like,,2026-01-19T10:40:00
I00097,U046,F041,click,,2026-02-21T04:27:00
I00098,U049,F048,dislike,,2026-01-31T15:55:00
I00099,U008,F035,dislike,,2026-01-07T09:54:00
I00100,U025,F079,rating,4,2026-02-11T19:43:00
I00101,U047,F041,like,,2026-03-07T15:56:00
I00102,U032,F040,dislike,,2026-02-20T17:15:00
I00103,U030,F031,like,,2026-01-07T09:36:00
I00104,U032,F077,skip,,2026-03-02T09:45:00
I00105,U035,F002,skip,,2026-02-03T12:29:00
I00106,U049,F052,skip,,2026-03-14T19:10:00
I00107,U013,F047,like,,2026-03-06T15:22:00
I00108,U049,F071,rating,4,2026-01-17T03:18:00
I00109,U026,F048,dislike,,2026-02-16T04:55:00
I00110,U013,F078,save,,2026-01-06T01:19:00
I00111,U009,F092,save,,2026-02-28T05:05:00
I00112,U039,F066,rating,5,2026-01-21T13:24:00
I00113,U040,F095,skip,,2026-03-06T17:23:00
I00114,U035,F063,dislike,,2026-01-03T12:34:00
I00115,U022,F087,like,,2026-02-09T23:29:00
I00116,U041,F004,like,,2026-03-25T19:44:00
I00117,U037,F030,skip,,2026-01-22T17:53:00
I00118,U041,F093,click,,2026-01-19T23:14:00
I00119,U016,F005,skip,,2026-01-25T00:38:00
I00120,U029,F041,skip,,2026-01-27T14:00:00
I00121,U033,F100,skip,,2026-01-08T04:42:00
I00122,U034,F027,click,,2026-03-03T17:56:00
I00123,U025,F041,skip,,2026-03-10T11:41:00
I00124,U035,F046,click,,2026-03-29T21:57:00
I00125,U045,F034,like,,2026-02-01T09:31:00
I00126,U036,F039,click,,2026-02-08T09:51:00
I00127,U046,F027,skip,,2026-03-03T11:54:00
I00128,U036,F093,like,,2026-03-28T18:32:00
I00129,U025,F051,click,,2026-01-19T09:54:00
I00130,U003,F037,dislike,,2026-02-26T22:23:00
I00131,U017,F096,dislike,,2026-03-10T09:15:00
I00132,U036,F090,like,,2026-03-17T08:10:00
I00133,U016,F007,skip,,2026-03-23T07:56:00
I00134,U004,F013,skip,,2026-01-13T23:15:00
I00135,U050,F018,save,,2026-01-21T13:53:00
I00136,U042,F061,like,,2026-02-06T10:57:00
I00137,U019,F083,click,,2026-03-25T19:35:00
I00138,U015,F069,click,,2026-01-05T05:58:00
I00139,U027,F023,dislike,,2026-02-20T16:54:00
I00140,U012,F096,click,,2026-01-05T00:18:00
I00141,U020,F073,click,,2026-02-12T09:42:00
I00142,U030,F083,save,,2026-01-18T17:12:00
I00143,U030,F035,like,,2026-01-21T15:39:00
I00144,U042,F033,dislike,,2026-02-13T10:04:00
I00145,U037,F087,dislike,,2026-03-23T13:50:00
I00146,U028,F066,like,,2026-01-13T06:18:00
I00147,U009,F062,like,,2026-02-03T13:05:00
I00148,U016,F058,click,,2026-02-08T19:52:00
I00149,U047,F074,save,,2026-03-30T08:03:00
I00150,U004,F086,like,,2026-02-21T23:25:00
I00151,U033,F091,skip,,2026-03-23T10:04:00
I00152,U024,F079,rating,5,2026-01-20T15:31:00
I00153,U048,F078,click,,2026-03-02T18:20:00
I00154,U043,F028,skip,,2026-03-18T02:47:00
I00155,U034,F058,like,,2026-03-14T03:49:00
I00156,U004,F071,dislike,,2026-03-10T05:06:00
I00157,U011,F042,skip,,2026-03-29T07:00:00
I00158,U046,F075,click,,2026-02-27T01:53:00
I00159,U030,F017,skip,,2026-01-08T19:04:00
I00160,U030,F087,skip,,2026-02-20T08:41:00
I00161,U001,F096,like,,2026-02-24T11:45:00
I00162,U045,F009,dislike,,2026-01-09T16:06:00
I00163,U003,F037,click,,2026-03-24T22:02:00
I00164,U027,F048,dislike,,2026-02-18T12:49:00
I00165,U006,F088,click,,2026-01-18T22:18:00
I00166,U023,F016,save,,2026-03-09T04:20:00
I00167,U047,F029,skip,,2026-02-08T15:48:00
I00168,U044,F093,skip,,2026-01-30T08:26:00
I00169,U030,F045,like,,2026-01-15T01:05:00
I00170,U043,F054,click,,2026-01-03T08:12:00
I00171,U014,F009,like,,2026-03-18T22:56:00
I00172,U046,F007,like,,2026-02-26T07:59:00
I00173,U035,F028,click,,2026-01-18T17:11:00
I00174,U019,F030,skip,,2026-02-10T19:42:00
I00175,U039,F099,dislike,,2026-02-08T04:53:00
I00176,U043,F067,like,,2026-01-08T19:00:00
I00177,U038,F095,skip,,2026-02-24T18:58:00
I00178,U032,F007,click,,2026-03-27T13:00:00
I00179,U034,F041,skip,,2026-02-08T12:50:00
I00180,U012,F097,dislike,,2026-01-29T10:15:00
I00181,U046,F019,click,,2026-03-13T14:05:00
I00182,U027,F072,dislike,,2026-02-02T06:56:00
I00183,U022,F083,like,,2026-02-17T03:09:00
I00184,U035,F093,dislike,,2026-02-18T22:59:00
I00185,U039,F078,like,,2026-03-17T22:55:00
I00186,U036,F028,click,,2026-02-12T10:20:00
I00187,U001,F028,click,,2026-01-16T16:20:00
I00188,U016,F090,dislike,,2026-01-31T18:50:00
I00189,U021,F100,save,,2026-03-25T12:15:00
I00190,U020,F034,click,,2026-03-01T03:21:00
I00191,U047,F061,dislike,,2026-01-27T12:39:00
I00192,U021,F053,click,,2026-01-19T00:33:00
I00193,U017,F071,skip,,2026-02-23T10:04:00
I00194,U010,F026,like,,2026-02-01T17:02:00
I00195,U036,F084,dislike,,2026-03-04T21:54:00
I00196,U048,F063,click,,2026-02-15T05:46:00
I00197,U009,F093,dislike,,2026-03-11T21:54:00
I00198,U004,F068,click,,2026-03-27T01:39:00
I00199,U049,F001,click,,2026-01-30T02:19:00
I00200,U046,F020,save,,2026-02-17T02:03:00
I00201,U040,F082,skip,,2026-03-03T22:30:00
I00202,U032,F003,save,,2026-01-02T00:34:00
I00203,U034,F093,rating,4,2026-03-06T23:49:00
I00204,U044,F056,click,,2026-01-14T03:17:00
I00205,U034,F020,save,,2026-02-02T12:05:00
I00206,U018,F051,rating,5,2026-03-14T08:18:00
I00207,U045,F029,click,,2026-01-11T22:18:00
I00208,U042,F098,like,,2026-02-18T18:51:00
I00209,U031,F008,skip,,2026-01-11T17:03:00
I00210,U028,F083,skip,,2026-01-13T18:01:00
I00211,U003,F030,click,,2026-03-14T16:13:00
I00212,U018,F006,skip,,2026-02-05T18:32:00
I00213,U037,F085,rating,5,2026-01-03T07:04:00
I00214,U038,F019,skip,,2026-02-20T02:37:00
I00215,U020,F021,skip,,2026-02-19T23:06:00
I00216,U035,F043,skip,,2026-03-30T02:40:00
I00217,U033,F096,dislike,,2026-02-25T07:55:00
I00218,U005,F044,skip,,2026-03-18T13:32:00
I00219,U050,F042,like,,2026-02-27T16:44:00
I00220,U015,F046,dislike,,2026-01-24T23:12:00
I00221,U038,F085,click,,2026-02-07T08:24:00
I00222,U046,F010,like,,2026-03-23T05:15:00
I00223,U048,F050,like,,2026-01-01T10:31:00
I00224,U029,F047,dislike,,2026-01-12T06:23:00
I00225,U028,F058,skip,,2026-01-14T00:53:00
I00226,U006,F046,skip,,2026-02-11T13:08:00
I00227,U001,F038,skip,,2026-03-13T08:17:00
I00228,U037,F067,like,,2026-01-18T09:10:00
I00229,U020,F035,dislike,,2026-02-25T09:25:00
I00230,U027,F039,dislike,,2026-02-02T08:25:00
I00231,U047,F081,save,,2026-02-28T03:39:00
I00232,U009,F039,like,,2026-03-21T12:58:00
I00233,U022,F057,click,,2026-03-25T20:17:00
I00234,U009,F039,rating,4,2026-03-03T10:43:00
I00235,U012,F051,dislike,,2026-03-30T21:36:00
I00236,U032,F074,dislike,,2026-02-05T13:24:00
I00237,U024,F015,dislike,,2026-03-11T06:08:00
I00238,U044,F099,click,,2026-03-01T07:09:00
I00239,U029,F038,dislike,,2026-02-22T22:58:00
I00240,U032,F018,dislike,,2026-03-26T05:15:00
I00241,U046,F055,dislike,,2026-03-18T16:21:00
I00242,U038,F052,click,,2026-03-30T14:16:00
I00243,U035,F005,dislike,,2026-03-10T20:16:00
I00244,U041,F011,like,,2026-03-27T12:07:00
I00245,U011,F083,save,,2026-03-24T23:07:00
I00246,U042,F052,dislike,,2026-02-25T03:36:00
I00247,U001,F013,save,,2026-03-08T19:02:00
I00248,U038,F089,skip,,2026-02-20T15:48:00
I00249,U050,F087,skip,,2026-02-14T00:50:00
I00250,U031,F014,rating,4,2026-01-15T04:50:00
I00251,U023,F040,click,,2026-03-08T16:29:00
I00252,U023,F061,click,,2026-02-27T10:53:00
I00253,U005,F039,click,,2026-01-03T11:42:00
I00254,U042,F014,dislike,,2026-02-01T17:36:00
I00255,U012,F071,save,,2026-03-01T07:54:00
I00256,U026,F081,save,,2026-02-25T13:30:00
I00257,U002,F095,dislike,,2026-03-17T14:39:00
I00258,U025,F001,dislike,,2026-01-09T19:42:00
I00259,U007,F069,like,,2026-02-28T03:53:00
I00260,U017,F086,skip,,2026-03-23T10:41:00
I00261,U039,F050,skip,,2026-02-14T12:00:00
I00262,U030,F080,save,,2026-02-08T20:58:00
I00263,U038,F011,dislike,,2026-01-31T10:25:00
I00264,U008,F024,dislike,,2026-02-19T14:16:00
I00265,U039,F018,skip,,2026-03-04T21:41:00
I00266,U035,F089,click,,2026-01-23T18:56:00
I00267,U011,F063,like,,2026-02-27T21:08:00
I00268,U004,F046,skip,,2026-01-25T13:06:00
I00269,U036,F065,skip,,2026-03-04T14:11:00
I00270,U046,F057,like,,2026-01-04T07:31:00
I00271,U019,F005,save,,2026-01-22T15:36:00
I00272,U037,F096,skip,,2026-03-07T03:51:00
I00273,U037,F015,save,,2026-02-16T18:30:00
I00274,U049,F006,skip,,2026-01-28T14:30:00
I00275,U007,F095,skip,,2026-02-08T01:06:00
I00276,U029,F034,click,,2026-02-26T04:00:00
I00277,U050,F031,click,,2026-03-30T11:58:00
I00278,U046,F079,dislike,,2026-01-18T07:03:00
I00279,U014,F008,skip,,2026-03-18T18:23:00
I00280,U011,F042,dislike,,2026-03-15T09:07:00
I00281,U033,F087,dislike,,2026-02-22T02:01:00
I00282,U018,F084,click,,2026-02-01T04:59:00
I00283,U046,F042,skip,,2026-03-28T13:24:00
I00284,U032,F019,like,,2026-02-23T12:48:00
I00285,U029,F010,click,,2026-01-12T13:45:00
I00286,U033,F096,rating,5,2026-02-28T16:39:00
I00287,U021,F075,click,,2026-01-12T15:38:00
I00288,U041,F086,click,,2026-03-10T13:34:00
I00289,U014,F055,skip,,2026-02-11T09:40:00
I00290,U022,F071,skip,,2026-03-04T11:43:00
I00291,U044,F098,like,,2026-02-28T00:33:00
I00292,U008,F021,dislike,,2026-02-24T06:54:00
I00293,U045,F017,dislike,,2026-02-05T03:11:00
I00294,U042,F047,dislike,,2026-03-25T05:38:00
I00295,U004,F051,skip,,2026-01-30T14:39:00
I00296,U042,F012,dislike,,2026-03-03T02:39:00
I00297,U009,F076,save,,2026-01-02T00:16:00
I00298,U045,F044,rating,5,2026-03-30T04:30:00
I00299,U031,F010,like,,2026-01-14T03:31:00
I00300,U021,F048,dislike,,2026-01-18T21:53:00
I00301,U044,F019,save,,2026-03-20T22:11:00
I00302,U011,F057,like,,2026-01-20T14:03:00
I00303,U040,F088,like,,2026-01-13T04:46:00
I00304,U049,F016,dislike,,2026-02-24T10:44:00
I00305,U009,F032,like,,2026-03-12T20:30:00
I00306,U039,F093,skip,,2026-03-30T00:54:00
I00307,U043,F039,save,,2026-01-25T13:22:00
I00308,U019,F083,click,,2026-01-31T16:53:00
I00309,U025,F015,save,,2026-01-10T18:01:00
I00310,U001,F047,dislike,,2026-03-14T14:21:00
I00311,U024,F070,skip,,2026-01-10T00:34:00
I00312,U038,F009,like,,2026-01-08T13:35:00
I00313,U033,F037,skip,,2026-02-23T14:27:00
I00314,U045,F052,save,,2026-03-20T05:12:00
I00315,U018,F011,skip,,2026-01-27T05:18:00
I00316,U035,F042,skip,,2026-03-25T23:14:00
I00317,U042,F009,like,,2026-01-31T01:58:00
I00318,U016,F012,dislike,,2026-03-20T20:46:00
I00319,U004,F040,skip,,2026-01-23T04:04:00
I00320,U001,F091,like,,2026-03-05T11:50:00
I00321,U034,F067,skip,,2026-01-22T12:41:00
I00322,U009,F096,dislike,,2026-01-16T01:00:00
I00323,U022,F055,like,,2026-03-15T21:25:00
I00324,U005,F064,dislike,,2026-03-05T19:20:00
I00325,U011,F048,click,,2026-03-15T23:00:00
I00326,U047,F015,skip,,2026-01-06T00:25:00
I00327,U016,F006,like,,2026-01-20T06:06:00
I00328,U003,F071,skip,,2026-03-25T14:18:00
I00329,U015,F042,rating,5,2026-02-04T02:39:00
I00330,U037,F048,save,,2026-01-07T06:07:00
I00331,U015,F067,click,,2026-01-09T15:52:00
I00332,U019,F100,dislike,,2026-03-12T15:35:00
I00333,U001,F048,save,,2026-02-08T21:15:00
I00334,U016,F060,rating,4,2026-03-11T08:22:00
I00335,U010,F001,dislike,,2026-03-11T11:49:00
I00336,U041,F089,click,,2026-01-01T22:26:00
I00337,U025,F095,dislike,,2026-03-09T08:07:00
I00338,U027,F063,click,,2026-01-19T09:33:00
I00339,U006,F006,click,,2026-03-08T14:05:00
I00340,U045,F048,click,,2026-03-16T03:15:00
I00341,U033,F018,dislike,,2026-03-17T19:22:00
I00342,U004,F056,dislike,,2026-02-07T08:54:00
I00343,U021,F051,skip,,2026-02-10T15:27:00
I00344,U018,F030,like,,2026-03-16T03:43:00
I00345,U010,F014,save,,2026-02-22T04:07:00
I00346,U035,F046,dislike,,2026-02-09T15:48:00
I00347,U017,F016,click,,2026-02-08T23:47:00
I00348,U039,F006,click,,2026-01-19T03:06:00
I00349,U046,F032,dislike,,2026-01-07T23:06:00
I00350,U020,F034,dislike,,2026-02-21T15:26:00
I00351,U036,F096,like,,2026-01-14T04:46:00
I00352,U008,F002,click,,2026-01-29T04:27:00
I00353,U013,F052,save,,2026-03-24T02:52:00
I00354,U038,F076,click,,2026-01-03T02:12:00
I00355,U013,F083,dislike,,2026-02-12T04:10:00
I00356,U003,F060,rating,5,2026-02-20T16:56:00
I00357,U002,F049,dislike,,2026-01-28T06:23:00
I00358,U018,F036,dislike,,2026-03-20T21:08:00
I00359,U040,F032,skip,,2026-03-12T16:21:00
I00360,U004,F012,like,,2026-01-26T21:56:00
I00361,U034,F032,click,,2026-01-03T13:03:00
I00362,U046,F046,skip,,2026-02-14T19:18:00
I00363,U033,F042,dislike,,2026-02-10T20:22:00
I00364,U015,F004,skip,,2026-01-08T16:06:00
I00365,U034,F046,rating,4,2026-01-13T08:27:00
I00366,U043,F031,click,,2026-01-08T07:29:00
I00367,U037,F050,click,,2026-01-23T06:00:00
I00368,U016,F076,click,,2026-02-15T20:11:00
I00369,U002,F091,click,,2026-03-14T04:51:00
I00370,U037,F025,click,,2026-03-05T18:30:00
I00371,U020,F023,dislike,,2026-01-30T20:32:00
I00372,U015,F003,dislike,,2026-03-20T06:52:00
I00373,U009,F044,click,,2026-02-11T02:01:00
I00374,U002,F019,click,,2026-01-15T17:57:00
I00375,U024,F010,rating,5,2026-03-17T03:26:00
I00376,U022,F039,rating,5,2026-03-23T16:37:00
I00377,U042,F041,rating,5,2026-01-29T22:43:00
I00378,U038,F023,skip,,2026-02-07T04:20:00
I00379,U012,F094,click,,2026-03-15T13:21:00
I00380,U050,F073,save,,2026-03-20T07:32:00
I00381,U041,F073,save,,2026-02-12T02:39:00
I00382,U016,F045,dislike,,2026-01-12T22:52:00
I00383,U041,F094,skip,,2026-02-03T07:09:00
I00384,U016,F089,like,,2026-01-14T00:02:00
I00385,U004,F050,skip,,2026-01-22T14:07:00
I00386,U032,F049,like,,2026-03-03T19:43:00
I00387,U042,F098,dislike,,2026-01-10T01:08:00
I00388,U019,F003,rating,4,2026-02-13T05:48:00
I00389,U025,F021,skip,,2026-01-12T11:32:00
I00390,U039,F079,skip,,2026-02-25T22:18:00
I00391,U011,F078,dislike,,2026-01-13T11:18:00
I00392,U014,F025,skip,,2026-03-11T09:03:00
I00393,U043,F037,like,,2026-02-20T19:30:00
I00394,U036,F063,like,,2026-02-24T02:59:00
I00395,U019,F085,skip,,2026-01-13T00:52:00
I00396,U014,F022,click,,2026-03-02T03:56:00
I00397,U020,F051,click,,2026-02-03T03:06:00
I00398,U042,F070,dislike,,2026-02-18T12:36:00
I00399,U012,F058,like,,2026-02-03T07:43:00
I00400,U018,F073,click,,2026-03-27T03:18:00
I00401,U006,F086,skip,,2026-03-17T07:45:00
I00402,U036,F008,click,,2026-02-23T18:16:00
I00403,U044,F061,dislike,,2026-02-08T02:41:00
I00404,U026,F092,save,,2026-03-08T19:30:00
I00405,U044,F080,rating,5,2026-01-23T05:42:00
I00406,U014,F025,like,,2026-03-29T14:51:00
I00407,U013,F081,save,,2026-02-10T02:17:00
I00408,U006,F050,skip,,2026-02-05T17:44:00
I00409,U030,F002,skip,,2026-03-08T14:19:00
I00410,U008,F054,save,,2026-03-16T03:25:00
I00411,U007,F073,click,,2026-03-10T11:44:00
I00412,U027,F034,skip,,2026-03-19T16:08:00
I00413,U003,F023,like,,2026-03-19T23:14:00
I00414,U045,F052,click,,2026-02-12T23:34:00
I00415,U016,F007,click,,2026-02-17T00:41:00
I00416,U022,F039,click,,2026-03-31T23:22:00
I00417,U007,F030,rating,5,2026-02-11T09:11:00
I00418,U047,F054,dislike,,2026-02-26T07:12:00
I00419,U027,F095,save,,2026-02-17T01:55:00
I00420,U033,F021,click,,2026-02-21T04:37:00
I00421,U050,F068,dislike,,2026-01-25T06:51:00
I00422,U004,F032,like,,2026-02-16T06:47:00
I00423,U018,F048,skip,,2026-03-23T04:13:00
I00424,U044,F004,save,,2026-02-27T06:03:00
I00425,U031,F076,dislike,,2026-02-03T23:30:00
I00426,U006,F037,like,,2026-03-15T07:18:00
I00427,U015,F083,like,,2026-03-25T13:58:00
I00428,U033,F003,click,,2026-03-29T00:18:00
I00429,U031,F017,save,,2026-01-02T07:38:00
I00430,U017,F078,dislike,,2026-03-24T09:23:00
I00431,U028,F049,skip,,2026-01-28T15:55:00
I00432,U020,F087,skip,,2026-03-16T03:29:00
I00433,U001,F066,click,,2026-02-17T19:09:00
I00434,U042,F077,like,,2026-01-14T16:26:00
I00435,U005,F044,skip,,2026-02-05T08:54:00
I00436,U042,F092,skip,,2026-01-25T05:07:00
I00437,U034,F098,like,,2026-03-18T13:47:00
I00438,U043,F041,skip,,2026-03-25T16:58:00
I00439,U019,F034,skip,,2026-01-05T19:54:00
I00440,U046,F074,dislike,,2026-01-29T23:25:00
I00441,U035,F082,rating,5,2026-03-06T10:14:00
I00442,U011,F085,dislike,,2026-01-13T16:04:00
I00443,U009,F095,click,,2026-01-24T23:12:00
I00444,U022,F084,like,,2026-02-09T14:21:00
I00445,U022,F048,like,,2026-01-16T16:03:00
I00446,U004,F082,click,,2026-01-10T16:07:00
I00447,U013,F065,save,,2026-03-09T10:11:00
I00448,U027,F007,dislike,,2026-01-26T11:41:00
I00449,U027,F073,click,,2026-01-19T10:47:00
I00450,U046,F024,skip,,2026-03-22T06:02:00
I00451,U021,F082,save,,2026-01-27T05:45:00
I00452,U037,F098,click,,2026-01-12T04:25:00
I00453,U040,F056,skip,,2026-03-03T13:05:00
I00454,U001,F005,skip,,2026-01-02T10:59:00
I00455,U049,F068,save,,2026-03-22T08:29:00
I00456,U015,F089,dislike,,2026-01-14T13:05:00
I00457,U033,F076,like,,2026-01-06T10:10:00
I00458,U019,F059,skip,,2026-02-13T14:48:00
I00459,U044,F018,rating,5,2026-01-25T05:37:00
I00460,U026,F003,click,,2026-01-17T07:12:00
I00461,U047,F003,dislike,,2026-02-16T22:12:00
I00462,U003,F049,dislike,,2026-03-10T21:16:00
I00463,U004,F077,skip,,2026-03-25T00:40:00
I00464,U004,F089,skip,,2026-01-16T18:40:00
I00465,U017,F061,dislike,,2026-03-29T21:30:00
I00466,U001,F039,dislike,,2026-03-08T09:12:00
I00467,U040,F078,skip,,2026-01-14T17:27:00
I00468,U047,F080,like,,2026-01-14T16:59:00
I00469,U013,F078,like,,2026-03-08T06:53:00
I00470,U023,F091,dislike,,2026-03-12T16:56:00
I00471,U014,F089,dislike,,2026-01-01T00:26:00
I00472,U043,F012,click,,2026-03-27T16:51:00
I00473,U010,F012,like,,2026-01-13T08:44:00
I00474,U042,F030,click,,2026-02-03T15:50:00
I00475,U004,F013,click,,2026-02-07T12:17:00
I00476,U044,F041,like,,2026-01-06T00:19:00
I00477,U009,F085,like,,2026-02-26T21:13:00
I00478,U018,F094,click,,2026-01-24T03:53:00
I00479,U026,F052,dislike,,2026-02-19T23:32:00
I00480,U031,F054,click,,2026-01-15T04:31:00
I00481,U045,F093,rating,4,2026-01-14T14:12:00
I00482,U038,F062,skip,,2026-01-24T20:51:00
I00483,U025,F100,like,,2026-03-29T04:27:00
I00484,U031,F063,like,,2026-01-06T02:09:00
I00485,U017,F084,click,,2026-03-28T17:54:00
I00486,U050,F096,skip,,2026-03-27T11:32:00
I00487,U034,F067,skip,,2026-02-25T22:35:00
I00488,U047,F032,skip,,2026-03-24T13:08:00
I00489,U010,F072,skip,,2026-01-02T21:57:00
I00490,U011,F065,click,,2026-01-22T02:33:00
I00491,U049,F063,like,,2026-02-05T01:43:00
I00492,U033,F029,dislike,,2026-01-31T02:41:00
I00493,U030,F057,skip,,2026-03-05T15:15:00
I00494,U021,F016,skip,,2026-01-03T03:30:00
I00495,U026,F053,save,,2026-01-12T20:37:00
I00496,U040,F082,save,,2026-01-27T22:20:00
I00497,U043,F059,dislike,,2026-01-07T07:36:00
I00498,U030,F043,save,,2026-03-02T22:25:00
I00499,U024,F092,like,,2026-03-26T07:34:00
I00500,U001,F044,skip,,2026-02-07T18:41:00
I00501,U034,F048,dislike,,2026-01-22T16:48:00
I00502,U009,F092,skip,,2026-02-02T20:51:00
I00503,U013,F025,click,,2026-01-28T15:36:00
I00504,U013,F092,click,,2026-01-06T21:36:00
I00505,U044,F076,click,,2026-02-28T22:28:00
I00506,U038,F065,save,,2026-03-09T01:39:00
I00507,U036,F056,skip,,2026-03-07T06:02:00
I00508,U045,F075,click,,2026-01-14T13:13:00
I00509,U043,F077,like,,2026-02-19T14:17:00
I00510,U039,F089,dislike,,2026-02-13T10:02:00
I00511,U029,F018,save,,2026-03-07T10:12:00
I00512,U045,F071,skip,,2026-03-12T21:35:00
I00513,U014,F026,click,,2026-03-29T11:47:00
I00514,U044,F017,skip,,2026-01-23T17:11:00
I00515,U035,F089,skip,,2026-02-15T19:11:00
I00516,U031,F075,skip,,2026-02-23T23:00:00
I00517,U048,F069,click,,2026-01-02T17:50:00
I00518,U007,F004,dislike,,2026-01-08T06:49:00
I00519,U018,F097,click,,2026-03-29T08:33:00
I00520,U010,F008,dislike,,2026-03-11T01:06:00
I00521,U023,F058,click,,2026-03-13T07:39:00
I00522,U048,F083,like,,2026-03-31T09:49:00
I00523,U045,F086,like,,2026-02-23T23:23:00
I00524,U021,F071,click,,2026-01-26T21:10:00
I00525,U050,F057,click,,2026-03-24T12:33:00
I00526,U049,F076,skip,,2026-01-25T10:02:00
I00527,U029,F023,dislike,,2026-01-23T17:32:00
I00528,U008,F049,like,,2026-02-03T04:26:00
I00529,U011,F075,dislike,,2026-03-01T05:17:00
I00530,U003,F020,skip,,2026-03-22T21:00:00
I00531,U043,F039,save,,2026-02-15T02:29:00
I00532,U046,F041,click,,2026-03-08T02:19:00
I00533,U033,F021,skip,,2026-01-12T11:55:00
I00534,U015,F028,dislike,,2026-02-07T07:27:00
I00535,U049,F080,click,,2026-03-25T00:18:00
I00536,U008,F086,like,,2026-03-24T20:56:00
I00537,U040,F032,skip,,2026-02-11T13:01:00
I00538,U008,F050,click,,2026-01-04T17:38:00
I00539,U050,F048,skip,,2026-03-04T01:29:00
I00540,U019,F084,save,,2026-01-13T05:42:00
I00541,U050,F069,skip,,2026-01-27T22:52:00
I00542,U041,F100,save,,2026-01-14T07:01:00
I00543,U035,F090,skip,,2026-02-25T22:04:00
I00544,U005,F096,dislike,,2026-02-12T01:17:00
I00545,U006,F010,click,,2026-03-13T02:24:00
I00546,U037,F030,skip,,2026-02-27T21:30:00
I00547,U026,F056,like,,2026-01-16T18:15:00
I00548,U001,F083,dislike,,2026-03-16T01:33:00
I00549,U045,F010,save,,2026-02-07T23:24:00
I00550,U020,F078,click,,2026-02-26T13:01:00
I00551,U026,F085,like,,2026-01-29T04:39:00
I00552,U048,F051,click,,2026-02-07T21:38:00
I00553,U010,F039,click,,2026-03-24T12:44:00
I00554,U001,F071,dislike,,2026-01-06T00:10:00
I00555,U037,F077,skip,,2026-01-11T10:24:00
I00556,U014,F096,skip,,2026-01-28T14:05:00
I00557,U042,F066,like,,2026-03-20T08:37:00
I00558,U013,F015,click,,2026-01-07T18:44:00
I00559,U030,F083,like,,2026-01-09T08:33:00
I00560,U007,F026,skip,,2026-02-12T12:11:00
I00561,U009,F086,dislike,,2026-03-21T02:22:00
I00562,U013,F041,dislike,,2026-03-26T10:26:00
I00563,U045,F075,save,,2026-02-10T14:37:00
I00564,U011,F001,click,,2026-03-24T14:53:00
I00565,U018,F047,click,,2026-03-03T15:47:00
I00566,U029,F046,skip,,2026-01-14T05:59:00
I00567,U042,F078,like,,2026-01-18T18:23:00
I00568,U013,F034,skip,,2026-01-10T00:38:00
I00569,U033,F081,save,,2026-02-21T20:08:00
I00570,U014,F005,skip,,2026-03-11T16:06:00
I00571,U042,F100,like,,2026-03-17T09:55:00
I00572,U009,F060,dislike,,2026-02-16T17:08:00
I00573,U001,F085,rating,4,2026-03-07T04:47:00
I00574,U029,F021,rating,4,2026-03-03T12:14:00
I00575,U003,F029,like,,2026-02-03T12:36:00
I00576,U015,F006,skip,,2026-02-16T13:14:00
I00577,U031,F059,dislike,,2026-03-25T11:03:00
I00578,U007,F091,skip,,2026-02-05T08:59:00
I00579,U038,F070,dislike,,2026-02-18T12:28:00
I00580,U038,F084,dislike,,2026-02-02T12:50:00
I00581,U015,F067,click,,2026-02-14T16:37:00
I00582,U031,F078,click,,2026-02-26T05:39:00
I00583,U015,F010,like,,2026-01-20T06:22:00
I00584,U011,F047,click,,2026-03-26T07:51:00
I00585,U027,F043,save,,2026-03-03T16:21:00
I00586,U014,F076,click,,2026-01-03T08:19:00
I00587,U003,F017,dislike,,2026-03-22T17:29:00
I00588,U003,F074,like,,2026-01-24T17:38:00
I00589,U026,F077,skip,,2026-03-26T09:40:00
I00590,U006,F028,rating,5,2026-01-22T07:29:00
I00591,U027,F077,save,,2026-01-24T21:16:00
I00592,U043,F066,click,,2026-02-13T15:28:00
I00593,U039,F076,like,,2026-01-17T03:42:00
I00594,U002,F026,rating,5,2026-01-20T20:40:00
I00595,U007,F023,save,,2026-01-05T18:08:00
I00596,U033,F097,save,,2026-01-17T20:35:00
I00597,U035,F001,skip,,2026-03-25T14:43:00
I00598,U034,F054,like,,2026-03-09T14:38:00
I00599,U015,F062,dislike,,2026-03-17T23:46:00
I00600,U037,F013,dislike,,2026-01-30T02:51:00
I00601,U019,F077,skip,,2026-01-25T00:11:00
I00602,U046,F096,skip,,2026-01-16T17:44:00
I00603,U001,F049,skip,,2026-02-10T13:57:00
I00604,U024,F014,save,,2026-02-02T08:55:00
I00605,U035,F055,skip,,2026-03-29T13:33:00
I00606,U049,F027,click,,2026-03-03T06:06:00
I00607,U024,F072,like,,2026-02-09T19:43:00
I00608,U023,F100,skip,,2026-03-26T04:03:00
I00609,U048,F030,skip,,2026-01-21T03:25:00
I00610,U014,F066,like,,2026-03-12T20:57:00
I00611,U045,F088,like,,2026-03-23T00:10:00
I00612,U006,F019,skip,,2026-01-12T02:11:00
I00613,U017,F029,skip,,2026-02-19T13:40:00
I00614,U040,F084,skip,,2026-03-18T01:57:00
I00615,U050,F023,skip,,2026-01-26T22:25:00
I00616,U034,F037,click,,2026-03-07T17:36:00
I00617,U045,F030,save,,2026-02-16T08:09:00
I00618,U042,F001,dislike,,2026-02-05T13:38:00
I00619,U023,F086,save,,2026-03-08T00:31:00
I00620,U048,F091,like,,2026-02-06T19:05:00
I00621,U038,F045,click,,2026-01-29T20:41:00
I00622,U013,F059,skip,,2026-02-03T05:58:00
I00623,U027,F065,like,,2026-02-07T11:36:00
I00624,U008,F066,click,,2026-03-15T08:32:00
I00625,U045,F057,skip,,2026-02-01T11:35:00
I00626,U050,F059,click,,2026-01-04T16:27:00
I00627,U008,F034,save,,2026-01-29T23:06:00
I00628,U045,F030,skip,,2026-02-15T17:37:00
I00629,U035,F002,dislike,,2026-02-06T03:10:00
I00630,U026,F087,dislike,,2026-03-12T06:05:00
I00631,U031,F041,click,,2026-02-04T06:14:00
I00632,U048,F088,dislike,,2026-01-26T08:00:00
I00633,U048,F031,dislike,,2026-01-26T08:31:00
I00634,U040,F046,like,,2026-01-11T23:04:00
I00635,U043,F064,skip,,2026-03-11T01:26:00
I00636,U031,F048,skip,,2026-03-15T09:22:00
I00637,U032,F024,click,,2026-02-05T13:34:00
I00638,U015,F097,like,,2026-02-24T16:19:00
I00639,U035,F005,dislike,,2026-03-29T05:57:00
I00640,U030,F016,skip,,2026-03-30T00:17:00
I00641,U001,F087,save,,2026-02-11T12:20:00
I00642,U040,F034,like,,2026-02-04T16:05:00
I00643,U040,F044,save,,2026-01-27T14:18:00
I00644,U045,F097,click,,2026-02-05T15:23:00
I00645,U012,F074,save,,2026-01-30T03:24:00
I00646,U047,F035,skip,,2026-02-18T06:41:00
I00647,U010,F095,click,,2026-01-23T14:23:00
I00648,U032,F018,click,,2026-03-08T18:13:00
I00649,U047,F041,dislike,,2026-03-13T19:22:00
I00650,U004,F051,like,,2026-01-28T08:40:00
I00651,U031,F081,click,,2026-02-03T12:19:00
I00652,U024,F072,click,,2026-02-14T00:40:00
I00653,U027,F016,save,,2026-03-19T06:47:00
I00654,U037,F074,save,,2026-02-06T12:07:00
I00655,U021,F087,click,,2026-02-27T02:40:00
I00656,U025,F079,save,,2026-01-19T05:43:00
I00657,U041,F044,save,,2026-02-21T02:26:00
I00658,U006,F021,like,,2026-03-25T09:56:00
I00659,U046,F035,dislike,,2026-02-26T12:23:00
I00660,U048,F076,save,,2026-01-22T06:16:00
I00661,U002,F017,skip,,2026-03-31T02:43:00
I00662,U014,F022,like,,2026-03-02T18:43:00
I00663,U004,F004,skip,,2026-01-11T03:32:00
I00664,U017,F080,save,,2026-02-19T10:33:00
I00665,U015,F032,skip,,2026-01-17T04:28:00
I00666,U034,F022,save,,2026-02-11T16:15:00
I00667,U030,F070,skip,,2026-01-18T23:48:00
I00668,U035,F023,skip,,2026-03-23T19:15:00
I00669,U028,F068,skip,,2026-02-14T16:26:00
I00670,U035,F030,skip,,2026-02-16T14:04:00
I00671,U017,F020,like,,2026-01-18T11:44:00
I00672,U019,F061,skip,,2026-03-04T16:17:00
I00673,U020,F002,skip,,2026-03-18T07:53:00
I00674,U001,F071,skip,,2026-03-13T14:55:00
I00675,U026,F032,click,,2026-02-19T12:54:00
I00676,U015,F034,save,,2026-03-08T20:55:00
I00677,U045,F088,save,,2026-03-10T09:10:00
I00678,U027,F025,dislike,,2026-02-07T03:46:00
I00679,U041,F059,like,,2026-03-21T16:47:00
I00680,U013,F042,like,,2026-03-10T00:45:00
I00681,U012,F014,like,,2026-02-26T00:16:00
I00682,U015,F012,save,,2026-02-13T14:20:00
I00683,U020,F064,skip,,2026-01-05T11:16:00
I00684,U006,F097,dislike,,2026-02-20T02:26:00
I00685,U035,F061,click,,2026-02-02T13:01:00
I00686,U001,F016,skip,,2026-02-19T15:07:00
I00687,U016,F095,dislike,,2026-01-13T17:47:00
I00688,U043,F027,skip,,2026-02-09T11:01:00
I00689,U011,F081,skip,,2026-03-12T17:46:00
I00690,U008,F033,dislike,,2026-02-16T01:46:00
I00691,U043,F028,dislike,,2026-02-25T11:04:00
I00692,U001,F022,skip,,2026-02-20T08:17:00
I00693,U001,F006,save,,2026-03-30T20:21:00
I00694,U010,F048,dislike,,2026-03-05T03:07:00
I00695,U044,F080,rating,4,2026-01-08T12:08:00
I00696,U042,F020,skip,,2026-01-17T16:39:00
I00697,U015,F041,skip,,2026-02-14T14:58:00
I00698,U047,F025,like,,2026-01-18T08:33:00
I00699,U003,F063,skip,,2026-03-11T23:47:00
I00700,U032,F025,skip,,2026-02-11T15:59:00
I00701,U018,F077,skip,,2026-01-09T18:07:00
I00702,U010,F058,like,,2026-02-16T15:29:00
I00703,U001,F100,like,,2026-01-24T00:38:00
I00704,U040,F047,dislike,,2026-01-09T22:28:00
I00705,U035,F050,save,,2026-03-12T05:15:00
I00706,U040,F037,save,,2026-01-15T03:17:00
I00707,U034,F085,click,,2026-01-17T06:05:00
I00708,U003,F026,like,,2026-01-05T19:29:00
I00709,U042,F050,skip,,2026-03-31T20:08:00
I00710,U017,F007,skip,,2026-01-10T00:26:00
I00711,U014,F084,click,,2026-01-11T15:58:00
I00712,U041,F008,click,,2026-02-23T12:35:00
I00713,U046,F008,dislike,,2026-01-06T02:24:00
I00714,U020,F010,click,,2026-01-13T03:27:00
I00715,U047,F030,dislike,,2026-03-09T22:25:00
I00716,U016,F073,dislike,,2026-03-13T14:10:00
I00717,U048,F014,skip,,2026-03-28T15:39:00
I00718,U045,F086,like,,2026-01-24T18:46:00
I00719,U026,F065,like,,2026-03-18T15:07:00
I00720,U023,F041,click,,2026-02-17T14:04:00
I00721,U049,F082,click,,2026-03-19T08:12:00
I00722,U037,F070,click,,2026-02-02T12:17:00
I00723,U029,F058,dislike,,2026-01-05T09:42:00
I00724,U039,F003,click,,2026-02-08T00:13:00
I00725,U020,F029,like,,2026-03-30T09:25:00
I00726,U036,F066,click,,2026-01-20T03:13:00
I00727,U003,F059,dislike,,2026-02-16T19:52:00
I00728,U016,F030,like,,2026-03-15T13:38:00
I00729,U037,F028,skip,,2026-03-03T05:54:00
I00730,U032,F089,click,,2026-01-13T20:19:00
I00731,U042,F039,click,,2026-02-18T02:40:00
I00732,U050,F008,dislike,,2026-02-25T14:13:00
I00733,U008,F099,save,,2026-03-19T00:23:00
I00734,U041,F100,dislike,,2026-03-09T01:24:00
I00735,U021,F070,dislike,,2026-03-31T07:32:00
I00736,U010,F007,click,,2026-02-27T20:18:00
I00737,U037,F065,like,,2026-02-20T05:03:00
I00738,U009,F044,save,,2026-01-07T18:42:00
I00739,U026,F034,save,,2026-03-31T04:27:00
I00740,U049,F018,dislike,,2026-02-20T22:15:00
I00741,U037,F026,click,,2026-03-09T08:24:00
I00742,U016,F010,like,,2026-03-29T19:39:00
I00743,U006,F015,skip,,2026-02-14T06:30:00
I00744,U021,F045,dislike,,2026-02-09T05:46:00
I00745,U023,F079,click,,2026-03-21T04:58:00
I00746,U029,F006,dislike,,2026-03-29T12:45:00
I00747,U010,F097,dislike,,2026-01-07T08:17:00
I00748,U040,F019,click,,2026-01-02T11:43:00
I00749,U045,F015,save,,2026-02-12T07:08:00
I00750,U048,F069,save,,2026-02-03T18:43:00
I00751,U031,F080,dislike,,2026-03-31T22:48:00
I00752,U002,F049,skip,,2026-01-06T08:43:00
I00753,U011,F008,click,,2026-03-21T09:15:00
I00754,U004,F060,dislike,,2026-02-19T22:32:00
I00755,U018,F085,skip,,2026-01-14T00:39:00
I00756,U019,F084,rating,4,2026-02-10T16:32:00
I00757,U039,F069,like,,2026-02-28T19:08:00
I00758,U046,F003,rating,5,2026-02-12T16:43:00
I00759,U026,F096,like,,2026-02-15T12:07:00
I00760,U041,F039,rating,5,2026-01-08T21:21:00
I00761,U017,F050,click,,2026-01-04T18:56:00
I00762,U018,F029,click,,2026-03-26T04:41:00
I00763,U006,F094,click,,2026-03-20T21:21:00
I00764,U044,F030,skip,,2026-02-24T10:39:00
I00765,U039,F043,dislike,,2026-03-25T04:43:00
I00766,U038,F070,dislike,,2026-01-18T10:32:00
I00767,U045,F091,click,,2026-02-25T04:57:00
I00768,U042,F073,dislike,,2026-03-13T18:11:00
I00769,U047,F016,click,,2026-01-19T01:00:00
I00770,U049,F041,skip,,2026-02-22T10:21:00
I00771,U029,F096,click,,2026-02-05T05:11:00
I00772,U050,F025,like,,2026-03-20T21:03:00
I00773,U018,F078,like,,2026-01-30T07:52:00
I00774,U044,F004,save,,2026-03-03T04:34:00
I00775,U033,F078,skip,,2026-01-24T13:13:00
I00776,U032,F061,like,,2026-01-05T13:56:00
I00777,U049,F002,click,,2026-01-29T22:54:00
I00778,U013,F097,like,,2026-02-26T21:03:00
I00779,U032,F089,save,,2026-02-01T14:35:00
I00780,U026,F100,click,,2026-02-18T10:40:00
I00781,U026,F079,skip,,2026-03-10T17:55:00
I00782,U042,F091,skip,,2026-02-27T15:35:00
I00783,U003,F032,dislike,,2026-01-06T19:02:00
I00784,U025,F067,rating,4,2026-02-07T15:00:00
I00785,U026,F039,dislike,,2026-01-22T14:25:00
I00786,U019,F079,skip,,2026-01-19T15:49:00
I00787,U042,F058,save,,2026-01-24T19:58:00
I00788,U045,F070,like,,2026-02-27T00:51:00
I00789,U012,F059,skip,,2026-01-26T15:31:00
I00790,U006,F033,save,,2026-01-21T04:13:00
I00791,U006,F015,skip,,2026-01-11T17:52:00
I00792,U046,F050,click,,2026-03-20T05:27:00
I00793,U025,F071,click,,2026-02-12T19:18:00
I00794,U043,F020,like,,2026-01-07T14:19:00
I00795,U020,F040,click,,2026-02-06T21:22:00
I00796,U012,F016,click,,2026-01-01T21:15:00
I00797,U049,F033,save,,2026-03-05T18:33:00
I00798,U001,F078,dislike,,2026-03-17T22:30:00
I00799,U031,F059,like,,2026-03-18T00:13:00
I00800,U016,F071,save,,2026-01-27T01:40:00
I00801,U012,F019,like,,2026-01-19T01:06:00
I00802,U043,F074,dislike,,2026-01-12T01:40:00
I00803,U007,F054,dislike,,2026-02-06T20:51:00
I00804,U043,F089,skip,,2026-03-13T06:03:00
I00805,U030,F096,rating,4,2026-02-08T11:01:00
I00806,U024,F049,skip,,2026-03-12T02:12:00
I00807,U019,F061,save,,2026-02-05T11:14:00
I00808,U034,F053,skip,,2026-03-20T01:59:00
I00809,U007,F074,skip,,2026-01-12T16:30:00
I00810,U047,F089,skip,,2026-02-06T14:34:00
I00811,U039,F041,save,,2026-03-21T12:04:00
I00812,U009,F079,skip,,2026-03-22T16:59:00
I00813,U032,F024,dislike,,2026-02-07T06:36:00
I00814,U001,F016,save,,2026-01-16T07:04:00
I00815,U040,F054,like,,2026-03-13T21:45:00
I00816,U014,F002,save,,2026-02-02T02:18:00
I00817,U020,F039,dislike,,2026-01-01T03:53:00
I00818,U044,F043,click,,2026-03-20T00:59:00
I00819,U012,F025,dislike,,2026-03-28T16:21:00
I00820,U031,F005,save,,2026-03-22T15:43:00
I00821,U035,F043,click,,2026-01-08T17:47:00
I00822,U020,F073,dislike,,2026-03-10T00:38:00
I00823,U014,F074,skip,,2026-02-15T02:15:00
I00824,U010,F036,dislike,,2026-02-18T21:23:00
I00825,U035,F022,dislike,,2026-03-18T03:59:00
I00826,U049,F040,dislike,,2026-01-05T09:16:00
I00827,U027,F012,like,,2026-02-27T10:19:00
I00828,U014,F068,like,,2026-01-05T06:53:00
I00829,U006,F057,skip,,2026-03-06T05:15:00
I00830,U013,F044,skip,,2026-03-09T10:35:00
I00831,U050,F042,click,,2026-03-08T23:05:00
I00832,U009,F027,save,,2026-03-08T03:57:00
I00833,U001,F040,skip,,2026-03-18T02:58:00
I00834,U022,F060,dislike,,2026-03-26T10:39:00
I00835,U002,F074,skip,,2026-01-27T10:57:00
I00836,U013,F025,skip,,2026-02-26T22:54:00
I00837,U008,F035,like,,2026-01-02T21:15:00
I00838,U036,F066,save,,2026-03-12T10:52:00
I00839,U018,F019,click,,2026-03-15T08:21:00
I00840,U011,F010,click,,2026-03-11T15:08:00
I00841,U004,F017,rating,4,2026-01-14T13:05:00
I00842,U004,F012,like,,2026-03-18T20:13:00
I00843,U041,F089,save,,2026-02-09T11:20:00
I00844,U013,F092,click,,2026-01-11T15:53:00
I00845,U037,F017,click,,2026-03-31T15:59:00
I00846,U007,F059,save,,2026-03-01T16:03:00
I00847,U015,F029,click,,2026-02-03T12:24:00
I00848,U026,F024,skip,,2026-02-11T15:28:00
I00849,U032,F004,like,,2026-03-03T15:44:00
I00850,U011,F037,skip,,2026-01-17T17:20:00
I00851,U007,F052,skip,,2026-02-11T18:58:00
I00852,U042,F010,skip,,2026-02-21T20:09:00
I00853,U027,F031,skip,,2026-03-03T13:06:00
I00854,U005,F044,save,,2026-02-25T14:51:00
I00855,U037,F044,dislike,,2026-03-26T22:51:00
I00856,U005,F095,skip,,2026-03-04T03:54:00
I00857,U038,F077,skip,,2026-02-26T06:00:00
I00858,U020,F052,like,,2026-03-18T12:56:00
I00859,U021,F064,like,,2026-01-28T04:44:00
I00860,U038,F097,dislike,,2026-01-19T22:33:00
I00861,U010,F058,like,,2026-03-15T15:15:00
I00862,U013,F027,dislike,,2026-03-14T23:11:00
I00863,U020,F056,click,,2026-01-12T19:53:00
I00864,U001,F079,skip,,2026-01-17T10:02:00
I00865,U004,F048,click,,2026-01-01T19:06:00
I00866,U023,F015,click,,2026-01-31T14:44:00
I00867,U045,F076,like,,2026-02-18T13:51:00
I00868,U025,F056,skip,,2026-03-02T04:44:00
I00869,U013,F072,rating,5,2026-01-20T09:50:00
I00870,U043,F017,like,,2026-01-03T04:54:00
I00871,U047,F063,click,,2026-01-18T02:53:00
I00872,U009,F083,click,,2026-03-31T20:37:00
I00873,U028,F080,save,,2026-03-12T15:21:00
I00874,U025,F046,like,,2026-01-01T19:43:00
I00875,U032,F094,save,,2026-02-22T18:38:00
I00876,U037,F047,like,,2026-03-03T12:34:00
I00877,U008,F075,save,,2026-01-19T17:58:00
I00878,U049,F100,save,,2026-03-08T20:49:00
I00879,U006,F032,skip,,2026-03-27T02:39:00
I00880,U044,F082,skip,,2026-03-20T01:48:00
I00881,U022,F069,skip,,2026-03-07T16:00:00
I00882,U037,F094,like,,2026-02-07T09:52:00
I00883,U011,F005,skip,,2026-02-08T19:14:00
I00884,U017,F008,skip,,2026-03-15T01:45:00
I00885,U043,F038,skip,,2026-02-06T16:32:00
I00886,U006,F017,click,,2026-02-05T08:36:00
I00887,U009,F079,click,,2026-01-02T03:48:00
I00888,U039,F023,skip,,2026-03-26T15:14:00
I00889,U024,F023,click,,2026-03-04T06:10:00
I00890,U034,F005,like,,2026-01-19T20:19:00
I00891,U010,F064,skip,,2026-02-19T08:07:00
I00892,U043,F057,dislike,,2026-03-15T11:46:00
I00893,U004,F083,click,,2026-01-07T05:43:00
I00894,U030,F052,save,,2026-03-10T07:58:00
I00895,U025,F088,skip,,2026-01-19T18:06:00
I00896,U028,F002,click,,2026-02-18T23:09:00
I00897,U021,F068,dislike,,2026-03-10T21:45:00
I00898,U023,F056,skip,,2026-02-04T11:26:00
I00899,U018,F035,dislike,,2026-03-16T13:21:00
I00900,U030,F099,like,,2026-03-28T20:05:00
I00901,U050,F025,skip,,2026-01-24T10:41:00
I00902,U036,F002,click,,2026-01-02T14:02:00
I00903,U007,F068,like,,2026-01-29T09:40:00
I00904,U017,F025,save,,2026-01-08T20:16:00
I00905,U043,F028,skip,,2026-01-16T02:56:00
I00906,U039,F017,skip,,2026-03-24T19:19:00
I00907,U012,F015,dislike,,2026-03-01T22:32:00
I00908,U005,F082,click,,2026-02-24T23:37:00
I00909,U043,F099,dislike,,2026-01-10T09:27:00
I00910,U050,F008,like,,2026-01-08T08:48:00
I00911,U017,F023,skip,,2026-01-26T20:49:00
I00912,U026,F023,dislike,,2026-03-11T14:43:00
I00913,U014,F079,rating,5,2026-01-14T01:11:00
I00914,U005,F010,dislike,,2026-02-27T00:38:00
I00915,U032,F020,dislike,,2026-01-05T22:41:00
I00916,U025,F035,like,,2026-02-20T19:36:00
I00917,U001,F066,skip,,2026-03-03T14:53:00
I00918,U026,F094,skip,,2026-03-11T07:42:00
I00919,U001,F050,click,,2026-03-03T04:08:00
I00920,U037,F069,dislike,,2026-03-29T10:20:00
I00921,U026,F008,click,,2026-01-12T12:28:00
I00922,U035,F044,save,,2026-02-07T22:06:00
I00923,U013,F023,click,,2026-03-26T06:31:00
I00924,U020,F090,like,,2026-03-30T12:15:00
I00925,U032,F011,skip,,2026-01-25T04:46:00
I00926,U003,F025,rating,4,2026-03-04T13:16:00
I00927,U005,F070,save,,2026-02-27T00:33:00
I00928,U003,F044,click,,2026-01-06T13:50:00
I00929,U008,F028,skip,,2026-02-28T23:08:00
I00930,U035,F020,dislike,,2026-01-10T01:15:00
I00931,U048,F019,like,,2026-03-21T01:33:00
I00932,U016,F090,dislike,,2026-03-22T01:42:00
I00933,U020,F013,dislike,,2026-03-17T02:10:00
I00934,U007,F015,click,,2026-01-29T02:09:00
I00935,U013,F055,click,,2026-03-28T13:43:00
I00936,U021,F016,skip,,2026-01-18T10:58:00
I00937,U014,F098,like,,2026-01-09T04:07:00
I00938,U018,F019,dislike,,2026-02-17T18:53:00
I00939,U011,F057,save,,2026-01-18T03:24:00
I00940,U041,F079,like,,2026-03-04T02:45:00
I00941,U001,F001,like,,2026-03-25T20:15:00
I00942,U019,F054,skip,,2026-03-02T23:37:00
I00943,U009,F027,like,,2026-02-27T14:03:00
I00944,U016,F023,dislike,,2026-01-24T17:03:00
I00945,U040,F012,skip,,2026-02-14T14:17:00
I00946,U001,F072,like,,2026-03-09T03:15:00
I00947,U040,F047,click,,2026-03-06T07:29:00
I00948,U030,F099,like,,2026-01-07T06:36:00
I00949,U008,F020,click,,2026-03-02T16:58:00
I00950,U012,F021,dislike,,2026-03-24T12:25:00
I00951,U019,F027,dislike,,2026-02-28T01:28:00
I00952,U007,F095,save,,2026-01-21T00:59:00
I00953,U032,F066,click,,2026-02-26T20:13:00
I00954,U038,F042,skip,,2026-02-11T07:51:00
I00955,U050,F015,dislike,,2026-02-22T06:49:00
I00956,U025,F029,save,,2026-01-07T14:52:00
I00957,U010,F028,skip,,2026-02-19T12:44:00
I00958,U009,F059,skip,,2026-02-04T06:54:00
I00959,U022,F017,save,,2026-02-05T04:39:00
I00960,U008,F060,like,,2026-02-13T07:30:00
I00961,U019,F078,click,,2026-03-20T05:48:00
I00962,U037,F071,dislike,,2026-03-08T16:41:00
I00963,U014,F076,save,,2026-01-02T14:36:00
I00964,U048,F032,like,,2026-01-29T20:11:00
I00965,U010,F074,skip,,2026-01-06T01:22:00
I00966,U031,F094,dislike,,2026-03-09T13:27:00
I00967,U031,F090,skip,,2026-01-31T02:50:00
I00968,U036,F097,click,,2026-01-28T04:31:00
I00969,U023,F038,rating,4,2026-03-03T22:50:00
I00970,U020,F021,click,,2026-03-16T00:49:00
I00971,U030,F060,click,,2026-02-21T06:18:00
I00972,U024,F081,save,,2026-03-22T02:24:00
I00973,U025,F089,like,,2026-02-24T09:12:00
I00974,U045,F079,skip,,2026-03-29T02:45:00
I00975,U040,F043,dislike,,2026-03-28T12:25:00
I00976,U004,F015,save,,2026-01-06T12:28:00
I00977,U024,F023,click,,2026-03-13T06:59:00
I00978,U009,F043,like,,2026-03-03T19:48:00
I00979,U045,F027,skip,,2026-02-11T12:02:00
I00980,U018,F065,dislike,,2026-01-09T12:43:00
I00981,U023,F058,skip,,2026-01-16T16:02:00
I00982,U046,F069,skip,,2026-02-07T15:25:00
I00983,U040,F048,rating,4,2026-01-25T15:37:00
I00984,U006,F011,like,,2026-01-10T03:43:00
I00985,U011,F036,like,,2026-01-20T06:58:00
I00986,U034,F081,like,,2026-03-29T18:28:00
I00987,U009,F061,like,,2026-03-24T00:43:00
I00988,U019,F025,click,,2026-01-30T17:44:00
I00989,U042,F043,like,,2026-03-24T11:08:00
I00990,U032,F076,skip,,2026-03-12T15:11:00
I00991,U030,F039,click,,2026-02-09T05:51:00
I00992,U017,F030,click,,2026-01-07T05:03:00
I00993,U023,F037,dislike,,2026-01-21T18:16:00
I00994,U019,F024,click,,2026-03-30T22:44:00
I00995,U010,F021,dislike,,2026-02-10T19:36:00
I00996,U009,F057,like,,2026-03-13T01:11:00
I00997,U043,F041,dislike,,2026-02-27T18:25:00
I00998,U011,F069,rating,5,2026-03-05T04:57:00
I00999,U030,F041,rating,5,2026-03-24T10:05:00
I01000,U031,F038,skip,,2026-03-15T22:45:00
I01001,U010,F073,click,,2026-02-13T23:31:00
I01002,U008,F094,dislike,,2026-03-28T18:48:00
I01003,U008,F040,save,,2026-01-29T15:13:00
I01004,U023,F012,save,,2026-01-25T19:54:00
I01005,U034,F029,skip,,2026-01-26T00:46:00
I01006,U006,F069,skip,,2026-01-12T17:28:00
I01007,U026,F025,skip,,2026-03-07T01:54:00
I01008,U043,F047,click,,2026-02-24T12:37:00
I01009,U025,F048,like,,2026-02-09T15:12:00
I01010,U036,F012,click,,2026-02-23T15:06:00
I01011,U019,F021,click,,2026-02-24T14:08:00
I01012,U009,F076,dislike,,2026-02-08T16:12:00
I01013,U034,F043,rating,5,2026-01-12T00:13:00
I01014,U027,F082,skip,,2026-03-13T15:46:00
I01015,U046,F073,dislike,,2026-01-24T13:01:00
I01016,U019,F071,click,,2026-02-08T19:58:00
I01017,U020,F064,save,,2026-01-04T00:05:00
I01018,U010,F034,save,,2026-03-23T16:07:00
I01019,U008,F084,dislike,,2026-01-23T16:47:00
I01020,U045,F083,like,,2026-02-05T16:49:00
I01021,U005,F077,skip,,2026-03-14T14:53:00
I01022,U017,F081,click,,2026-01-16T12:44:00
I01023,U033,F094,click,,2026-01-21T19:51:00
I01024,U004,F019,click,,2026-01-18T12:11:00
I01025,U011,F007,like,,2026-02-15T01:39:00
I01026,U019,F038,click,,2026-03-07T06:36:00
I01027,U050,F081,like,,2026-01-22T18:33:00
I01028,U021,F041,skip,,2026-02-08T09:15:00
I01029,U044,F090,dislike,,2026-03-16T12:00:00
I01030,U010,F002,like,,2026-03-04T14:03:00
I01031,U022,F021,like,,2026-01-29T06:25:00
I01032,U036,F079,click,,2026-03-10T18:48:00
I01033,U045,F097,skip,,2026-01-10T03:58:00
I01034,U009,F003,like,,2026-02-16T04:44:00
I01035,U029,F077,click,,2026-01-23T10:23:00
I01036,U002,F096,dislike,,2026-03-30T04:51:00
I01037,U045,F030,like,,2026-01-11T14:30:00
I01038,U045,F098,dislike,,2026-03-03T14:43:00
I01039,U003,F026,click,,2026-03-07T20:14:00
I01040,U004,F061,like,,2026-01-09T10:17:00
I01041,U043,F002,skip,,2026-03-19T07:00:00
I01042,U038,F026,like,,2026-01-12T04:58:00
I01043,U048,F036,dislike,,2026-01-21T17:05:00
I01044,U050,F094,skip,,2026-01-09T03:22:00
I01045,U038,F098,like,,2026-01-25T09:37:00
I01046,U011,F097,rating,4,2026-01-28T17:12:00
I01047,U046,F061,save,,2026-02-26T22:59:00
I01048,U007,F024,click,,2026-02-24T07:18:00
I01049,U033,F030,skip,,2026-02-10T04:13:00
I01050,U030,F015,save,,2026-02-16T09:50:00
I01051,U036,F093,like,,2026-01-15T13:08:00
I01052,U019,F059,like,,2026-02-26T07:42:00
I01053,U036,F053,click,,2026-01-25T02:22:00
I01054,U031,F087,like,,2026-03-28T16:46:00
I01055,U044,F014,skip,,2026-03-28T02:54:00
I01056,U008,F019,save,,2026-01-14T05:45:00
I01057,U005,F047,dislike,,2026-03-18T13:47:00
I01058,U008,F030,skip,,2026-02-05T19:51:00
I01059,U038,F035,click,,2026-02-21T12:09:00
I01060,U031,F086,like,,2026-03-04T17:27:00
I01061,U018,F019,dislike,,2026-02-02T16:42:00
I01062,U032,F030,dislike,,2026-01-13T01:48:00
I01063,U005,F064,click,,2026-02-18T20:38:00
I01064,U044,F042,save,,2026-01-13T02:36:00
I01065,U043,F097,save,,2026-03-01T06:53:00
I01066,U019,F085,skip,,2026-03-11T11:43:00
I01067,U035,F070,click,,2026-02-25T04:03:00
I01068,U025,F058,like,,2026-02-28T01:13:00
I01069,U003,F023,click,,2026-02-08T05:36:00
I01070,U032,F056,skip,,2026-03-04T03:44:00
I01071,U037,F087,skip,,2026-03-11T19:31:00
I01072,U031,F061,dislike,,2026-01-08T13:21:00
I01073,U017,F064,dislike,,2026-03-28T12:02:00
I01074,U050,F037,like,,2026-01-06T04:22:00
I01075,U024,F045,skip,,2026-03-22T11:38:00
I01076,U025,F013,rating,5,2026-02-14T01:55:00
I01077,U043,F032,skip,,2026-03-17T02:53:00
I01078,U045,F009,dislike,,2026-01-22T00:40:00
I01079,U035,F042,save,,2026-02-24T19:23:00
I01080,U033,F054,skip,,2026-03-17T00:45:00
I01081,U021,F049,like,,2026-01-13T16:40:00
I01082,U007,F089,dislike,,2026-03-06T22:46:00
I01083,U022,F022,dislike,,2026-02-25T06:53:00
I01084,U032,F082,skip,,2026-03-10T07:18:00
I01085,U019,F034,rating,5,2026-01-29T21:19:00
I01086,U048,F012,skip,,2026-03-17T11:29:00
I01087,U018,F009,skip,,2026-02-24T07:09:00
I01088,U023,F010,dislike,,2026-02-08T14:46:00
I01089,U043,F070,like,,2026-02-02T21:19:00
I01090,U033,F059,skip,,2026-01-03T21:25:00
I01091,U046,F067,skip,,2026-01-28T22:33:00
I01092,U048,F060,save,,2026-03-20T14:48:00
I01093,U037,F094,save,,2026-02-16T15:47:00
I01094,U010,F031,save,,2026-02-08T14:51:00
I01095,U027,F041,click,,2026-03-23T06:56:00
I01096,U027,F035,skip,,2026-02-02T23:26:00
I01097,U039,F031,dislike,,2026-01-25T00:56:00
I01098,U016,F040,save,,2026-02-25T14:24:00
I01099,U042,F005,like,,2026-01-04T08:49:00
I01100,U018,F085,save,,2026-01-06T16:35:00
I01101,U002,F008,dislike,,2026-03-19T10:10:00
I01102,U005,F053,skip,,2026-01-12T13:32:00
I01103,U047,F018,skip,,2026-03-06T04:07:00
I01104,U034,F086,click,,2026-03-09T08:35:00
I01105,U032,F012,like,,2026-02-10T11:14:00
I01106,U038,F095,click,,2026-01-31T14:26:00
I01107,U014,F019,like,,2026-02-05T15:00:00
I01108,U027,F033,dislike,,2026-03-10T12:47:00
I01109,U045,F015,like,,2026-03-29T08:24:00
I01110,U018,F019,click,,2026-02-09T00:43:00
I01111,U042,F078,click,,2026-01-07T23:34:00
I01112,U043,F031,like,,2026-03-23T23:54:00
I01113,U024,F088,click,,2026-02-26T13:15:00
I01114,U001,F051,click,,2026-02-08T03:04:00
I01115,U049,F031,click,,2026-01-21T14:58:00
I01116,U041,F041,skip,,2026-02-22T01:09:00
I01117,U018,F011,click,,2026-03-02T14:05:00
I01118,U022,F092,rating,4,2026-01-21T23:50:00
I01119,U017,F065,like,,2026-03-12T11:09:00
I01120,U030,F089,like,,2026-03-24T06:16:00
I01121,U041,F057,dislike,,2026-02-21T06:49:00
I01122,U041,F040,like,,2026-01-21T08:31:00
I01123,U034,F092,click,,2026-01-17T20:16:00
I01124,U044,F053,dislike,,2026-03-03T04:33:00
I01125,U017,F023,click,,2026-02-06T06:46:00
I01126,U006,F054,like,,2026-02-18T19:28:00
I01127,U015,F003,click,,2026-03-24T20:53:00
I01128,U041,F030,click,,2026-01-26T08:56:00
I01129,U045,F022,save,,2026-03-18T08:52:00
I01130,U010,F012,dislike,,2026-03-14T04:00:00
I01131,U001,F092,click,,2026-02-28T22:59:00
I01132,U032,F016,like,,2026-02-04T09:49:00
I01133,U048,F064,like,,2026-01-27T20:28:00
I01134,U014,F037,dislike,,2026-01-24T13:56:00
I01135,U010,F004,like,,2026-03-21T15:23:00
I01136,U016,F048,skip,,2026-01-11T00:21:00
I01137,U031,F018,click,,2026-02-20T23:26:00
I01138,U014,F092,like,,2026-03-18T08:44:00
I01139,U005,F013,dislike,,2026-01-31T16:04:00
I01140,U023,F078,click,,2026-03-18T01:33:00
I01141,U001,F033,like,,2026-02-20T22:54:00
I01142,U024,F017,skip,,2026-03-16T06:07:00
I01143,U017,F022,click,,2026-03-01T04:30:00
I01144,U006,F041,skip,,2026-02-03T03:59:00
I01145,U021,F006,skip,,2026-02-05T12:18:00
I01146,U028,F037,dislike,,2026-02-03T17:38:00
I01147,U021,F056,dislike,,2026-03-04T05:09:00
I01148,U036,F085,skip,,2026-01-25T05:04:00
I01149,U004,F030,save,,2026-01-21T15:56:00
I01150,U028,F015,click,,2026-01-06T15:04:00
I01151,U023,F091,skip,,2026-01-15T05:03:00
I01152,U008,F045,click,,2026-01-24T05:44:00
I01153,U048,F066,skip,,2026-03-26T19:59:00
I01154,U014,F075,dislike,,2026-03-15T06:09:00
I01155,U027,F010,save,,2026-01-13T11:13:00
I01156,U002,F037,skip,,2026-02-20T12:45:00
I01157,U038,F014,dislike,,2026-01-11T15:42:00
I01158,U046,F085,save,,2026-02-04T20:16:00
I01159,U043,F001,like,,2026-03-21T15:27:00
I01160,U021,F094,click,,2026-03-14T04:24:00
I01161,U014,F007,dislike,,2026-01-08T02:24:00
I01162,U036,F078,like,,2026-01-23T08:11:00
I01163,U050,F052,click,,2026-01-21T13:15:00
I01164,U050,F052,skip,,2026-03-25T05:15:00
I01165,U008,F039,like,,2026-02-09T23:22:00
I01166,U039,F017,dislike,,2026-02-17T17:29:00
I01167,U013,F063,dislike,,2026-02-04T19:13:00
I01168,U039,F055,like,,2026-02-17T20:57:00
I01169,U012,F056,dislike,,2026-03-07T11:39:00
I01170,U030,F087,save,,2026-01-20T16:54:00
I01171,U034,F081,dislike,,2026-03-01T14:55:00
I01172,U006,F062,rating,5,2026-02-01T17:51:00
I01173,U028,F038,skip,,2026-01-06T17:31:00
I01174,U007,F066,like,,2026-03-26T19:24:00
I01175,U017,F046,like,,2026-03-06T00:33:00
I01176,U008,F095,dislike,,2026-01-24T13:24:00
I01177,U003,F011,skip,,2026-02-10T20:02:00
I01178,U047,F059,skip,,2026-02-03T11:39:00
I01179,U012,F028,click,,2026-03-19T08:51:00
I01180,U044,F014,dislike,,2026-02-20T03:58:00
I01181,U001,F022,skip,,2026-02-21T22:27:00
I01182,U048,F078,dislike,,2026-03-20T12:18:00
I01183,U045,F087,skip,,2026-02-08T02:59:00
I01184,U009,F018,like,,2026-01-03T23:45:00
I01185,U013,F004,save,,2026-03-25T08:15:00
I01186,U028,F081,skip,,2026-01-12T10:16:00
I01187,U050,F060,skip,,2026-01-15T05:40:00
I01188,U010,F095,click,,2026-03-02T00:40:00
I01189,U029,F075,like,,2026-02-20T01:44:00
I01190,U022,F002,click,,2026-02-25T14:11:00
I01191,U032,F095,skip,,2026-02-07T01:15:00
I01192,U032,F052,save,,2026-03-20T23:09:00
I01193,U032,F030,skip,,2026-02-24T19:40:00
I01194,U021,F071,click,,2026-02-23T16:09:00
I01195,U008,F064,skip,,2026-02-27T23:48:00
I01196,U028,F003,click,,2026-03-02T11:44:00
I01197,U029,F030,save,,2026-03-29T11:34:00
I01198,U039,F092,dislike,,2026-02-07T13:19:00
I01199,U027,F087,dislike,,2026-03-02T05:31:00
I01200,U040,F027,skip,,2026-03-27T16:28:00
I01201,U009,F023,save,,2026-01-13T14:11:00
I01202,U032,F039,save,,2026-01-03T12:14:00
I01203,U017,F046,dislike,,2026-03-06T01:05:00
I01204,U005,F044,skip,,2026-01-16T19:10:00
I01205,U015,F063,like,,2026-02-15T01:35:00
I01206,U050,F072,like,,2026-03-30T17:35:00
I01207,U039,F086,like,,2026-02-26T15:36:00
I01208,U049,F015,skip,,2026-03-20T03:28:00
I01209,U036,F006,dislike,,2026-01-16T07:00:00
I01210,U024,F021,skip,,2026-03-06T17:00:00
I01211,U047,F013,like,,2026-01-18T04:11:00
I01212,U013,F057,skip,,2026-01-01T08:22:00
I01213,U031,F044,like,,2026-02-04T12:42:00
I01214,U046,F097,skip,,2026-02-01T05:10:00
I01215,U049,F097,skip,,2026-01-18T14:38:00
I01216,U027,F053,click,,2026-03-08T23:17:00
I01217,U024,F004,skip,,2026-03-08T02:22:00
I01218,U006,F044,rating,4,2026-02-25T02:05:00
I01219,U026,F098,rating,4,2026-03-15T01:58:00
I01220,U041,F092,click,,2026-02-07T14:18:00
I01221,U026,F088,click,,2026-02-10T11:44:00
I01222,U001,F036,skip,,2026-01-19T23:54:00
I01223,U026,F058,click,,2026-03-21T21:06:00
I01224,U042,F057,click,,2026-03-25T13:48:00
I01225,U050,F026,dislike,,2026-03-10T11:25:00
I01226,U025,F093,click,,2026-03-08T18:27:00
I01227,U019,F028,save,,2026-03-08T11:37:00
I01228,U049,F082,like,,2026-03-11T20:13:00
I01229,U017,F031,dislike,,2026-02-24T17:14:00
I01230,U008,F094,like,,2026-03-22T17:19:00
I01231,U023,F016,save,,2026-01-16T15:19:00
I01232,U020,F074,skip,,2026-01-31T19:51:00
I01233,U037,F092,skip,,2026-03-10T20:19:00
I01234,U015,F045,save,,2026-03-15T22:57:00
I01235,U009,F092,click,,2026-01-14T11:11:00
I01236,U034,F075,click,,2026-02-28T03:20:00
I01237,U010,F092,like,,2026-01-12T02:07:00
I01238,U028,F017,like,,2026-02-17T23:06:00
I01239,U034,F052,skip,,2026-02-20T09:00:00
I01240,U038,F064,click,,2026-03-30T16:42:00
I01241,U047,F054,dislike,,2026-01-17T16:32:00
I01242,U046,F059,click,,2026-03-09T04:01:00
I01243,U045,F028,like,,2026-01-21T19:04:00
I01244,U024,F016,like,,2026-01-16T12:36:00
I01245,U037,F038,like,,2026-02-17T10:24:00
I01246,U024,F039,like,,2026-01-19T04:51:00
I01247,U038,F054,click,,2026-02-06T07:21:00
I01248,U012,F095,dislike,,2026-02-14T02:18:00
I01249,U003,F054,like,,2026-02-27T11:31:00
I01250,U025,F061,click,,2026-01-17T04:43:00
I01251,U033,F082,like,,2026-02-27T05:05:00
I01252,U047,F042,save,,2026-03-21T13:58:00
I01253,U025,F030,dislike,,2026-01-06T22:53:00
I01254,U029,F095,dislike,,2026-01-22T00:50:00
I01255,U037,F081,skip,,2026-03-13T22:01:00
I01256,U008,F083,like,,2026-03-21T18:29:00
I01257,U037,F097,save,,2026-01-25T16:14:00
I01258,U033,F003,rating,4,2026-01-03T09:23:00
I01259,U014,F032,click,,2026-03-16T15:09:00
I01260,U006,F069,skip,,2026-01-06T16:46:00
I01261,U002,F044,like,,2026-03-09T10:49:00
I01262,U025,F033,rating,4,2026-02-06T04:54:00
I01263,U012,F033,dislike,,2026-02-22T23:09:00
I01264,U011,F008,dislike,,2026-01-04T01:59:00
I01265,U020,F050,like,,2026-02-11T08:48:00
I01266,U025,F016,like,,2026-03-18T20:00:00
I01267,U016,F064,skip,,2026-01-15T09:11:00
I01268,U004,F041,skip,,2026-03-03T00:59:00
I01269,U027,F082,click,,2026-02-04T18:54:00
I01270,U038,F087,click,,2026-03-25T04:17:00
I01271,U020,F073,like,,2026-03-23T17:04:00
I01272,U014,F019,rating,4,2026-03-10T14:27:00
I01273,U036,F058,click,,2026-03-21T09:52:00
I01274,U042,F022,rating,5,2026-02-04T20:24:00
I01275,U017,F088,like,,2026-03-22T07:15:00
I01276,U038,F066,like,,2026-03-10T19:13:00
I01277,U005,F039,save,,2026-01-18T18:59:00
I01278,U018,F056,save,,2026-02-10T23:16:00
I01279,U022,F082,click,,2026-02-27T09:19:00
I01280,U016,F085,dislike,,2026-02-28T20:27:00
I01281,U022,F003,dislike,,2026-01-01T20:46:00
I01282,U031,F001,skip,,2026-02-22T18:58:00
I01283,U045,F091,like,,2026-01-11T22:09:00
I01284,U042,F010,click,,2026-03-27T15:11:00
I01285,U044,F016,click,,2026-03-18T12:13:00
I01286,U025,F023,click,,2026-01-02T04:15:00
I01287,U030,F048,skip,,2026-01-29T00:40:00
I01288,U049,F036,skip,,2026-01-25T03:04:00
I01289,U040,F081,click,,2026-01-30T16:51:00
I01290,U024,F005,rating,4,2026-01-01T06:41:00
I01291,U041,F051,like,,2026-03-06T16:51:00
I01292,U011,F071,click,,2026-03-28T23:17:00
I01293,U039,F073,save,,2026-01-09T04:20:00
I01294,U017,F073,click,,2026-02-05T06:32:00
I01295,U044,F003,skip,,2026-03-10T20:58:00
I01296,U017,F088,skip,,2026-02-24T21:52:00
I01297,U044,F084,rating,5,2026-02-22T09:21:00
I01298,U008,F088,skip,,2026-03-08T01:29:00
I01299,U047,F029,rating,5,2026-02-10T00:10:00
I01300,U026,F025,click,,2026-01-04T07:42:00
I01301,U045,F055,click,,2026-01-26T05:36:00
I01302,U022,F040,save,,2026-01-04T16:22:00
I01303,U028,F004,skip,,2026-02-12T08:32:00
I01304,U016,F014,click,,2026-01-07T11:23:00
I01305,U034,F031,skip,,2026-03-21T14:58:00
I01306,U049,F013,skip,,2026-01-11T02:04:00
I01307,U003,F049,click,,2026-01-09T04:21:00
I01308,U004,F057,save,,2026-02-25T02:14:00
I01309,U007,F087,like,,2026-02-18T13:42:00
I01310,U007,F080,dislike,,2026-03-18T22:31:00
I01311,U040,F002,save,,2026-02-24T21:10:00
I01312,U040,F013,rating,4,2026-02-28T17:39:00
I01313,U022,F076,like,,2026-03-18T02:18:00
I01314,U038,F025,dislike,,2026-03-07T08:44:00
I01315,U023,F054,skip,,2026-01-24T08:17:00
I01316,U009,F006,like,,2026-02-25T17:30:00
I01317,U042,F097,skip,,2026-03-11T04:58:00
I01318,U010,F061,like,,2026-02-17T00:16:00
I01319,U034,F076,dislike,,2026-01-31T17:18:00
I01320,U036,F007,dislike,,2026-01-26T21:51:00
I01321,U013,F009,save,,2026-03-30T23:36:00
I01322,U030,F077,click,,2026-03-14T11:27:00
I01323,U040,F039,like,,2026-02-28T01:26:00
I01324,U032,F029,skip,,2026-03-30T07:51:00
I01325,U030,F080,save,,2026-02-12T12:49:00
I01326,U014,F052,rating,5,2026-01-02T02:31:00
I01327,U023,F004,dislike,,2026-02-26T06:38:00
I01328,U041,F075,dislike,,2026-01-04T06:47:00
I01329,U013,F037,click,,2026-01-23T11:35:00
I01330,U036,F032,like,,2026-02-03T03:27:00
I01331,U002,F087,save,,2026-01-15T11:33:00
I01332,U014,F040,dislike,,2026-02-17T22:33:00
I01333,U011,F068,click,,2026-02-25T02:13:00
I01334,U008,F019,dislike,,2026-01-25T06:32:00
I01335,U035,F049,dislike,,2026-02-24T21:42:00
I01336,U016,F006,skip,,2026-03-10T10:02:00
I01337,U010,F042,save,,2026-02-05T04:18:00
I01338,U033,F075,dislike,,2026-01-11T16:03:00
I01339,U043,F079,save,,2026-03-24T17:22:00
I01340,U024,F064,dislike,,2026-02-17T17:56:00
I01341,U045,F062,skip,,2026-02-04T19:50:00
I01342,U026,F082,skip,,2026-01-05T07:04:00
I01343,U015,F026,like,,2026-01-28T10:26:00
I01344,U028,F049,rating,5,2026-02-02T18:47:00
I01345,U006,F018,dislike,,2026-03-08T12:00:00
I01346,U015,F075,save,,2026-02-13T14:32:00
I01347,U029,F060,like,,2026-03-05T10:49:00
I01348,U018,F049,like,,2026-02-03T22:01:00
I01349,U005,F046,dislike,,2026-03-06T17:30:00
I01350,U035,F083,like,,2026-01-30T03:21:00
I01351,U008,F010,skip,,2026-02-12T06:42:00
I01352,U044,F043,click,,2026-03-29T09:22:00
I01353,U013,F091,dislike,,2026-03-11T08:54:00
I01354,U001,F099,click,,2026-02-21T13:50:00
I01355,U038,F097,skip,,2026-03-07T05:05:00
I01356,U026,F030,click,,2026-03-02T07:58:00
I01357,U034,F076,skip,,2026-03-01T11:37:00
I01358,U006,F041,skip,,2026-03-31T14:15:00
I01359,U014,F057,skip,,2026-02-17T04:44:00
I01360,U037,F017,click,,2026-03-05T22:29:00
I01361,U023,F044,like,,2026-02-21T23:34:00
I01362,U035,F039,like,,2026-01-05T04:44:00
I01363,U010,F043,skip,,2026-03-19T19:35:00
I01364,U026,F049,like,,2026-03-10T13:11:00
I01365,U013,F061,save,,2026-02-27T21:48:00
I01366,U020,F012,save,,2026-01-23T01:05:00
I01367,U045,F078,like,,2026-01-09T13:10:00
I01368,U019,F027,skip,,2026-01-09T15:31:00
I01369,U004,F048,dislike,,2026-02-22T13:20:00
I01370,U011,F015,like,,2026-01-09T13:16:00
I01371,U014,F017,dislike,,2026-03-27T16:12:00
I01372,U011,F078,dislike,,2026-01-26T17:09:00
I01373,U046,F088,dislike,,2026-01-19T15:12:00
I01374,U005,F052,like,,2026-02-12T19:25:00
I01375,U032,F059,like,,2026-01-12T09:49:00
I01376,U042,F059,click,,2026-02-08T13:20:00
I01377,U040,F023,dislike,,2026-03-21T14:44:00
I01378,U030,F050,dislike,,2026-03-14T03:15:00
I01379,U026,F090,dislike,,2026-01-21T09:20:00
I01380,U041,F069,rating,4,2026-03-05T14:02:00
I01381,U049,F071,like,,2026-01-14T17:13:00
I01382,U050,F100,save,,2026-02-02T07:04:00
I01383,U033,F006,dislike,,2026-03-30T23:03:00
I01384,U048,F060,click,,2026-01-25T13:32:00
I01385,U003,F002,skip,,2026-01-18T11:09:00
I01386,U043,F096,save,,2026-01-11T18:43:00
I01387,U043,F032,skip,,2026-03-02T09:31:00
I01388,U011,F022,skip,,2026-01-23T10:02:00
I01389,U008,F069,dislike,,2026-03-27T00:22:00
I01390,U044,F035,like,,2026-01-28T01:10:00
I01391,U044,F069,skip,,2026-03-23T17:50:00
I01392,U042,F085,click,,2026-02-19T23:33:00
I01393,U020,F057,like,,2026-02-18T06:53:00
I01394,U016,F048,dislike,,2026-01-03T14:23:00
I01395,U002,F002,like,,2026-03-27T02:09:00
I01396,U015,F013,click,,2026-01-22T05:42:00
I01397,U003,F054,click,,2026-02-11T19:11:00
I01398,U041,F025,click,,2026-02-20T14:36:00
I01399,U008,F030,dislike,,2026-01-23T00:30:00
I01400,U026,F084,like,,2026-02-28T07:30:00
I01401,U005,F085,skip,,2026-02-17T01:29:00
I01402,U005,F028,click,,2026-03-05T03:28:00
I01403,U046,F069,click,,2026-03-14T05:51:00
I01404,U017,F013,click,,2026-03-31T13:15:00
I01405,U044,F099,dislike,,2026-03-23T23:28:00
I01406,U021,F086,like,,2026-03-19T19:58:00
I01407,U029,F049,skip,,2026-03-06T20:03:00
I01408,U046,F002,save,,2026-01-16T10:32:00
I01409,U016,F095,like,,2026-01-11T02:02:00
I01410,U009,F048,like,,2026-02-18T06:58:00
I01411,U042,F005,click,,2026-02-26T11:13:00
I01412,U009,F036,click,,2026-01-06T17:46:00
I01413,U027,F083,skip,,2026-01-30T11:18:00
I01414,U022,F032,like,,2026-03-27T08:28:00
I01415,U044,F090,skip,,2026-02-18T17:47:00
I01416,U021,F024,like,,2026-03-04T02:23:00
I01417,U013,F007,dislike,,2026-01-27T04:17:00
I01418,U006,F023,click,,2026-01-27T08:03:00
I01419,U033,F011,skip,,2026-01-22T06:44:00
I01420,U016,F055,like,,2026-02-06T19:40:00
I01421,U029,F082,click,,2026-03-03T02:43:00
I01422,U024,F051,skip,,2026-02-24T17:14:00
I01423,U040,F095,dislike,,2026-03-03T00:40:00
I01424,U049,F049,like,,2026-02-08T20:18:00
I01425,U035,F020,dislike,,2026-02-18T15:49:00
I01426,U020,F059,skip,,2026-03-03T02:27:00
I01427,U022,F018,dislike,,2026-01-25T00:08:00
I01428,U001,F065,dislike,,2026-02-21T14:11:00
I01429,U026,F096,save,,2026-03-24T20:04:00
I01430,U005,F053,click,,2026-01-16T13:08:00
I01431,U037,F021,like,,2026-02-02T11:53:00
I01432,U033,F091,skip,,2026-03-31T01:58:00
I01433,U042,F050,skip,,2026-02-01T16:18:00
I01434,U003,F047,save,,2026-03-31T22:43:00
I01435,U042,F019,save,,2026-03-29T05:01:00
I01436,U017,F032,click,,2026-01-21T00:25:00
I01437,U008,F099,click,,2026-02-19T13:34:00
I01438,U046,F076,dislike,,2026-01-25T14:26:00
I01439,U011,F055,like,,2026-03-10T22:28:00
I01440,U025,F076,like,,2026-01-12T03:43:00
I01441,U041,F074,dislike,,2026-01-19T09:10:00
I01442,U048,F027,dislike,,2026-02-09T00:13:00
I01443,U011,F063,like,,2026-03-31T14:15:00
I01444,U034,F054,skip,,2026-01-22T06:01:00
I01445,U024,F024,dislike,,2026-01-24T17:09:00
I01446,U008,F058,like,,2026-01-26T02:00:00
I01447,U048,F024,dislike,,2026-02-22T15:02:00
I01448,U041,F080,save,,2026-01-11T10:00:00
I01449,U006,F049,like,,2026-01-04T19:59:00
I01450,U016,F062,click,,2026-01-02T02:05:00
I01451,U018,F097,skip,,2026-01-06T03:18:00
I01452,U014,F067,dislike,,2026-03-08T09:04:00
I01453,U032,F061,skip,,2026-02-13T12:39:00
I01454,U044,F044,click,,2026-02-16T22:42:00
I01455,U026,F049,click,,2026-02-12T03:25:00
I01456,U001,F059,skip,,2026-01-18T00:52:00
I01457,U039,F016,dislike,,2026-03-31T08:29:00
I01458,U024,F058,skip,,2026-03-02T17:34:00
I01459,U027,F085,rating,5,2026-01-03T21:37:00
I01460,U024,F006,skip,,2026-03-28T15:09:00
I01461,U015,F078,skip,,2026-01-11T11:53:00
I01462,U028,F061,click,,2026-01-13T13:08:00
I01463,U019,F078,like,,2026-03-08T19:31:00
I01464,U046,F065,save,,2026-01-12T10:17:00
I01465,U044,F071,skip,,2026-02-27T03:56:00
I01466,U031,F085,like,,2026-01-22T22:31:00
I01467,U045,F012,rating,4,2026-01-21T11:08:00
I01468,U025,F099,click,,2026-03-27T16:15:00
I01469,U043,F016,click,,2026-03-23T16:47:00
I01470,U006,F089,dislike,,2026-03-15T20:30:00
I01471,U005,F083,rating,5,2026-03-25T21:55:00
I01472,U036,F056,dislike,,2026-01-15T09:55:00
I01473,U006,F015,click,,2026-01-25T03:57:00
I01474,U037,F048,like,,2026-02-18T19:41:00
I01475,U048,F001,save,,2026-01-25T13:14:00
I01476,U028,F041,skip,,2026-01-17T17:44:00
I01477,U043,F078,dislike,,2026-01-02T18:22:00
I01478,U030,F041,rating,4,2026-03-05T23:12:00
I01479,U030,F019,like,,2026-03-27T23:59:00
I01480,U003,F077,save,,2026-03-30T04:12:00
I01481,U018,F091,save,,2026-01-28T16:53:00
I01482,U019,F091,dislike,,2026-02-12T05:12:00
I01483,U046,F027,click,,2026-01-29T23:54:00
I01484,U048,F007,skip,,2026-03-04T13:22:00
I01485,U020,F085,dislike,,2026-01-03T18:42:00
I01486,U026,F044,skip,,2026-02-14T13:21:00
I01487,U026,F010,dislike,,2026-03-31T06:39:00
I01488,U045,F071,like,,2026-03-16T01:50:00
I01489,U046,F039,like,,2026-01-18T15:04:00
I01490,U045,F062,dislike,,2026-01-28T06:40:00
I01491,U048,F084,click,,2026-03-15T03:28:00
I01492,U044,F019,rating,4,2026-01-08T03:16:00
I01493,U023,F061,like,,2026-03-07T22:11:00
I01494,U022,F076,dislike,,2026-02-21T08:21:00
I01495,U003,F016,skip,,2026-03-30T20:20:00
I01496,U012,F084,skip,,2026-03-27T22:28:00
I01497,U006,F100,click,,2026-02-18T09:23:00
I01498,U041,F084,like,,2026-01-15T02:49:00
I01499,U008,F063,click,,2026-01-29T00:47:00
I01500,U038,F074,skip,,2026-03-30T03:13:00
I01501,U038,F024,click,,2026-03-31T14:48:00
I01502,U020,F074,like,,2026-03-10T06:18:00
I01503,U026,F090,save,,2026-03-10T18:05:00
I01504,U032,F009,save,,2026-03-25T04:14:00
I01505,U049,F097,save,,2026-01-16T06:10:00
I01506,U039,F089,save,,2026-02-10T04:11:00
I01507,U003,F017,skip,,2026-01-12T19:11:00
I01508,U017,F097,rating,5,2026-02-16T18:34:00
I01509,U011,F055,skip,,2026-02-01T10:15:00
I01510,U003,F067,dislike,,2026-03-10T15:11:00
I01511,U009,F074,dislike,,2026-02-15T20:41:00
I01512,U035,F066,like,,2026-01-06T08:05:00
I01513,U003,F025,click,,2026-01-28T04:34:00
I01514,U039,F071,like,,2026-01-17T21:14:00
I01515,U028,F010,like,,2026-03-25T05:34:00
I01516,U026,F059,like,,2026-02-24T23:42:00
I01517,U010,F069,save,,2026-02-04T21:36:00
I01518,U045,F083,like,,2026-03-26T22:06:00
I01519,U033,F078,click,,2026-02-10T14:48:00
I01520,U025,F004,dislike,,2026-02-04T04:15:00
I01521,U035,F015,skip,,2026-02-12T21:51:00
I01522,U006,F047,skip,,2026-01-19T07:42:00
I01523,U018,F002,rating,4,2026-02-18T03:35:00
I01524,U008,F023,click,,2026-03-17T16:42:00
I01525,U007,F068,save,,2026-02-06T18:49:00
I01526,U018,F078,like,,2026-02-10T13:17:00
I01527,U012,F045,skip,,2026-03-10T18:49:00
I01528,U039,F052,dislike,,2026-01-02T23:26:00
I01529,U033,F092,like,,2026-02-18T19:22:00
I01530,U048,F035,click,,2026-02-17T08:30:00
I01531,U044,F078,skip,,2026-02-26T12:04:00
I01532,U030,F065,rating,4,2026-02-09T21:41:00
I01533,U006,F040,dislike,,2026-01-12T21:39:00
I01534,U006,F010,click,,2026-01-22T19:38:00
I01535,U004,F011,skip,,2026-03-05T00:21:00
I01536,U028,F087,skip,,2026-03-03T16:59:00
I01537,U033,F088,click,,2026-03-31T04:15:00
I01538,U026,F002,click,,2026-01-01T14:30:00
I01539,U045,F069,dislike,,2026-03-26T18:01:00
I01540,U044,F078,like,,2026-01-22T23:01:00
I01541,U049,F068,dislike,,2026-02-16T04:33:00
I01542,U033,F046,skip,,2026-02-18T05:49:00
I01543,U024,F015,save,,2026-03-11T04:01:00
I01544,U019,F039,dislike,,2026-01-01T21:32:00
I01545,U037,F051,like,,2026-03-24T17:35:00
I01546,U003,F060,click,,2026-01-08T12:08:00
I01547,U001,F079,like,,2026-01-14T00:10:00
I01548,U023,F093,like,,2026-01-13T14:42:00
I01549,U032,F026,save,,2026-01-20T14:01:00
I01550,U008,F063,click,,2026-02-02T07:43:00
I01551,U031,F051,dislike,,2026-01-24T18:18:00
I01552,U018,F014,skip,,2026-02-26T05:31:00
I01553,U009,F046,dislike,,2026-01-26T03:46:00
I01554,U013,F037,like,,2026-02-12T01:04:00
I01555,U011,F086,save,,2026-03-27T09:04:00
I01556,U008,F054,skip,,2026-03-29T04:20:00
I01557,U021,F097,click,,2026-03-06T13:16:00
I01558,U009,F015,skip,,2026-01-17T05:18:00
I01559,U023,F065,save,,2026-01-07T23:09:00
I01560,U022,F055,skip,,2026-02-25T16:23:00
I01561,U019,F037,skip,,2026-02-01T21:04:00
I01562,U010,F094,dislike,,2026-01-15T08:59:00
I01563,U045,F032,skip,,2026-03-02T03:31:00
I01564,U045,F094,dislike,,2026-03-17T21:28:00
I01565,U041,F020,like,,2026-01-05T09:20:00
I01566,U013,F019,skip,,2026-01-12T01:44:00
I01567,U025,F053,click,,2026-01-30T07:34:00
I01568,U022,F055,save,,2026-03-24T01:45:00
I01569,U020,F015,like,,2026-02-14T14:16:00
I01570,U016,F041,dislike,,2026-01-01T01:46:00
I01571,U043,F096,like,,2026-02-05T20:42:00
I01572,U007,F056,rating,5,2026-02-12T10:23:00
I01573,U008,F013,skip,,2026-01-17T11:18:00
I01574,U024,F095,skip,,2026-03-17T18:03:00
I01575,U039,F048,like,,2026-03-16T13:06:00
I01576,U006,F014,click,,2026-01-16T01:24:00
I01577,U038,F084,dislike,,2026-02-27T03:22:00
I01578,U005,F070,like,,2026-03-02T06:53:00
I01579,U035,F093,like,,2026-02-23T18:47:00
I01580,U046,F033,skip,,2026-03-13T11:51:00
I01581,U024,F058,dislike,,2026-02-25T02:18:00
I01582,U031,F054,rating,4,2026-01-22T20:27:00
I01583,U018,F090,dislike,,2026-03-14T02:04:00
I01584,U045,F025,dislike,,2026-03-29T18:10:00
I01585,U033,F010,click,,2026-02-19T19:11:00
I01586,U050,F050,dislike,,2026-01-24T00:07:00
I01587,U011,F074,save,,2026-03-07T15:32:00
I01588,U033,F091,dislike,,2026-01-29T10:06:00
I01589,U046,F035,dislike,,2026-01-06T18:12:00
I01590,U016,F038,like,,2026-02-05T04:32:00
I01591,U018,F007,dislike,,2026-01-27T18:14:00
I01592,U008,F001,skip,,2026-02-17T11:04:00
I01593,U006,F091,dislike,,2026-01-18T13:56:00
I01594,U040,F038,like,,2026-01-02T12:08:00
I01595,U015,F094,dislike,,2026-01-03T18:20:00
I01596,U043,F100,skip,,2026-03-30T13:02:00
I01597,U042,F033,skip,,2026-03-12T07:02:00
I01598,U029,F029,dislike,,2026-03-22T13:29:00
I01599,U010,F058,click,,2026-02-17T05:03:00
I01600,U031,F012,save,,2026-01-23T06:26:00
I01601,U037,F063,dislike,,2026-02-06T00:43:00
I01602,U020,F021,click,,2026-03-29T20:44:00
I01603,U013,F009,like,,2026-02-28T22:01:00
I01604,U026,F013,dislike,,2026-01-02T20:35:00
I01605,U007,F049,like,,2026-01-02T21:59:00
I01606,U003,F017,dislike,,2026-01-19T21:24:00
I01607,U039,F002,dislike,,2026-01-14T18:30:00
I01608,U048,F044,dislike,,2026-01-18T16:23:00
I01609,U049,F073,click,,2026-02-09T11:19:00
I01610,U031,F020,save,,2026-02-04T21:25:00
I01611,U035,F016,like,,2026-03-11T10:07:00
I01612,U007,F066,skip,,2026-01-01T07:39:00
I01613,U002,F030,like,,2026-03-25T09:47:00
I01614,U015,F088,click,,2026-01-15T16:47:00
I01615,U011,F015,rating,5,2026-02-15T02:36:00
I01616,U040,F043,rating,4,2026-01-06T20:38:00
I01617,U010,F023,like,,2026-01-24T23:11:00
I01618,U028,F020,skip,,2026-03-21T09:47:00
I01619,U023,F014,save,,2026-02-17T09:03:00
I01620,U046,F010,click,,2026-01-20T22:23:00
I01621,U010,F041,like,,2026-03-03T02:17:00
I01622,U008,F074,skip,,2026-01-19T03:05:00
I01623,U021,F017,like,,2026-02-10T16:52:00
I01624,U028,F062,skip,,2026-03-23T11:22:00
I01625,U009,F084,dislike,,2026-03-12T16:58:00
I01626,U035,F069,save,,2026-01-30T13:07:00
I01627,U006,F075,skip,,2026-03-30T07:29:00
I01628,U045,F012,like,,2026-01-03T12:22:00
I01629,U036,F061,click,,2026-01-08T11:55:00
I01630,U024,F100,dislike,,2026-01-19T18:49:00
I01631,U027,F032,like,,2026-01-18T04:00:00
I01632,U045,F091,click,,2026-03-31T14:29:00
I01633,U024,F007,skip,,2026-01-10T16:16:00
I01634,U039,F021,like,,2026-01-11T08:21:00
I01635,U005,F002,click,,2026-01-20T06:13:00
I01636,U031,F096,save,,2026-02-08T16:02:00
I01637,U027,F093,click,,2026-03-30T00:27:00
I01638,U019,F015,click,,2026-01-05T20:37:00
I01639,U049,F023,dislike,,2026-02-24T23:12:00
I01640,U030,F071,dislike,,2026-03-15T17:07:00
I01641,U020,F091,rating,5,2026-01-12T17:48:00
I01642,U025,F017,skip,,2026-01-08T07:28:00
I01643,U026,F024,click,,2026-03-19T02:38:00
I01644,U045,F060,save,,2026-02-21T12:59:00
I01645,U011,F007,skip,,2026-01-25T09:12:00
I01646,U007,F014,save,,2026-02-12T00:57:00
I01647,U016,F037,like,,2026-01-28T20:22:00
I01648,U001,F097,dislike,,2026-01-26T21:47:00
I01649,U003,F031,rating,4,2026-03-14T16:30:00
I01650,U003,F007,click,,2026-01-02T12:10:00
I01651,U049,F037,skip,,2026-02-10T13:20:00
I01652,U047,F046,skip,,2026-01-13T11:18:00
I01653,U027,F095,skip,,2026-01-20T00:48:00
I01654,U038,F049,click,,2026-01-05T09:54:00
I01655,U011,F020,dislike,,2026-03-22T03:11:00
I01656,U046,F030,click,,2026-03-25T04:48:00
I01657,U050,F092,rating,5,2026-02-27T04:28:00
I01658,U022,F038,click,,2026-02-25T01:21:00
I01659,U046,F100,dislike,,2026-03-20T20:42:00
I01660,U005,F020,click,,2026-01-13T00:30:00
I01661,U010,F099,skip,,2026-01-12T17:01:00
I01662,U007,F059,rating,4,2026-01-09T09:33:00
I01663,U037,F047,like,,2026-02-28T08:48:00
I01664,U031,F033,like,,2026-01-18T04:13:00
I01665,U037,F063,click,,2026-02-21T13:57:00
I01666,U040,F088,like,,2026-03-21T10:42:00
I01667,U024,F011,skip,,2026-02-03T23:17:00
I01668,U003,F080,dislike,,2026-02-01T23:53:00
I01669,U036,F002,like,,2026-02-18T05:24:00
I01670,U037,F052,dislike,,2026-03-01T22:50:00
I01671,U006,F045,skip,,2026-03-01T03:43:00
I01672,U006,F024,click,,2026-02-20T14:47:00
I01673,U013,F052,like,,2026-03-19T16:35:00
I01674,U014,F090,dislike,,2026-02-28T01:18:00
I01675,U035,F020,dislike,,2026-01-28T10:55:00
I01676,U037,F005,skip,,2026-01-08T12:20:00
I01677,U028,F061,like,,2026-01-03T23:20:00
I01678,U028,F035,like,,2026-01-19T02:21:00
I01679,U018,F052,click,,2026-02-27T14:19:00
I01680,U034,F028,dislike,,2026-01-07T03:09:00
I01681,U028,F044,dislike,,2026-01-26T11:55:00
I01682,U027,F062,save,,2026-01-21T23:46:00
I01683,U028,F046,skip,,2026-01-02T19:08:00
I01684,U039,F026,save,,2026-03-20T04:56:00
I01685,U021,F086,click,,2026-02-10T00:29:00
I01686,U010,F059,skip,,2026-02-10T03:52:00
I01687,U044,F053,click,,2026-02-27T04:17:00
I01688,U041,F058,save,,2026-01-05T07:27:00
I01689,U048,F025,save,,2026-01-22T20:30:00
I01690,U025,F028,rating,4,2026-02-17T12:25:00
I01691,U002,F039,skip,,2026-01-16T23:52:00
I01692,U032,F084,skip,,2026-02-15T12:01:00
I01693,U035,F055,skip,,2026-01-15T06:00:00
I01694,U030,F055,save,,2026-01-21T18:31:00
I01695,U028,F049,save,,2026-03-29T14:55:00
I01696,U041,F037,click,,2026-01-13T02:59:00
I01697,U007,F012,skip,,2026-02-22T03:32:00
I01698,U032,F096,click,,2026-01-13T21:37:00
I01699,U029,F065,dislike,,2026-02-07T14:21:00
I01700,U014,F029,skip,,2026-01-15T06:40:00
I01701,U031,F016,click,,2026-03-01T14:05:00
I01702,U042,F091,dislike,,2026-02-17T07:38:00
I01703,U033,F037,save,,2026-02-09T14:09:00
I01704,U044,F031,rating,4,2026-01-02T00:53:00
I01705,U010,F048,skip,,2026-03-18T10:50:00
I01706,U022,F022,click,,2026-01-31T18:58:00
I01707,U026,F025,dislike,,2026-01-07T19:43:00
I01708,U028,F017,dislike,,2026-01-23T13:45:00
I01709,U021,F067,like,,2026-01-17T17:12:00
I01710,U008,F081,dislike,,2026-03-22T08:52:00
I01711,U036,F021,dislike,,2026-01-12T00:52:00
I01712,U028,F002,skip,,2026-01-04T21:05:00
I01713,U046,F070,dislike,,2026-02-18T00:51:00
I01714,U048,F094,save,,2026-03-22T12:13:00
I01715,U012,F031,dislike,,2026-01-25T18:16:00
I01716,U016,F093,skip,,2026-02-03T22:30:00
I01717,U004,F036,like,,2026-01-03T21:47:00
I01718,U038,F014,rating,4,2026-01-14T04:50:00
I01719,U019,F034,dislike,,2026-03-05T12:20:00
I01720,U014,F051,click,,2026-02-22T02:30:00
I01721,U032,F081,save,,2026-02-18T10:42:00
I01722,U041,F058,dislike,,2026-01-02T06:05:00
I01723,U043,F073,click,,2026-01-16T11:42:00
I01724,U023,F062,skip,,2026-01-01T05:24:00
I01725,U034,F095,like,,2026-03-19T01:00:00
I01726,U035,F003,click,,2026-01-28T12:27:00
I01727,U008,F028,like,,2026-01-11T23:36:00
I01728,U009,F035,like,,2026-01-12T11:53:00
I01729,U046,F071,skip,,2026-03-05T14:53:00
I01730,U033,F052,dislike,,2026-01-26T23:27:00
I01731,U046,F036,dislike,,2026-03-17T10:38:00
I01732,U011,F027,skip,,2026-02-27T14:27:00
I01733,U039,F096,dislike,,2026-01-14T20:43:00
I01734,U025,F055,like,,2026-03-22T02:11:00
I01735,U029,F022,click,,2026-02-02T20:01:00
I01736,U027,F038,click,,2026-03-09T12:01:00
I01737,U026,F004,click,,2026-02-24T06:20:00
I01738,U023,F032,save,,2026-02-17T04:57:00
I01739,U050,F041,like,,2026-01-02T11:13:00
I01740,U014,F060,dislike,,2026-01-30T19:10:00
I01741,U005,F050,like,,2026-01-28T03:30:00
I01742,U036,F036,click,,2026-03-27T02:33:00
I01743,U037,F083,skip,,2026-02-10T10:55:00
I01744,U013,F026,save,,2026-01-06T09:22:00
I01745,U027,F016,like,,2026-02-11T20:10:00
I01746,U025,F031,dislike,,2026-03-24T19:39:00
I01747,U001,F060,click,,2026-02-21T01:15:00
I01748,U035,F068,save,,2026-01-09T16:02:00
I01749,U007,F054,dislike,,2026-02-14T13:39:00
I01750,U006,F072,skip,,2026-01-07T13:25:00
I01751,U020,F090,skip,,2026-03-24T04:08:00
I01752,U024,F080,like,,2026-01-02T04:44:00
I01753,U007,F042,skip,,2026-01-29T05:48:00
I01754,U006,F025,click,,2026-03-10T00:10:00
I01755,U045,F007,click,,2026-01-15T01:38:00
I01756,U020,F010,save,,2026-02-18T09:12:00
I01757,U045,F022,skip,,2026-01-16T04:18:00
I01758,U021,F019,click,,2026-02-22T21:44:00
I01759,U029,F086,save,,2026-03-15T16:18:00
I01760,U043,F063,dislike,,2026-03-03T07:42:00
I01761,U006,F034,skip,,2026-02-15T19:03:00
I01762,U016,F085,click,,2026-03-30T02:39:00
I01763,U005,F064,like,,2026-01-28T15:58:00
I01764,U025,F025,dislike,,2026-03-17T18:00:00
I01765,U033,F041,dislike,,2026-02-28T22:22:00
I01766,U010,F065,like,,2026-02-16T13:09:00
I01767,U029,F080,click,,2026-01-25T02:20:00
I01768,U018,F055,like,,2026-03-15T22:07:00
I01769,U007,F019,like,,2026-01-15T08:12:00
I01770,U002,F059,like,,2026-03-26T18:07:00
I01771,U029,F046,rating,4,2026-02-15T14:43:00
I01772,U014,F020,like,,2026-02-12T01:48:00
I01773,U029,F035,dislike,,2026-02-18T14:25:00
I01774,U013,F038,like,,2026-02-05T18:04:00
I01775,U039,F064,dislike,,2026-01-07T22:03:00
I01776,U016,F015,like,,2026-01-05T19:38:00
I01777,U018,F031,like,,2026-01-29T21:10:00
I01778,U045,F092,like,,2026-01-29T23:36:00
I01779,U018,F064,skip,,2026-02-14T21:44:00
I01780,U019,F091,skip,,2026-01-13T06:19:00
I01781,U033,F090,skip,,2026-03-30T08:08:00
I01782,U011,F041,like,,2026-02-12T15:32:00
I01783,U010,F002,skip,,2026-01-03T06:03:00
I01784,U017,F010,click,,2026-01-02T20:16:00
I01785,U023,F061,skip,,2026-02-01T16:07:00
I01786,U008,F006,skip,,2026-02-07T07:47:00
I01787,U034,F065,like,,2026-01-13T03:24:00
I01788,U020,F095,save,,2026-02-14T18:37:00
I01789,U017,F085,like,,2026-01-02T12:02:00
I01790,U020,F091,save,,2026-03-26T20:20:00
I01791,U031,F015,save,,2026-03-23T00:42:00
I01792,U010,F053,save,,2026-01-19T12:11:00
I01793,U032,F004,skip,,2026-02-25T12:16:00
I01794,U014,F096,rating,5,2026-03-23T03:41:00
I01795,U018,F081,click,,2026-02-27T17:59:00
I01796,U012,F034,dislike,,2026-02-12T13:20:00
I01797,U038,F054,dislike,,2026-01-25T01:24:00
I01798,U038,F067,click,,2026-01-16T14:47:00
I01799,U030,F073,skip,,2026-02-06T03:45:00
I01800,U001,F064,dislike,,2026-03-29T05:07:00
I01801,U034,F038,skip,,2026-02-08T16:37:00
I01802,U019,F009,dislike,,2026-01-06T07:25:00
I01803,U019,F076,save,,2026-01-01T14:41:00
I01804,U023,F085,dislike,,2026-01-18T11:57:00
I01805,U019,F065,skip,,2026-01-20T02:56:00
I01806,U046,F035,click,,2026-02-25T19:58:00
I01807,U006,F038,skip,,2026-02-15T08:29:00
I01808,U044,F082,dislike,,2026-01-13T08:55:00
I01809,U020,F077,skip,,2026-03-28T11:00:00
I01810,U038,F018,dislike,,2026-01-18T14:12:00
I01811,U036,F026,like,,2026-03-14T21:26:00
I01812,U030,F070,click,,2026-02-25T03:16:00
I01813,U009,F068,like,,2026-03-29T12:12:00
I01814,U030,F046,like,,2026-02-22T15:44:00
I01815,U002,F072,click,,2026-01-12T04:47:00
I01816,U040,F039,skip,,2026-02-17T04:20:00
I01817,U040,F070,click,,2026-01-07T13:24:00
I01818,U009,F052,skip,,2026-03-08T15:42:00
I01819,U004,F011,click,,2026-03-25T03:39:00
I01820,U022,F077,like,,2026-03-03T23:34:00
I01821,U022,F008,save,,2026-03-07T01:48:00
I01822,U045,F027,skip,,2026-03-05T04:39:00
I01823,U015,F087,dislike,,2026-03-22T10:36:00
I01824,U047,F001,skip,,2026-01-26T03:54:00
I01825,U005,F001,click,,2026-03-08T03:18:00
I01826,U016,F027,like,,2026-03-06T15:08:00
I01827,U026,F008,dislike,,2026-03-03T06:16:00
I01828,U016,F070,save,,2026-02-26T22:27:00
I01829,U040,F016,save,,2026-01-24T04:50:00
I01830,U048,F085,save,,2026-03-31T18:39:00
I01831,U013,F061,like,,2026-01-13T20:05:00
I01832,U032,F048,dislike,,2026-03-31T03:39:00
I01833,U030,F054,dislike,,2026-02-06T15:36:00
I01834,U008,F073,save,,2026-01-05T22:01:00
I01835,U042,F085,like,,2026-02-15T04:45:00
I01836,U030,F093,dislike,,2026-01-21T12:12:00
I01837,U033,F065,rating,5,2026-03-07T02:08:00
I01838,U012,F084,save,,2026-03-14T11:34:00
I01839,U030,F092,dislike,,2026-03-26T10:20:00
I01840,U026,F009,skip,,2026-02-18T16:06:00
I01841,U039,F085,click,,2026-03-06T22:29:00
I01842,U034,F034,like,,2026-03-16T11:52:00
I01843,U038,F080,dislike,,2026-01-04T05:25:00
I01844,U015,F013,skip,,2026-03-28T16:15:00
I01845,U021,F098,skip,,2026-01-31T03:35:00
I01846,U012,F094,skip,,2026-02-23T02:11:00
I01847,U004,F079,dislike,,2026-01-10T15:04:00
I01848,U049,F048,click,,2026-01-23T10:57:00
I01849,U007,F090,like,,2026-03-23T19:35:00
I01850,U036,F026,save,,2026-03-28T09:45:00
I01851,U015,F026,like,,2026-03-09T06:33:00
I01852,U006,F075,rating,4,2026-01-27T01:08:00
I01853,U009,F001,skip,,2026-03-11T02:27:00
I01854,U022,F024,click,,2026-03-24T18:01:00
I01855,U032,F025,skip,,2026-03-02T17:05:00
I01856,U023,F046,skip,,2026-01-18T02:17:00
I01857,U029,F055,click,,2026-03-14T02:40:00
I01858,U009,F067,like,,2026-01-30T01:45:00
I01859,U039,F070,like,,2026-02-07T08:34:00
I01860,U025,F091,click,,2026-01-21T09:49:00
I01861,U005,F069,click,,2026-03-20T17:04:00
I01862,U020,F052,skip,,2026-01-15T19:53:00
I01863,U031,F034,dislike,,2026-02-23T08:54:00
I01864,U013,F043,dislike,,2026-01-27T18:40:00
I01865,U047,F043,skip,,2026-01-08T08:02:00
I01866,U032,F010,skip,,2026-03-20T23:59:00
I01867,U049,F005,dislike,,2026-02-23T20:25:00
I01868,U048,F079,click,,2026-03-03T04:25:00
I01869,U018,F093,like,,2026-03-06T07:41:00
I01870,U042,F045,dislike,,2026-01-30T00:43:00
I01871,U004,F004,click,,2026-03-10T20:45:00
I01872,U025,F088,dislike,,2026-03-03T01:46:00
I01873,U025,F099,like,,2026-03-31T14:34:00
I01874,U036,F018,like,,2026-03-20T12:33:00
I01875,U023,F025,rating,4,2026-01-30T03:08:00
I01876,U038,F002,click,,2026-03-10T19:23:00
I01877,U003,F002,dislike,,2026-01-08T02:36:00
I01878,U004,F017,dislike,,2026-02-10T11:56:00
I01879,U039,F084,click,,2026-01-17T20:41:00
I01880,U026,F062,skip,,2026-01-10T08:32:00
I01881,U035,F027,click,,2026-02-15T07:31:00
I01882,U029,F092,like,,2026-03-12T09:59:00
I01883,U042,F032,dislike,,2026-03-31T18:28:00
I01884,U033,F014,rating,5,2026-02-05T02:40:00
I01885,U014,F018,skip,,2026-02-09T18:52:00
I01886,U014,F016,click,,2026-01-19T01:13:00
I01887,U016,F090,skip,,2026-01-15T00:43:00
I01888,U032,F005,save,,2026-02-08T02:53:00
I01889,U004,F036,dislike,,2026-01-03T13:03:00
I01890,U025,F057,like,,2026-01-24T22:31:00
I01891,U028,F069,like,,2026-03-11T11:52:00
I01892,U002,F078,dislike,,2026-02-03T20:10:00
I01893,U014,F097,click,,2026-03-21T14:48:00
I01894,U028,F094,skip,,2026-01-14T18:53:00
I01895,U025,F093,dislike,,2026-03-10T15:49:00
I01896,U028,F074,skip,,2026-02-03T05:32:00
I01897,U025,F060,click,,2026-01-17T00:31:00
I01898,U018,F088,dislike,,2026-02-01T18:31:00
I01899,U019,F044,dislike,,2026-02-05T12:20:00
I01900,U018,F085,save,,2026-03-19T00:25:00
I01901,U008,F040,like,,2026-02-03T06:06:00
I01902,U029,F060,like,,2026-01-05T12:14:00
I01903,U031,F082,dislike,,2026-01-08T19:46:00
I01904,U006,F036,skip,,2026-01-09T15:02:00
I01905,U012,F034,dislike,,2026-03-05T04:20:00
I01906,U015,F081,click,,2026-03-25T01:41:00
I01907,U015,F015,dislike,,2026-03-06T15:01:00
I01908,U038,F041,click,,2026-01-08T08:50:00
I01909,U017,F003,click,,2026-02-15T18:26:00
I01910,U046,F006,like,,2026-01-10T17:18:00
I01911,U029,F015,dislike,,2026-02-11T19:28:00
I01912,U024,F088,skip,,2026-02-06T04:53:00
I01913,U002,F042,dislike,,2026-02-22T22:15:00
I01914,U024,F061,dislike,,2026-01-04T05:28:00
I01915,U024,F006,like,,2026-03-17T00:52:00
I01916,U007,F078,like,,2026-03-07T19:50:00
I01917,U046,F045,dislike,,2026-03-16T01:06:00
I01918,U043,F093,click,,2026-03-25T02:40:00
I01919,U005,F029,click,,2026-03-22T18:42:00
I01920,U047,F054,dislike,,2026-03-09T01:45:00
I01921,U039,F061,skip,,2026-02-10T09:11:00
I01922,U013,F074,like,,2026-02-01T12:21:00
I01923,U015,F059,rating,4,2026-02-26T13:59:00
I01924,U024,F011,skip,,2026-02-16T22:18:00
I01925,U031,F078,click,,2026-01-30T19:26:00
I01926,U009,F069,rating,4,2026-03-19T08:53:00
I01927,U019,F044,like,,2026-02-23T17:14:00
I01928,U010,F074,click,,2026-01-26T06:08:00
I01929,U030,F002,like,,2026-03-12T16:02:00
I01930,U048,F013,like,,2026-02-25T00:49:00
I01931,U045,F022,dislike,,2026-03-09T13:14:00
I01932,U028,F046,save,,2026-01-31T10:00:00
I01933,U008,F044,click,,2026-03-17T20:46:00
I01934,U040,F014,dislike,,2026-02-15T15:19:00
I01935,U027,F081,click,,2026-02-07T16:17:00
I01936,U045,F018,skip,,2026-03-17T17:23:00
I01937,U006,F020,skip,,2026-02-17T23:00:00
I01938,U042,F059,like,,2026-03-07T20:04:00
I01939,U018,F099,like,,2026-02-13T01:38:00
I01940,U037,F067,skip,,2026-02-24T09:44:00
I01941,U021,F050,like,,2026-01-19T01:25:00
I01942,U048,F094,save,,2026-03-15T21:00:00
I01943,U021,F013,like,,2026-02-06T09:20:00
I01944,U032,F057,like,,2026-02-03T20:41:00
I01945,U049,F014,skip,,2026-01-19T03:16:00
I01946,U014,F071,skip,,2026-01-04T20:25:00
I01947,U003,F070,dislike,,2026-03-04T00:52:00
I01948,U024,F027,rating,5,2026-02-26T17:46:00
I01949,U009,F059,dislike,,2026-01-16T15:10:00
I01950,U028,F064,click,,2026-02-05T22:49:00
I01951,U008,F046,skip,,2026-01-29T02:32:00
I01952,U021,F021,dislike,,2026-03-22T17:30:00
I01953,U044,F100,save,,2026-01-05T14:47:00
I01954,U007,F091,dislike,,2026-03-13T22:33:00
I01955,U041,F005,skip,,2026-02-01T04:40:00
I01956,U038,F049,dislike,,2026-01-26T09:03:00
I01957,U031,F020,like,,2026-03-05T09:38:00
I01958,U009,F026,like,,2026-03-08T07:18:00
I01959,U001,F056,save,,2026-01-27T06:04:00
I01960,U003,F054,skip,,2026-03-22T19:55:00
I01961,U016,F082,save,,2026-01-24T10:14:00
I01962,U015,F038,skip,,2026-03-22T13:23:00
I01963,U039,F046,dislike,,2026-01-29T03:50:00
I01964,U049,F098,rating,5,2026-02-01T22:36:00
I01965,U028,F015,rating,4,2026-02-14T23:47:00
I01966,U026,F091,click,,2026-03-04T20:30:00
I01967,U027,F088,dislike,,2026-03-06T07:20:00
I01968,U027,F008,like,,2026-03-28T10:50:00
I01969,U027,F051,skip,,2026-02-03T01:51:00
I01970,U018,F063,dislike,,2026-01-06T10:31:00
I01971,U029,F053,click,,2026-03-10T07:02:00
I01972,U050,F081,rating,5,2026-01-17T20:38:00
I01973,U035,F003,dislike,,2026-02-18T03:04:00
I01974,U050,F091,dislike,,2026-03-12T02:09:00
I01975,U042,F007,dislike,,2026-01-26T05:21:00
I01976,U035,F051,dislike,,2026-01-21T12:45:00
I01977,U022,F053,click,,2026-01-02T01:13:00
I01978,U002,F097,dislike,,2026-02-20T16:33:00
I01979,U003,F021,dislike,,2026-03-22T23:29:00
I01980,U016,F005,like,,2026-02-18T22:22:00
I01981,U026,F017,click,,2026-01-11T02:36:00
I01982,U005,F065,skip,,2026-02-23T00:41:00
I01983,U001,F096,skip,,2026-01-20T03:15:00
I01984,U048,F076,dislike,,2026-03-19T10:39:00
I01985,U021,F055,dislike,,2026-02-05T15:39:00
I01986,U013,F013,save,,2026-03-02T12:51:00
I01987,U019,F055,rating,5,2026-03-03T09:42:00
I01988,U045,F069,like,,2026-03-05T13:26:00
I01989,U024,F098,like,,2026-01-29T19:43:00
I01990,U002,F051,skip,,2026-03-03T19:13:00
I01991,U007,F083,like,,2026-03-22T02:51:00
I01992,U007,F072,click,,2026-03-04T20:15:00
I01993,U016,F011,save,,2026-03-02T17:51:00
I01994,U047,F073,dislike,,2026-03-05T08:36:00
I01995,U027,F040,click,,2026-01-05T10:58:00
I01996,U045,F073,click,,2026-02-04T23:33:00
I01997,U014,F097,skip,,2026-03-05T10:41:00
I01998,U042,F031,click,,2026-03-07T18:56:00
I01999,U048,F094,like,,2026-03-31T02:38:00
I02000,U025,F017,dislike,,2026-01-16T05:40:00
I02001,U013,F057,dislike,,2026-02-24T16:54:00
I02002,U011,F081,skip,,2026-03-12T14:16:00
I02003,U026,F002,like,,2026-02-07T23:05:00
I02004,U018,F067,click,,2026-03-14T22:11:00
I02005,U011,F019,save,,2026-03-20T12:40:00
I02006,U034,F078,save,,2026-02-12T04:37:00
I02007,U011,F068,skip,,2026-02-10T14:12:00
I02008,U012,F020,click,,2026-01-01T10:38:00
I02009,U045,F025,like,,2026-02-28T11:17:00
I02010,U007,F008,skip,,2026-01-09T11:57:00
I02011,U041,F072,dislike,,2026-01-02T06:34:00
I02012,U018,F037,click,,2026-03-16T10:26:00
I02013,U024,F080,rating,4,2026-01-10T20:13:00
I02014,U010,F014,dislike,,2026-02-03T19:14:00
I02015,U007,F017,skip,,2026-02-19T11:16:00
I02016,U037,F099,skip,,2026-03-20T22:49:00
I02017,U031,F027,click,,2026-01-28T03:07:00
I02018,U040,F019,save,,2026-01-01T11:02:00
I02019,U005,F007,click,,2026-02-24T22:41:00
I02020,U031,F042,click,,2026-01-31T19:07:00
I02021,U026,F049,skip,,2026-02-15T10:38:00
I02022,U034,F041,click,,2026-01-28T05:40:00
I02023,U041,F036,click,,2026-03-13T15:04:00
I02024,U032,F089,skip,,2026-03-13T14:51:00
I02025,U042,F045,click,,2026-03-01T22:52:00
I02026,U023,F094,save,,2026-01-25T13:03:00
I02027,U024,F023,click,,2026-01-26T15:05:00
I02028,U024,F068,save,,2026-02-12T03:12:00
I02029,U024,F033,like,,2026-02-04T01:08:00
I02030,U042,F036,dislike,,2026-03-31T08:38:00
I02031,U018,F081,save,,2026-01-04T16:04:00
I02032,U039,F081,dislike,,2026-03-24T18:37:00
I02033,U007,F005,save,,2026-01-20T06:02:00
I02034,U009,F011,click,,2026-01-08T15:08:00
I02035,U041,F091,like,,2026-03-11T09:28:00
I02036,U013,F084,like,,2026-03-28T10:48:00
I02037,U046,F022,skip,,2026-02-16T17:37:00
I02038,U001,F086,click,,2026-03-27T02:05:00
I02039,U005,F025,skip,,2026-02-04T02:51:00
I02040,U012,F057,save,,2026-03-30T17:15:00
I02041,U027,F023,click,,2026-01-01T10:37:00
I02042,U018,F072,like,,2026-03-14T23:46:00
I02043,U006,F073,dislike,,2026-01-12T06:13:00
I02044,U047,F012,save,,2026-01-03T05:46:00
I02045,U001,F028,skip,,2026-02-01T10:30:00
I02046,U044,F083,click,,2026-01-17T10:35:00
I02047,U004,F049,dislike,,2026-01-18T19:17:00
I02048,U021,F053,like,,2026-01-26T06:02:00
I02049,U019,F034,dislike,,2026-03-04T12:07:00
I02050,U038,F047,save,,2026-02-27T21:32:00
I02051,U044,F022,click,,2026-02-19T05:18:00
I02052,U035,F073,click,,2026-02-14T22:03:00
I02053,U044,F037,save,,2026-03-06T18:49:00
I02054,U048,F035,click,,2026-02-03T07:26:00
I02055,U030,F034,like,,2026-03-26T21:32:00
I02056,U012,F061,save,,2026-02-17T19:14:00
I02057,U025,F085,dislike,,2026-03-31T03:34:00
I02058,U041,F046,dislike,,2026-02-23T16:13:00
I02059,U022,F044,like,,2026-02-15T10:27:00
I02060,U011,F060,click,,2026-02-26T21:02:00
I02061,U030,F076,like,,2026-02-21T16:09:00
I02062,U016,F033,skip,,2026-03-03T23:09:00
I02063,U026,F039,rating,4,2026-03-06T03:40:00
I02064,U027,F055,click,,2026-02-21T20:14:00
I02065,U002,F021,click,,2026-03-18T23:48:00
I02066,U034,F026,skip,,2026-01-18T04:26:00
I02067,U043,F043,dislike,,2026-01-12T10:33:00
I02068,U050,F019,skip,,2026-01-22T15:43:00
I02069,U001,F085,click,,2026-02-08T10:29:00
I02070,U006,F024,like,,2026-01-12T08:21:00
I02071,U010,F088,skip,,2026-01-01T16:17:00
I02072,U011,F045,save,,2026-02-20T23:51:00
I02073,U014,F061,click,,2026-02-01T03:16:00
I02074,U025,F017,rating,5,2026-02-11T09:39:00
I02075,U044,F094,skip,,2026-03-10T02:26:00
I02076,U023,F063,click,,2026-01-04T07:34:00
I02077,U039,F023,dislike,,2026-02-13T17:06:00
I02078,U001,F079,like,,2026-01-10T22:02:00
I02079,U015,F018,dislike,,2026-02-08T14:51:00
I02080,U006,F044,like,,2026-01-20T09:43:00
I02081,U020,F050,skip,,2026-02-03T14:23:00
I02082,U012,F021,skip,,2026-01-14T15:52:00
I02083,U006,F045,dislike,,2026-02-21T00:25:00
I02084,U011,F041,save,,2026-03-29T15:31:00
I02085,U001,F063,skip,,2026-02-24T01:51:00
I02086,U020,F055,skip,,2026-03-19T15:22:00
I02087,U033,F048,skip,,2026-03-10T12:27:00
I02088,U008,F023,skip,,2026-02-19T23:01:00
I02089,U006,F020,rating,5,2026-01-26T17:34:00
I02090,U040,F094,skip,,2026-03-01T09:36:00
I02091,U003,F016,skip,,2026-01-07T20:27:00
I02092,U044,F048,like,,2026-02-07T00:48:00
I02093,U035,F035,like,,2026-01-03T15:14:00
I02094,U021,F039,skip,,2026-02-15T01:14:00
I02095,U035,F095,like,,2026-03-10T03:13:00
I02096,U009,F094,save,,2026-02-05T11:47:00
I02097,U030,F089,click,,2026-03-09T19:25:00
I02098,U030,F006,like,,2026-01-19T20:47:00
I02099,U047,F082,dislike,,2026-03-07T02:41:00
I02100,U022,F082,skip,,2026-01-03T06:16:00
I02101,U048,F033,skip,,2026-01-11T14:47:00
I02102,U008,F025,rating,4,2026-03-30T01:40:00
I02103,U024,F074,click,,2026-02-25T09:22:00
I02104,U048,F089,dislike,,2026-03-27T01:33:00
I02105,U039,F052,skip,,2026-02-04T00:10:00
I02106,U027,F027,like,,2026-01-17T09:22:00
I02107,U018,F060,click,,2026-02-10T03:18:00
I02108,U015,F029,like,,2026-01-09T20:52:00
I02109,U019,F094,click,,2026-03-17T14:21:00
I02110,U041,F077,like,,2026-03-13T00:25:00
I02111,U022,F044,click,,2026-01-20T15:46:00
I02112,U048,F064,save,,2026-03-28T13:18:00
I02113,U017,F052,click,,2026-01-11T21:33:00
I02114,U032,F072,dislike,,2026-03-09T12:36:00
I02115,U020,F038,skip,,2026-03-01T01:00:00
I02116,U010,F080,skip,,2026-03-14T14:43:00
I02117,U027,F098,rating,5,2026-01-31T12:48:00
I02118,U035,F017,click,,2026-01-16T03:18:00
I02119,U026,F028,like,,2026-02-07T06:05:00
I02120,U011,F099,skip,,2026-02-21T18:46:00
I02121,U027,F046,skip,,2026-03-18T09:31:00
I02122,U021,F099,like,,2026-03-29T21:36:00
I02123,U049,F082,save,,2026-02-20T07:41:00
I02124,U026,F064,dislike,,2026-02-27T05:21:00
I02125,U012,F052,skip,,2026-02-12T15:50:00
I02126,U042,F023,like,,2026-03-16T22:17:00
I02127,U027,F054,skip,,2026-03-21T07:39:00
I02128,U009,F079,click,,2026-03-18T19:28:00
I02129,U047,F053,dislike,,2026-02-01T05:40:00
I02130,U037,F081,like,,2026-02-17T00:46:00
I02131,U048,F077,skip,,2026-03-12T17:27:00
I02132,U013,F021,click,,2026-01-31T05:58:00
I02133,U031,F092,dislike,,2026-02-07T02:12:00
I02134,U002,F027,skip,,2026-03-29T20:35:00
I02135,U029,F031,click,,2026-03-06T21:53:00
I02136,U008,F078,click,,2026-01-21T08:21:00
I02137,U030,F093,dislike,,2026-01-05T23:16:00
I02138,U044,F053,click,,2026-02-19T02:24:00
I02139,U027,F034,skip,,2026-03-19T22:05:00
I02140,U035,F092,save,,2026-01-08T09:59:00
I02141,U026,F093,dislike,,2026-03-07T21:28:00
I02142,U042,F057,dislike,,2026-01-19T08:57:00
I02143,U049,F075,dislike,,2026-01-22T12:30:00
I02144,U027,F085,rating,5,2026-01-27T09:01:00
I02145,U007,F043,like,,2026-03-04T08:21:00
I02146,U049,F034,save,,2026-02-12T15:22:00
I02147,U045,F034,save,,2026-01-18T05:03:00
I02148,U034,F037,click,,2026-03-14T12:22:00
I02149,U046,F038,click,,2026-03-14T21:38:00
I02150,U020,F061,skip,,2026-01-20T23:43:00
I02151,U009,F019,click,,2026-02-02T21:44:00
I02152,U015,F004,skip,,2026-01-19T19:56:00
I02153,U001,F034,save,,2026-03-08T13:51:00
I02154,U031,F080,click,,2026-03-24T05:19:00
I02155,U038,F065,like,,2026-03-04T22:07:00
I02156,U011,F068,save,,2026-02-18T00:29:00
I02157,U043,F009,like,,2026-01-29T05:07:00
I02158,U018,F078,skip,,2026-03-25T06:43:00
I02159,U023,F064,rating,4,2026-03-09T07:47:00
I02160,U048,F026,dislike,,2026-03-22T03:22:00
I02161,U022,F065,save,,2026-03-10T18:21:00
I02162,U006,F008,save,,2026-02-01T08:44:00
I02163,U048,F024,skip,,2026-02-01T07:47:00
I02164,U045,F092,like,,2026-03-19T09:04:00
I02165,U036,F036,like,,2026-01-09T04:31:00
I02166,U034,F039,like,,2026-03-16T19:50:00
I02167,U031,F060,click,,2026-01-07T10:53:00
I02168,U041,F010,like,,2026-01-11T16:14:00
I02169,U013,F013,dislike,,2026-03-04T10:14:00
I02170,U037,F002,click,,2026-01-15T15:06:00
I02171,U050,F083,click,,2026-03-20T15:34:00
I02172,U001,F033,skip,,2026-03-05T21:32:00
I02173,U012,F043,skip,,2026-03-24T10:13:00
I02174,U017,F069,like,,2026-03-13T17:10:00
I02175,U020,F081,rating,4,2026-03-04T00:13:00
I02176,U021,F066,like,,2026-01-09T14:44:00
I02177,U044,F039,click,,2026-02-13T21:46:00
I02178,U044,F069,dislike,,2026-01-14T07:54:00
I02179,U014,F040,dislike,,2026-03-09T16:06:00
I02180,U007,F088,save,,2026-03-15T22:56:00
I02181,U010,F042,click,,2026-01-22T05:23:00
I02182,U040,F085,rating,5,2026-03-25T20:19:00
I02183,U027,F100,dislike,,2026-02-03T16:06:00
I02184,U020,F048,like,,2026-02-15T10:45:00
I02185,U029,F040,like,,2026-02-23T00:11:00
I02186,U049,F052,like,,2026-03-24T04:46:00
I02187,U030,F099,click,,2026-01-26T07:07:00
I02188,U043,F092,click,,2026-01-04T10:59:00
I02189,U028,F049,save,,2026-01-26T07:20:00
I02190,U040,F065,dislike,,2026-01-10T08:17:00
I02191,U011,F042,click,,2026-03-17T16:02:00
I02192,U003,F100,skip,,2026-03-04T08:31:00
I02193,U018,F078,like,,2026-01-08T21:49:00
I02194,U022,F036,skip,,2026-02-06T03:47:00
I02195,U031,F018,dislike,,2026-02-22T05:10:00
I02196,U010,F076,like,,2026-01-12T14:57:00
I02197,U016,F042,skip,,2026-02-03T19:00:00
I02198,U034,F038,dislike,,2026-01-09T23:52:00
I02199,U046,F095,click,,2026-02-27T07:19:00
I02200,U012,F042,skip,,2026-02-12T06:47:00
I02201,U044,F091,skip,,2026-01-03T04:47:00
I02202,U008,F083,like,,2026-03-04T01:38:00
I02203,U034,F008,skip,,2026-01-03T19:18:00
I02204,U028,F005,click,,2026-02-11T18:23:00
I02205,U032,F037,skip,,2026-01-10T19:17:00
I02206,U006,F072,skip,,2026-03-07T02:59:00
I02207,U037,F060,click,,2026-01-10T23:20:00
I02208,U028,F036,click,,2026-01-20T22:12:00
I02209,U022,F010,save,,2026-02-28T18:00:00
I02210,U050,F089,click,,2026-01-03T13:42:00
I02211,U037,F038,click,,2026-01-03T00:17:00
I02212,U015,F042,dislike,,2026-01-29T19:56:00
I02213,U044,F099,save,,2026-03-27T06:50:00
I02214,U050,F074,click,,2026-03-15T05:12:00
I02215,U013,F099,like,,2026-01-13T00:53:00
I02216,U035,F078,dislike,,2026-01-17T18:26:00
I02217,U023,F009,like,,2026-01-30T22:27:00
I02218,U014,F026,like,,2026-02-04T07:57:00
I02219,U014,F099,like,,2026-02-26T04:12:00
I02220,U025,F004,click,,2026-01-27T12:59:00
I02221,U004,F058,dislike,,2026-02-18T20:08:00
I02222,U008,F012,skip,,2026-03-16T17:37:00
I02223,U008,F021,dislike,,2026-03-04T20:38:00
I02224,U023,F096,skip,,2026-01-27T03:05:00
I02225,U033,F047,skip,,2026-02-28T00:33:00
I02226,U001,F049,skip,,2026-01-13T12:06:00
I02227,U024,F040,skip,,2026-03-25T10:15:00
I02228,U015,F090,save,,2026-02-19T16:05:00
I02229,U002,F036,click,,2026-01-06T04:48:00
I02230,U016,F023,dislike,,2026-01-20T04:47:00
I02231,U045,F061,dislike,,2026-01-27T22:33:00
I02232,U019,F048,click,,2026-02-23T05:53:00
I02233,U012,F067,skip,,2026-03-27T06:11:00
I02234,U024,F015,dislike,,2026-01-27T10:26:00
I02235,U026,F081,click,,2026-03-21T10:57:00
I02236,U002,F004,click,,2026-01-05T04:55:00
I02237,U027,F006,skip,,2026-03-09T05:47:00
I02238,U011,F013,click,,2026-01-12T14:19:00
I02239,U005,F015,skip,,2026-02-23T18:19:00
I02240,U029,F018,click,,2026-01-01T10:37:00
I02241,U031,F061,dislike,,2026-02-11T22:24:00
I02242,U035,F047,skip,,2026-01-13T16:18:00
I02243,U032,F096,skip,,2026-01-17T07:29:00
I02244,U033,F017,dislike,,2026-03-26T02:48:00
I02245,U048,F013,dislike,,2026-03-20T03:35:00
I02246,U016,F029,click,,2026-02-08T11:13:00
I02247,U046,F060,skip,,2026-03-15T09:06:00
I02248,U049,F017,like,,2026-01-19T19:46:00
I02249,U048,F005,click,,2026-03-22T01:38:00
I02250,U013,F024,save,,2026-01-31T05:31:00
I02251,U026,F042,save,,2026-02-14T06:24:00
I02252,U041,F074,click,,2026-02-28T21:12:00
I02253,U017,F070,click,,2026-03-25T17:33:00
I02254,U022,F044,dislike,,2026-02-13T16:38:00
I02255,U050,F071,dislike,,2026-02-13T17:43:00
I02256,U017,F009,skip,,2026-01-04T18:32:00
I02257,U009,F013,save,,2026-01-15T04:06:00
I02258,U036,F092,click,,2026-02-09T15:26:00
I02259,U028,F071,dislike,,2026-03-06T06:13:00
I02260,U026,F066,click,,2026-01-29T00:34:00
I02261,U013,F094,save,,2026-01-20T19:12:00
I02262,U034,F068,save,,2026-03-11T07:51:00
I02263,U045,F068,like,,2026-03-29T05:39:00
I02264,U041,F082,dislike,,2026-01-20T18:27:00
I02265,U040,F055,dislike,,2026-02-21T10:07:00
I02266,U025,F067,click,,2026-03-01T10:59:00
I02267,U009,F093,dislike,,2026-02-02T18:58:00
I02268,U043,F040,click,,2026-03-18T02:16:00
I02269,U004,F097,dislike,,2026-01-21T08:16:00
I02270,U026,F021,dislike,,2026-01-25T08:29:00
I02271,U023,F010,rating,4,2026-02-21T04:12:00
I02272,U047,F095,skip,,2026-01-27T15:08:00
I02273,U010,F087,like,,2026-03-23T04:00:00
I02274,U034,F040,skip,,2026-03-18T16:04:00
I02275,U015,F085,click,,2026-03-11T20:49:00
I02276,U030,F020,rating,5,2026-02-04T01:23:00
I02277,U025,F033,save,,2026-03-16T05:44:00
I02278,U046,F089,skip,,2026-02-07T07:40:00
I02279,U034,F014,click,,2026-03-18T12:22:00
I02280,U016,F086,click,,2026-02-25T14:23:00
I02281,U004,F082,click,,2026-02-05T08:35:00
I02282,U041,F066,save,,2026-02-02T12:10:00
I02283,U006,F002,click,,2026-02-01T19:59:00
I02284,U032,F029,skip,,2026-01-14T16:39:00
I02285,U036,F078,dislike,,2026-03-08T22:47:00
I02286,U025,F006,skip,,2026-03-24T03:21:00
I02287,U037,F013,click,,2026-02-16T19:48:00
I02288,U044,F091,skip,,2026-02-20T01:21:00
I02289,U023,F083,click,,2026-03-15T17:50:00
I02290,U003,F052,skip,,2026-02-25T22:50:00
I02291,U002,F028,dislike,,2026-02-12T03:22:00
I02292,U019,F053,skip,,2026-02-02T12:14:00
I02293,U044,F045,click,,2026-02-05T15:13:00
I02294,U004,F042,click,,2026-02-03T05:28:00
I02295,U014,F072,skip,,2026-02-11T13:41:00
I02296,U049,F045,dislike,,2026-03-05T03:02:00
I02297,U022,F046,skip,,2026-01-30T10:48:00
I02298,U020,F013,dislike,,2026-02-21T10:40:00
I02299,U040,F064,click,,2026-01-26T09:02:00
I02300,U046,F063,click,,2026-02-16T05:26:00
I02301,U011,F042,like,,2026-02-09T17:16:00
I02302,U045,F083,click,,2026-03-10T06:04:00
I02303,U026,F080,like,,2026-01-12T20:24:00
I02304,U043,F052,dislike,,2026-02-13T18:11:00
I02305,U023,F051,like,,2026-02-07T20:56:00
I02306,U037,F011,like,,2026-01-06T08:23:00
I02307,U036,F020,dislike,,2026-03-05T07:39:00
I02308,U045,F029,like,,2026-03-24T07:22:00
I02309,U010,F002,rating,5,2026-02-26T14:08:00
I02310,U036,F071,dislike,,2026-01-24T17:42:00
I02311,U038,F052,click,,2026-02-19T08:55:00
I02312,U046,F047,dislike,,2026-02-17T12:26:00
I02313,U016,F041,dislike,,2026-03-30T04:35:00
I02314,U021,F090,save,,2026-01-17T03:17:00
I02315,U033,F091,dislike,,2026-03-19T07:46:00
I02316,U047,F045,skip,,2026-03-12T07:38:00
I02317,U030,F035,dislike,,2026-03-21T14:56:00
I02318,U032,F076,rating,4,2026-01-03T19:06:00
I02319,U029,F072,click,,2026-03-03T05:02:00
I02320,U005,F088,rating,5,2026-03-14T08:36:00
I02321,U047,F004,skip,,2026-01-18T13:31:00
I02322,U014,F085,save,,2026-03-28T10:23:00
I02323,U022,F030,click,,2026-02-22T04:55:00
I02324,U050,F070,skip,,2026-01-01T20:48:00
I02325,U004,F092,skip,,2026-01-10T20:57:00
I02326,U005,F068,like,,2026-01-25T08:29:00
I02327,U039,F100,dislike,,2026-01-24T01:00:00
I02328,U042,F064,dislike,,2026-01-13T13:46:00
I02329,U037,F090,dislike,,2026-02-22T13:00:00
I02330,U045,F061,like,,2026-01-13T10:37:00
I02331,U023,F023,click,,2026-03-05T03:05:00
I02332,U012,F034,dislike,,2026-03-24T21:36:00
I02333,U006,F044,like,,2026-02-02T00:41:00
I02334,U039,F008,dislike,,2026-02-17T03:15:00
I02335,U011,F001,skip,,2026-01-01T11:09:00
I02336,U025,F040,rating,5,2026-01-09T05:53:00
I02337,U013,F082,dislike,,2026-01-28T11:47:00
I02338,U007,F088,skip,,2026-03-15T06:02:00
I02339,U029,F091,skip,,2026-03-06T05:04:00
I02340,U029,F004,click,,2026-01-16T10:38:00
I02341,U019,F014,dislike,,2026-03-08T05:42:00
I02342,U007,F064,like,,2026-03-20T11:30:00
I02343,U030,F085,dislike,,2026-02-27T03:58:00
I02344,U043,F071,like,,2026-01-19T08:10:00
I02345,U032,F025,dislike,,2026-01-08T16:23:00
I02346,U043,F091,save,,2026-03-08T03:06:00
I02347,U043,F084,save,,2026-03-15T23:58:00
I02348,U035,F067,skip,,2026-01-26T09:38:00
I02349,U021,F018,like,,2026-03-22T14:33:00
I02350,U026,F056,skip,,2026-03-04T03:33:00
I02351,U021,F072,like,,2026-03-05T09:48:00
I02352,U050,F088,skip,,2026-01-06T06:25:00
I02353,U006,F040,skip,,2026-03-15T18:31:00
I02354,U012,F083,like,,2026-01-04T01:36:00
I02355,U020,F050,rating,4,2026-03-29T14:48:00
I02356,U048,F066,like,,2026-02-17T23:14:00
I02357,U045,F006,dislike,,2026-01-24T07:33:00
I02358,U046,F041,like,,2026-01-27T19:29:00
I02359,U041,F079,rating,4,2026-03-30T03:58:00
I02360,U019,F001,skip,,2026-02-12T06:02:00
I02361,U025,F030,click,,2026-01-06T05:19:00
I02362,U010,F077,save,,2026-02-24T23:13:00
I02363,U037,F091,skip,,2026-01-27T22:18:00
I02364,U048,F035,like,,2026-02-22T12:52:00
I02365,U018,F025,skip,,2026-03-18T00:21:00
I02366,U041,F089,save,,2026-02-27T04:23:00
I02367,U043,F089,save,,2026-01-15T05:25:00
I02368,U032,F009,like,,2026-02-02T23:14:00
I02369,U046,F089,skip,,2026-02-06T19:27:00
I02370,U017,F014,dislike,,2026-01-26T02:57:00
I02371,U036,F064,save,,2026-01-05T16:00:00
I02372,U031,F014,like,,2026-02-19T06:17:00
I02373,U006,F098,dislike,,2026-02-25T21:00:00
I02374,U024,F057,skip,,2026-01-06T22:37:00
I02375,U033,F099,skip,,2026-02-10T01:29:00
I02376,U037,F002,dislike,,2026-02-02T05:59:00
I02377,U023,F060,skip,,2026-02-20T12:58:00
I02378,U010,F038,dislike,,2026-03-22T06:38:00
I02379,U022,F085,dislike,,2026-02-26T02:22:00
I02380,U016,F078,skip,,2026-01-19T18:40:00
I02381,U021,F008,like,,2026-03-08T18:14:00
I02382,U002,F080,skip,,2026-02-11T12:38:00
I02383,U003,F019,skip,,2026-01-01T13:00:00
I02384,U001,F073,like,,2026-03-14T04:05:00
I02385,U015,F098,skip,,2026-01-10T00:40:00
I02386,U042,F061,skip,,2026-02-06T23:24:00
I02387,U040,F050,click,,2026-03-29T16:44:00
I02388,U040,F033,click,,2026-02-28T16:21:00
I02389,U010,F059,like,,2026-01-19T09:47:00
I02390,U041,F094,rating,5,2026-01-21T12:33:00
I02391,U048,F003,like,,2026-01-06T15:41:00
I02392,U027,F091,click,,2026-02-21T04:16:00
I02393,U041,F046,skip,,2026-02-23T15:43:00
I02394,U047,F058,dislike,,2026-02-16T11:31:00
I02395,U021,F086,click,,2026-01-27T08:23:00
I02396,U014,F092,like,,2026-03-26T21:07:00
I02397,U024,F060,click,,2026-02-22T12:47:00
I02398,U042,F040,dislike,,2026-01-14T18:31:00
I02399,U042,F058,click,,2026-03-21T14:04:00
I02400,U004,F026,save,,2026-01-21T22:30:00
I02401,U025,F067,rating,4,2026-03-30T07:02:00
I02402,U025,F073,like,,2026-03-29T19:13:00
I02403,U050,F020,skip,,2026-01-26T05:08:00
I02404,U027,F041,click,,2026-01-17T16:36:00
I02405,U021,F079,skip,,2026-03-22T01:12:00
I02406,U044,F013,dislike,,2026-01-02T01:48:00
I02407,U022,F012,rating,4,2026-01-20T07:16:00
I02408,U020,F009,click,,2026-03-16T15:14:00
I02409,U031,F044,dislike,,2026-01-13T19:10:00
I02410,U011,F020,like,,2026-03-21T13:59:00
I02411,U011,F072,skip,,2026-02-05T23:33:00
I02412,U016,F015,dislike,,2026-02-26T03:18:00
I02413,U049,F006,like,,2026-02-18T16:16:00
I02414,U011,F099,save,,2026-02-16T15:03:00
I02415,U038,F074,click,,2026-03-04T22:55:00
I02416,U037,F045,click,,2026-02-17T02:21:00
I02417,U012,F018,skip,,2026-01-20T03:47:00
I02418,U043,F026,dislike,,2026-01-11T12:06:00
I02419,U039,F064,click,,2026-02-23T05:46:00
I02420,U024,F033,like,,2026-03-08T00:48:00
I02421,U032,F041,dislike,,2026-01-31T23:54:00
I02422,U020,F034,skip,,2026-01-06T09:18:00
I02423,U048,F098,skip,,2026-02-12T18:49:00
I02424,U003,F017,click,,2026-01-02T19:34:00
I02425,U002,F039,rating,5,2026-02-19T01:13:00
I02426,U045,F087,like,,2026-02-16T17:29:00
I02427,U028,F053,dislike,,2026-02-14T08:55:00
I02428,U036,F025,like,,2026-02-27T22:55:00
I02429,U006,F086,click,,2026-01-15T00:47:00
I02430,U009,F098,like,,2026-02-17T02:13:00
I02431,U010,F074,skip,,2026-01-10T00:19:00
I02432,U047,F002,dislike,,2026-03-21T02:24:00
I02433,U010,F075,click,,2026-02-28T21:32:00
I02434,U022,F086,like,,2026-01-18T06:48:00
I02435,U048,F011,click,,2026-01-12T00:07:00
I02436,U028,F088,like,,2026-01-11T13:12:00
I02437,U021,F081,skip,,2026-01-26T16:54:00
I02438,U039,F091,like,,2026-03-28T20:12:00
I02439,U004,F057,like,,2026-01-23T06:44:00
I02440,U017,F019,skip,,2026-01-25T23:53:00
I02441,U008,F090,dislike,,2026-02-11T07:46:00
I02442,U011,F051,skip,,2026-03-18T14:04:00
I02443,U033,F082,like,,2026-02-14T08:13:00
I02444,U034,F001,click,,2026-02-02T09:36:00
I02445,U049,F021,like,,2026-02-14T02:03:00
I02446,U040,F097,dislike,,2026-02-27T00:24:00
I02447,U048,F087,save,,2026-02-16T23:49:00
I02448,U044,F078,dislike,,2026-02-03T10:53:00
I02449,U029,F046,skip,,2026-03-05T10:14:00
I02450,U049,F063,rating,4,2026-01-30T20:02:00
I02451,U011,F006,skip,,2026-03-01T11:04:00
I02452,U026,F060,skip,,2026-01-20T04:50:00
I02453,U048,F097,rating,4,2026-02-10T13:01:00
I02454,U041,F020,like,,2026-03-26T05:53:00
I02455,U010,F076,dislike,,2026-01-03T13:21:00
I02456,U031,F020,like,,2026-03-05T13:23:00
I02457,U011,F039,click,,2026-02-05T07:46:00
I02458,U013,F063,skip,,2026-02-25T05:27:00
I02459,U032,F086,rating,4,2026-02-11T16:16:00
I02460,U039,F038,save,,2026-03-05T07:23:00
I02461,U027,F063,like,,2026-01-21T11:33:00
I02462,U041,F040,skip,,2026-01-16T20:26:00
I02463,U009,F068,click,,2026-03-30T04:22:00
I02464,U024,F073,dislike,,2026-02-27T12:37:00
I02465,U027,F032,like,,2026-01-30T10:40:00
I02466,U041,F061,skip,,2026-03-15T11:18:00
I02467,U045,F025,click,,2026-03-22T19:32:00
I02468,U015,F091,like,,2026-02-01T16:40:00
I02469,U037,F061,dislike,,2026-01-13T13:06:00
I02470,U049,F019,dislike,,2026-03-04T15:47:00
I02471,U039,F094,skip,,2026-01-25T09:25:00
I02472,U046,F019,skip,,2026-03-02T08:25:00
I02473,U015,F082,like,,2026-03-21T16:28:00
I02474,U036,F019,click,,2026-03-04T10:43:00
I02475,U039,F069,click,,2026-01-25T20:23:00
I02476,U039,F016,like,,2026-01-25T17:52:00
I02477,U033,F037,like,,2026-03-31T00:22:00
I02478,U020,F034,like,,2026-01-04T22:14:00
I02479,U042,F098,like,,2026-01-19T15:14:00
I02480,U041,F049,skip,,2026-02-10T03:40:00
I02481,U018,F059,click,,2026-02-28T09:43:00
I02482,U011,F076,rating,4,2026-01-07T11:08:00
I02483,U036,F062,dislike,,2026-02-18T18:46:00
I02484,U002,F081,like,,2026-01-23T11:08:00
I02485,U040,F098,like,,2026-03-14T19:24:00
I02486,U003,F066,click,,2026-01-17T16:57:00
I02487,U005,F009,like,,2026-01-21T08:01:00
I02488,U006,F097,dislike,,2026-01-11T14:05:00
I02489,U022,F097,like,,2026-01-08T17:54:00
I02490,U027,F083,skip,,2026-03-12T03:03:00
I02491,U014,F058,click,,2026-02-03T07:45:00
I02492,U016,F008,skip,,2026-01-07T21:56:00
I02493,U045,F029,like,,2026-01-30T05:12:00
I02494,U009,F065,like,,2026-03-23T22:52:00
I02495,U026,F003,dislike,,2026-01-04T22:51:00
I02496,U046,F090,dislike,,2026-01-26T20:07:00
I02497,U003,F027,skip,,2026-02-14T23:57:00
I02498,U006,F075,skip,,2026-01-22T13:33:00
I02499,U014,F020,rating,5,2026-02-04T18:59:00
I02500,U024,F066,click,,2026-03-19T08:44:00
I02501,U022,F026,like,,2026-01-16T22:12:00
I02502,U019,F058,save,,2026-03-25T22:55:00
I02503,U033,F099,like,,2026-01-06T13:13:00
I02504,U007,F096,dislike,,2026-03-14T10:11:00
I02505,U045,F087,save,,2026-02-08T12:19:00
I02506,U030,F007,dislike,,2026-02-02T07:24:00
I02507,U033,F004,dislike,,2026-01-24T11:23:00
I02508,U014,F064,dislike,,2026-02-11T15:37:00
I02509,U026,F078,click,,2026-03-03T19:08:00
I02510,U039,F037,skip,,2026-02-01T02:39:00
I02511,U040,F014,click,,2026-03-21T01:42:00
I02512,U001,F036,dislike,,2026-02-18T19:23:00
I02513,U011,F013,like,,2026-01-25T14:26:00
I02514,U048,F048,like,,2026-01-03T10:09:00
I02515,U050,F005,dislike,,2026-02-03T15:35:00
I02516,U014,F016,skip,,2026-03-29T01:02:00
I02517,U031,F023,like,,2026-01-31T15:32:00
I02518,U038,F089,dislike,,2026-03-31T19:13:00
I02519,U031,F009,dislike,,2026-01-09T13:34:00
I02520,U044,F049,save,,2026-03-01T14:04:00
I02521,U012,F002,dislike,,2026-01-09T09:35:00
I02522,U046,F037,dislike,,2026-02-04T00:49:00
I02523,U043,F035,dislike,,2026-03-30T15:17:00
I02524,U001,F084,save,,2026-02-25T19:04:00
I02525,U045,F063,click,,2026-01-07T09:46:00
I02526,U024,F012,save,,2026-03-02T18:35:00
I02527,U011,F048,dislike,,2026-03-12T18:27:00
I02528,U010,F042,dislike,,2026-01-23T19:48:00
I02529,U026,F048,dislike,,2026-02-07T05:02:00
I02530,U044,F097,skip,,2026-02-22T12:17:00
I02531,U028,F012,click,,2026-02-12T12:14:00
I02532,U042,F060,skip,,2026-03-29T05:36:00
I02533,U003,F044,click,,2026-03-22T04:57:00
I02534,U039,F044,click,,2026-01-21T19:34:00
I02535,U009,F027,dislike,,2026-02-23T03:49:00
I02536,U033,F070,like,,2026-01-01T08:41:00
I02537,U036,F086,skip,,2026-03-29T11:25:00
I02538,U032,F015,click,,2026-02-17T18:43:00
I02539,U026,F067,dislike,,2026-03-15T11:59:00
I02540,U048,F053,click,,2026-01-29T21:51:00
I02541,U042,F059,save,,2026-01-25T00:01:00
I02542,U033,F014,rating,5,2026-01-31T13:51:00
I02543,U020,F027,dislike,,2026-01-25T00:48:00
I02544,U002,F004,like,,2026-03-29T02:26:00
I02545,U005,F033,dislike,,2026-02-15T22:34:00
I02546,U026,F002,dislike,,2026-02-19T12:47:00
I02547,U014,F039,skip,,2026-03-03T21:40:00
I02548,U040,F076,save,,2026-01-05T17:03:00
I02549,U021,F045,click,,2026-02-19T18:23:00
I02550,U050,F013,skip,,2026-02-14T23:22:00
I02551,U032,F004,click,,2026-01-12T16:12:00
I02552,U017,F070,like,,2026-03-22T03:12:00
I02553,U030,F049,dislike,,2026-03-02T01:10:00
I02554,U021,F040,skip,,2026-02-27T07:23:00
I02555,U040,F053,save,,2026-03-17T23:02:00
I02556,U050,F004,skip,,2026-03-06T06:11:00
I02557,U030,F036,dislike,,2026-03-10T22:18:00
I02558,U047,F007,dislike,,2026-03-08T16:45:00
I02559,U012,F058,like,,2026-02-07T20:31:00
I02560,U022,F055,like,,2026-01-10T06:47:00
I02561,U031,F063,like,,2026-03-25T06:01:00
I02562,U050,F049,like,,2026-02-13T23:18:00
I02563,U038,F064,like,,2026-03-31T03:57:00
I02564,U007,F022,click,,2026-03-19T19:12:00
I02565,U002,F057,click,,2026-02-25T00:42:00
I02566,U046,F068,dislike,,2026-03-11T03:37:00
I02567,U027,F061,like,,2026-03-31T14:24:00
I02568,U005,F009,click,,2026-03-27T12:12:00
I02569,U031,F052,dislike,,2026-01-18T04:07:00
I02570,U002,F021,like,,2026-01-26T15:13:00
I02571,U043,F070,like,,2026-01-09T22:24:00
I02572,U012,F075,save,,2026-01-30T06:54:00
I02573,U010,F039,click,,2026-01-02T12:41:00
I02574,U004,F066,dislike,,2026-03-27T09:04:00
I02575,U038,F068,click,,2026-01-18T10:54:00
I02576,U016,F062,dislike,,2026-03-02T16:19:00
I02577,U031,F028,like,,2026-03-23T21:24:00
I02578,U035,F010,like,,2026-03-07T04:57:00
I02579,U049,F009,click,,2026-01-10T19:19:00
I02580,U011,F032,skip,,2026-03-22T12:20:00
I02581,U015,F034,click,,2026-01-06T10:56:00
I02582,U050,F051,save,,2026-02-17T13:20:00
I02583,U029,F078,dislike,,2026-01-17T16:21:00
I02584,U040,F066,skip,,2026-03-23T05:22:00
I02585,U016,F077,save,,2026-01-10T14:46:00
I02586,U039,F004,save,,2026-01-19T21:53:00
I02587,U003,F048,dislike,,2026-03-25T11:39:00
I02588,U020,F069,rating,5,2026-03-07T16:38:00
I02589,U025,F097,skip,,2026-03-30T19:07:00
I02590,U044,F078,skip,,2026-01-18T16:01:00
I02591,U022,F012,click,,2026-03-10T17:38:00
I02592,U040,F081,save,,2026-02-04T09:51:00
I02593,U039,F066,rating,5,2026-01-31T19:19:00
I02594,U013,F045,dislike,,2026-02-12T17:40:00
I02595,U044,F053,save,,2026-03-27T22:29:00
I02596,U013,F099,skip,,2026-03-30T10:04:00
I02597,U013,F088,skip,,2026-03-12T10:57:00
I02598,U014,F060,dislike,,2026-02-07T21:47:00
I02599,U016,F027,skip,,2026-02-13T06:14:00
I02600,U042,F064,like,,2026-02-04T19:23:00
I02601,U030,F069,like,,2026-01-10T08:37:00
I02602,U008,F049,click,,2026-01-01T02:16:00
I02603,U013,F033,skip,,2026-03-12T19:55:00
I02604,U018,F066,dislike,,2026-01-07T14:35:00
I02605,U041,F063,skip,,2026-02-19T10:41:00
I02606,U008,F018,like,,2026-01-07T01:24:00
I02607,U005,F036,save,,2026-01-17T03:16:00
I02608,U048,F088,dislike,,2026-03-26T19:20:00
I02609,U004,F002,rating,5,2026-02-06T14:40:00
I02610,U016,F030,save,,2026-02-04T18:51:00
I02611,U023,F031,save,,2026-02-10T07:30:00
I02612,U011,F050,save,,2026-01-21T03:06:00
I02613,U037,F095,rating,5,2026-01-16T03:15:00
I02614,U016,F053,save,,2026-01-22T05:55:00
I02615,U015,F036,like,,2026-02-09T14:51:00
I02616,U038,F077,skip,,2026-01-30T03:25:00
I02617,U006,F053,skip,,2026-02-19T20:59:00
I02618,U049,F049,click,,2026-01-27T22:58:00
I02619,U032,F056,skip,,2026-02-11T00:42:00
I02620,U032,F065,click,,2026-03-19T07:00:00
I02621,U024,F019,skip,,2026-03-31T23:19:00
I02622,U025,F022,dislike,,2026-02-10T12:03:00
I02623,U026,F036,like,,2026-01-30T12:57:00
I02624,U039,F061,skip,,2026-03-14T08:19:00
I02625,U042,F090,click,,2026-01-03T13:16:00
I02626,U037,F045,like,,2026-02-25T15:12:00
I02627,U028,F012,like,,2026-02-04T12:30:00
I02628,U017,F062,like,,2026-03-16T22:00:00
I02629,U034,F077,dislike,,2026-01-05T13:01:00
I02630,U024,F007,dislike,,2026-01-21T03:09:00
I02631,U040,F090,dislike,,2026-03-09T08:42:00
I02632,U029,F020,click,,2026-02-05T06:20:00
I02633,U015,F053,save,,2026-01-30T03:08:00
I02634,U040,F007,skip,,2026-01-23T09:50:00
I02635,U036,F061,click,,2026-01-31T00:35:00
I02636,U013,F078,dislike,,2026-01-13T09:11:00
I02637,U012,F069,save,,2026-02-17T06:06:00
I02638,U010,F069,dislike,,2026-01-02T11:06:00
I02639,U011,F099,click,,2026-03-06T17:13:00
I02640,U004,F051,dislike,,2026-01-20T04:30:00
I02641,U016,F078,skip,,2026-02-05T15:47:00
I02642,U016,F059,like,,2026-02-01T05:31:00
I02643,U041,F078,dislike,,2026-02-18T04:38:00
I02644,U001,F037,click,,2026-03-28T13:28:00
I02645,U036,F070,click,,2026-03-01T22:05:00
I02646,U034,F046,save,,2026-02-21T08:34:00
I02647,U034,F053,click,,2026-01-17T01:14:00
I02648,U014,F010,like,,2026-02-08T03:56:00
I02649,U039,F053,dislike,,2026-01-04T10:44:00
I02650,U032,F026,dislike,,2026-03-23T05:01:00
I02651,U029,F076,skip,,2026-03-25T10:18:00
I02652,U026,F032,rating,5,2026-02-02T16:36:00
I02653,U026,F060,dislike,,2026-01-27T15:48:00
I02654,U009,F054,dislike,,2026-01-19T21:50:00
I02655,U007,F038,dislike,,2026-02-19T22:18:00
I02656,U028,F010,like,,2026-03-07T18:49:00
I02657,U031,F006,click,,2026-03-03T02:18:00
I02658,U023,F043,rating,4,2026-01-02T03:27:00
I02659,U010,F096,dislike,,2026-01-04T17:23:00
I02660,U014,F081,like,,2026-02-21T11:24:00
I02661,U040,F059,like,,2026-02-17T01:44:00
I02662,U034,F075,like,,2026-03-04T14:47:00
I02663,U049,F066,click,,2026-03-14T17:16:00
I02664,U005,F020,dislike,,2026-03-26T15:00:00
I02665,U047,F093,dislike,,2026-01-26T03:10:00
I02666,U040,F050,like,,2026-01-06T10:20:00
I02667,U001,F018,save,,2026-02-23T05:10:00
I02668,U028,F071,rating,4,2026-01-01T02:15:00
I02669,U011,F005,save,,2026-01-09T07:28:00
I02670,U030,F022,skip,,2026-01-11T22:50:00
I02671,U030,F044,click,,2026-03-02T08:48:00
I02672,U037,F072,rating,5,2026-03-22T22:41:00
I02673,U021,F068,save,,2026-03-17T17:45:00
I02674,U044,F036,skip,,2026-02-01T07:43:00
I02675,U002,F056,like,,2026-03-07T10:15:00
I02676,U032,F093,dislike,,2026-03-17T10:15:00
I02677,U017,F014,skip,,2026-01-29T08:29:00
I02678,U030,F020,skip,,2026-03-06T12:23:00
I02679,U027,F096,save,,2026-02-08T02:46:00
I02680,U016,F021,click,,2026-03-26T02:15:00
I02681,U050,F041,dislike,,2026-02-21T14:45:00
I02682,U010,F054,dislike,,2026-02-17T04:02:00
I02683,U020,F031,click,,2026-02-20T20:05:00
I02684,U014,F052,like,,2026-02-01T20:50:00
I02685,U011,F044,like,,2026-02-18T02:49:00
I02686,U007,F011,click,,2026-01-20T18:26:00
I02687,U028,F064,click,,2026-03-31T22:07:00
I02688,U010,F007,like,,2026-01-18T09:56:00
I02689,U024,F087,click,,2026-02-15T22:44:00
I02690,U037,F012,click,,2026-02-12T03:24:00
I02691,U003,F075,like,,2026-01-01T06:33:00
I02692,U011,F051,skip,,2026-02-04T20:15:00
I02693,U019,F079,dislike,,2026-03-20T09:42:00
I02694,U009,F009,click,,2026-01-21T21:57:00
I02695,U050,F090,save,,2026-01-29T23:31:00
I02696,U019,F005,like,,2026-01-21T23:43:00
I02697,U031,F058,save,,2026-02-07T22:18:00
I02698,U046,F052,click,,2026-02-09T22:44:00
I02699,U021,F027,like,,2026-01-20T01:15:00
I02700,U006,F008,dislike,,2026-01-14T15:19:00
I02701,U009,F020,dislike,,2026-02-12T23:28:00
I02702,U021,F075,save,,2026-02-22T04:11:00
I02703,U042,F086,skip,,2026-03-17T10:19:00
I02704,U046,F027,skip,,2026-02-16T05:20:00
I02705,U026,F025,dislike,,2026-02-02T13:17:00
I02706,U012,F064,click,,2026-02-11T15:20:00
I02707,U009,F042,skip,,2026-03-26T10:44:00
I02708,U049,F073,dislike,,2026-01-22T08:33:00
I02709,U027,F012,rating,4,2026-01-06T04:47:00
I02710,U016,F066,rating,4,2026-01-24T14:15:00
I02711,U003,F099,like,,2026-02-13T20:59:00
I02712,U024,F044,save,,2026-03-06T06:53:00
I02713,U014,F019,save,,2026-03-06T09:20:00
I02714,U034,F051,click,,2026-03-20T20:53:00
I02715,U013,F056,skip,,2026-01-06T15:31:00
I02716,U047,F076,skip,,2026-02-28T01:31:00
I02717,U019,F043,save,,2026-01-09T16:11:00
I02718,U027,F060,skip,,2026-01-30T10:45:00
I02719,U038,F029,dislike,,2026-03-25T01:19:00
I02720,U015,F086,dislike,,2026-02-03T00:08:00
I02721,U034,F030,rating,5,2026-01-31T13:33:00
I02722,U001,F056,like,,2026-02-05T18:16:00
I02723,U035,F054,click,,2026-03-23T10:27:00
I02724,U050,F077,skip,,2026-03-16T07:17:00
I02725,U035,F085,skip,,2026-01-31T13:16:00
I02726,U036,F093,save,,2026-01-26T00:29:00
I02727,U044,F055,save,,2026-03-03T00:42:00
I02728,U007,F017,skip,,2026-01-22T22:26:00
I02729,U019,F086,like,,2026-02-24T06:57:00
I02730,U047,F021,skip,,2026-02-06T10:33:00
I02731,U035,F089,dislike,,2026-01-20T04:08:00
I02732,U001,F031,click,,2026-02-04T06:06:00
I02733,U008,F098,like,,2026-03-10T15:52:00
I02734,U033,F016,save,,2026-01-11T12:09:00
I02735,U006,F046,click,,2026-03-11T08:32:00
I02736,U047,F003,skip,,2026-01-12T02:09:00
I02737,U011,F019,save,,2026-03-30T18:15:00
I02738,U013,F062,skip,,2026-02-14T01:01:00
I02739,U022,F050,skip,,2026-03-07T13:44:00
I02740,U014,F022,save,,2026-03-17T23:48:00
I02741,U005,F096,save,,2026-03-05T19:01:00
I02742,U050,F059,skip,,2026-01-26T01:25:00
I02743,U003,F058,save,,2026-01-03T22:41:00
I02744,U024,F084,click,,2026-01-01T10:45:00
I02745,U030,F011,like,,2026-03-08T19:09:00
I02746,U050,F015,skip,,2026-03-12T18:49:00
I02747,U047,F098,save,,2026-01-05T21:46:00
I02748,U021,F032,click,,2026-02-07T01:19:00
I02749,U007,F008,skip,,2026-01-18T23:45:00
I02750,U017,F049,dislike,,2026-02-22T02:32:00
I02751,U034,F047,like,,2026-02-08T13:53:00
I02752,U002,F004,dislike,,2026-01-12T04:41:00
I02753,U034,F078,dislike,,2026-01-15T03:14:00
I02754,U017,F099,click,,2026-01-24T19:40:00
I02755,U014,F075,dislike,,2026-02-05T10:37:00
I02756,U049,F071,click,,2026-01-11T18:44:00
I02757,U037,F089,click,,2026-03-26T10:09:00
I02758,U007,F052,dislike,,2026-02-23T03:10:00
I02759,U043,F043,like,,2026-01-09T03:13:00
I02760,U038,F001,save,,2026-03-02T12:19:00
I02761,U026,F070,like,,2026-03-13T08:27:00
I02762,U006,F043,skip,,2026-03-14T23:55:00
I02763,U007,F081,skip,,2026-01-17T05:46:00
I02764,U048,F088,click,,2026-01-01T23:15:00
I02765,U034,F035,skip,,2026-01-25T16:48:00
I02766,U036,F031,like,,2026-03-27T13:15:00
I02767,U013,F068,dislike,,2026-03-17T14:02:00
I02768,U038,F037,save,,2026-01-16T14:20:00
I02769,U017,F083,like,,2026-01-15T13:50:00
I02770,U038,F025,skip,,2026-03-15T06:17:00
I02771,U042,F075,save,,2026-01-17T01:22:00
I02772,U015,F032,skip,,2026-03-29T13:28:00
I02773,U009,F028,like,,2026-01-01T22:14:00
I02774,U014,F092,save,,2026-02-22T03:39:00
I02775,U022,F027,like,,2026-03-24T04:12:00
I02776,U024,F042,dislike,,2026-03-08T23:13:00
I02777,U018,F057,click,,2026-01-19T07:03:00
I02778,U025,F046,save,,2026-03-26T08:17:00
I02779,U032,F063,skip,,2026-02-02T00:06:00
I02780,U028,F060,click,,2026-01-08T15:39:00
I02781,U034,F038,like,,2026-02-06T04:48:00
I02782,U019,F036,click,,2026-03-02T18:04:00
I02783,U005,F076,like,,2026-01-29T15:20:00
I02784,U013,F089,click,,2026-02-19T09:12:00
I02785,U011,F062,rating,4,2026-01-31T22:01:00
I02786,U032,F050,rating,4,2026-01-15T09:08:00
I02787,U047,F048,skip,,2026-02-04T22:28:00
I02788,U034,F040,dislike,,2026-03-14T03:39:00
I02789,U016,F037,dislike,,2026-03-27T18:58:00
I02790,U040,F074,skip,,2026-01-24T21:25:00
I02791,U032,F068,rating,5,2026-03-30T18:54:00
I02792,U027,F073,save,,2026-01-24T03:42:00
I02793,U047,F040,skip,,2026-03-31T09:16:00
I02794,U038,F026,skip,,2026-03-19T19:17:00
I02795,U037,F046,save,,2026-01-26T08:21:00
I02796,U021,F006,dislike,,2026-01-31T18:10:00
I02797,U022,F064,rating,4,2026-03-30T02:36:00
I02798,U007,F073,dislike,,2026-01-06T06:59:00
I02799,U030,F053,click,,2026-01-14T23:14:00
I02800,U036,F057,dislike,,2026-01-28T07:27:00
I02801,U024,F013,like,,2026-03-17T13:57:00
I02802,U008,F036,click,,2026-01-27T03:11:00
I02803,U022,F031,dislike,,2026-02-02T20:25:00
I02804,U035,F096,skip,,2026-01-06T16:14:00
I02805,U045,F036,save,,2026-03-31T00:13:00
I02806,U032,F028,click,,2026-01-13T03:01:00
I02807,U033,F075,save,,2026-01-01T14:34:00
I02808,U045,F045,skip,,2026-03-13T23:45:00
I02809,U011,F004,click,,2026-03-15T00:43:00
I02810,U043,F036,click,,2026-01-30T01:32:00
I02811,U047,F023,like,,2026-01-17T10:04:00
I02812,U030,F008,dislike,,2026-01-18T01:04:00
I02813,U008,F093,dislike,,2026-03-22T10:13:00
I02814,U044,F056,like,,2026-01-21T16:10:00
I02815,U025,F001,like,,2026-01-23T23:21:00
I02816,U027,F014,like,,2026-01-10T05:14:00
I02817,U027,F014,save,,2026-01-22T09:05:00
I02818,U046,F067,click,,2026-03-09T20:11:00
I02819,U038,F043,dislike,,2026-03-18T18:11:00
I02820,U043,F073,like,,2026-01-23T20:51:00
I02821,U029,F036,save,,2026-01-03T06:41:00
I02822,U026,F038,save,,2026-01-12T19:50:00
I02823,U008,F089,like,,2026-03-31T18:12:00
I02824,U008,F072,rating,4,2026-01-07T17:40:00
I02825,U012,F069,skip,,2026-01-31T01:43:00
I02826,U033,F078,dislike,,2026-03-10T18:51:00
I02827,U006,F044,like,,2026-02-03T11:20:00
I02828,U036,F018,dislike,,2026-03-04T07:00:00
I02829,U009,F029,dislike,,2026-01-19T21:19:00
I02830,U029,F010,skip,,2026-01-11T10:59:00
I02831,U030,F022,click,,2026-02-13T01:01:00
I02832,U003,F098,like,,2026-03-27T23:34:00
I02833,U002,F093,like,,2026-03-23T19:59:00
I02834,U006,F011,skip,,2026-01-13T14:59:00
I02835,U035,F083,click,,2026-03-19T00:52:00
I02836,U047,F020,dislike,,2026-03-28T03:55:00
I02837,U033,F083,like,,2026-01-21T02:54:00
I02838,U035,F019,save,,2026-03-03T09:48:00
I02839,U032,F067,dislike,,2026-01-23T09:51:00
I02840,U033,F080,dislike,,2026-03-02T01:22:00
I02841,U033,F056,dislike,,2026-01-07T00:05:00
I02842,U043,F034,dislike,,2026-03-23T11:39:00
I02843,U006,F047,dislike,,2026-01-20T13:49:00
I02844,U025,F073,like,,2026-02-04T17:27:00
I02845,U015,F042,dislike,,2026-02-09T05:48:00
I02846,U037,F049,skip,,2026-01-06T21:20:00
I02847,U031,F007,dislike,,2026-03-19T20:57:00
I02848,U036,F059,skip,,2026-01-03T21:18:00
I02849,U050,F082,click,,2026-03-09T06:18:00
I02850,U009,F009,click,,2026-01-16T13:22:00
I02851,U017,F068,save,,2026-03-09T00:10:00
I02852,U017,F081,click,,2026-03-24T06:03:00
I02853,U036,F061,rating,4,2026-02-18T06:24:00
I02854,U034,F083,like,,2026-01-20T22:58:00
I02855,U005,F019,skip,,2026-02-07T05:49:00
I02856,U034,F074,skip,,2026-02-09T13:54:00
I02857,U020,F021,click,,2026-01-17T12:34:00
I02858,U047,F093,skip,,2026-01-14T10:34:00
I02859,U050,F033,click,,2026-02-19T09:57:00
I02860,U041,F050,rating,5,2026-02-07T01:26:00
I02861,U012,F052,skip,,2026-02-17T11:36:00
I02862,U035,F088,like,,2026-01-03T22:49:00
I02863,U006,F061,skip,,2026-02-05T09:55:00
I02864,U033,F074,skip,,2026-01-03T07:42:00
I02865,U047,F014,skip,,2026-03-06T17:42:00
I02866,U012,F036,click,,2026-03-01T20:49:00
I02867,U045,F008,dislike,,2026-02-07T23:26:00
I02868,U041,F008,dislike,,2026-01-27T07:22:00
I02869,U014,F098,dislike,,2026-03-09T08:47:00
I02870,U038,F041,dislike,,2026-01-29T04:49:00
I02871,U007,F012,save,,2026-03-09T15:55:00
I02872,U047,F016,skip,,2026-01-26T08:13:00
I02873,U038,F012,like,,2026-01-28T04:35:00
I02874,U026,F083,like,,2026-02-22T01:11:00
I02875,U047,F010,click,,2026-03-20T17:14:00
I02876,U032,F098,click,,2026-01-13T15:45:00
I02877,U033,F053,skip,,2026-03-09T00:17:00
I02878,U001,F024,like,,2026-01-04T20:00:00
I02879,U007,F043,like,,2026-01-17T20:23:00
I02880,U034,F002,like,,2026-03-02T21:44:00
I02881,U045,F064,like,,2026-03-18T04:05:00
I02882,U047,F054,click,,2026-03-29T07:17:00
I02883,U026,F048,dislike,,2026-01-08T02:36:00
I02884,U020,F078,like,,2026-03-09T21:49:00
I02885,U050,F074,skip,,2026-01-29T07:53:00
I02886,U026,F068,click,,2026-03-17T04:45:00
I02887,U049,F053,click,,2026-01-21T07:21:00
I02888,U039,F078,dislike,,2026-02-27T09:23:00
I02889,U022,F044,like,,2026-01-05T23:44:00
I02890,U048,F094,save,,2026-02-22T01:27:00
I02891,U024,F081,click,,2026-01-31T16:48:00
I02892,U026,F055,skip,,2026-01-06T17:43:00
I02893,U045,F013,like,,2026-01-03T01:26:00
I02894,U013,F008,dislike,,2026-02-19T13:34:00
I02895,U039,F012,skip,,2026-02-19T05:15:00
I02896,U044,F059,rating,4,2026-01-13T05:59:00
I02897,U050,F028,like,,2026-01-07T14:40:00
I02898,U033,F071,save,,2026-03-04T21:22:00
I02899,U032,F055,skip,,2026-01-19T21:12:00
I02900,U014,F068,dislike,,2026-01-06T03:57:00
I02901,U016,F039,dislike,,2026-03-09T15:16:00
I02902,U050,F025,dislike,,2026-03-27T18:46:00
I02903,U048,F068,like,,2026-01-30T22:01:00
I02904,U024,F079,dislike,,2026-03-27T12:38:00
I02905,U029,F089,skip,,2026-01-07T17:19:00
I02906,U024,F073,dislike,,2026-02-07T09:45:00
I02907,U037,F024,skip,,2026-02-27T08:42:00
I02908,U038,F022,skip,,2026-03-15T21:17:00
I02909,U041,F054,skip,,2026-02-18T22:25:00
I02910,U019,F071,skip,,2026-03-28T23:09:00
I02911,U049,F059,save,,2026-01-19T18:16:00
I02912,U024,F075,click,,2026-02-01T05:00:00
I02913,U022,F073,like,,2026-03-06T10:34:00
I02914,U037,F080,click,,2026-01-23T06:29:00
I02915,U007,F024,click,,2026-01-29T10:02:00
I02916,U050,F019,skip,,2026-03-14T19:06:00
I02917,U004,F053,dislike,,2026-03-13T16:08:00
I02918,U010,F051,skip,,2026-02-23T01:02:00
I02919,U042,F057,like,,2026-03-13T07:47:00
I02920,U034,F078,save,,2026-03-19T12:20:00
I02921,U042,F032,skip,,2026-03-26T19:09:00
I02922,U049,F003,click,,2026-01-01T11:45:00
I02923,U027,F085,like,,2026-03-30T19:19:00
I02924,U040,F056,save,,2026-01-19T13:51:00
I02925,U038,F098,skip,,2026-02-25T22:33:00
I02926,U018,F012,like,,2026-02-18T11:45:00
I02927,U027,F081,click,,2026-01-02T19:10:00
I02928,U031,F055,click,,2026-01-19T06:29:00
I02929,U034,F041,rating,4,2026-02-02T06:33:00
I02930,U050,F035,like,,2026-03-17T10:36:00
I02931,U033,F035,like,,2026-01-04T05:36:00
I02932,U031,F097,dislike,,2026-03-07T14:49:00
I02933,U039,F051,dislike,,2026-01-08T03:59:00
I02934,U049,F050,dislike,,2026-03-27T06:35:00
I02935,U040,F043,click,,2026-01-04T01:38:00
I02936,U005,F049,skip,,2026-02-05T02:44:00
I02937,U019,F081,click,,2026-02-11T01:51:00
I02938,U030,F053,click,,2026-03-08T06:41:00
I02939,U038,F057,skip,,2026-01-07T12:34:00
I02940,U015,F082,like,,2026-03-05T15:02:00
I02941,U029,F077,like,,2026-02-27T04:46:00
I02942,U047,F052,skip,,2026-01-17T20:21:00
I02943,U009,F045,click,,2026-03-04T21:20:00
I02944,U031,F050,click,,2026-03-14T23:52:00
I02945,U039,F009,dislike,,2026-02-20T17:53:00
I02946,U044,F069,click,,2026-01-26T06:55:00
I02947,U030,F030,like,,2026-02-10T12:12:00
I02948,U046,F022,click,,2026-02-21T03:42:00
I02949,U030,F070,skip,,2026-01-27T05:36:00
I02950,U044,F014,like,,2026-02-18T03:50:00
I02951,U015,F097,click,,2026-03-27T10:50:00
I02952,U009,F060,save,,2026-02-14T12:50:00
I02953,U008,F025,like,,2026-03-27T18:36:00
I02954,U019,F040,like,,2026-01-22T19:45:00
I02955,U021,F007,like,,2026-03-07T01:28:00
I02956,U007,F056,rating,4,2026-02-27T06:59:00
I02957,U044,F033,dislike,,2026-03-10T03:41:00
I02958,U010,F060,skip,,2026-03-07T05:48:00
I02959,U012,F010,like,,2026-01-12T16:46:00
I02960,U038,F069,dislike,,2026-01-25T08:54:00
I02961,U034,F054,save,,2026-03-04T23:26:00
I02962,U039,F057,like,,2026-01-30T18:24:00
I02963,U016,F015,dislike,,2026-03-29T10:52:00
I02964,U027,F004,save,,2026-02-27T00:46:00
I02965,U032,F090,skip,,2026-02-24T13:44:00
I02966,U044,F016,click,,2026-02-21T16:56:00
I02967,U016,F052,click,,2026-01-02T12:27:00
I02968,U049,F001,dislike,,2026-03-26T05:50:00
I02969,U012,F029,dislike,,2026-01-21T02:56:00
I02970,U026,F087,dislike,,2026-02-12T18:24:00
I02971,U029,F014,skip,,2026-01-20T02:29:00
I02972,U034,F084,dislike,,2026-03-15T04:44:00
I02973,U021,F073,save,,2026-03-18T01:20:00
I02974,U036,F076,skip,,2026-01-31T14:40:00
I02975,U040,F078,skip,,2026-01-03T05:24:00
I02976,U009,F005,skip,,2026-03-19T23:36:00
I02977,U047,F030,skip,,2026-03-18T23:36:00
I02978,U017,F065,skip,,2026-02-08T20:40:00
I02979,U022,F095,save,,2026-01-09T22:05:00
I02980,U006,F037,save,,2026-03-06T15:37:00
I02981,U049,F005,skip,,2026-02-15T06:06:00
I02982,U016,F070,like,,2026-01-26T18:24:00
I02983,U050,F085,rating,5,2026-02-05T12:59:00
I02984,U050,F010,dislike,,2026-03-22T22:39:00
I02985,U030,F064,skip,,2026-03-11T05:07:00
I02986,U040,F074,skip,,2026-01-20T04:25:00
I02987,U021,F067,skip,,2026-01-05T21:57:00
I02988,U035,F041,dislike,,2026-03-24T06:21:00
I02989,U044,F081,dislike,,2026-03-31T09:11:00
I02990,U002,F085,dislike,,2026-02-19T13:00:00
I02991,U047,F080,save,,2026-01-05T01:02:00
I02992,U044,F016,click,,2026-01-23T11:41:00
I02993,U024,F035,rating,5,2026-02-28T20:15:00
I02994,U026,F026,click,,2026-03-20T10:02:00
I02995,U012,F082,rating,5,2026-02-20T07:35:00
I02996,U013,F070,click,,2026-01-14T11:36:00
I02997,U026,F022,save,,2026-02-11T06:22:00
I02998,U035,F098,rating,5,2026-01-23T11:43:00
I02999,U025,F022,dislike,,2026-03-17T07:33:00
I03000,U045,F029,save,,2026-03-29T12:37:00
I03001,U007,F029,click,,2026-01-14T19:06:00
I03002,U046,F051,dislike,,2026-03-24T16:42:00
I03003,U034,F034,click,,2026-03-13T11:04:00
I03004,U002,F079,save,,2026-03-29T09:48:00
I03005,U017,F029,like,,2026-03-21T04:05:00
I03006,U044,F066,dislike,,2026-01-15T16:25:00
I03007,U039,F062,like,,2026-02-12T19:51:00
I03008,U016,F035,dislike,,2026-02-16T07:10:00
I03009,U026,F040,like,,2026-01-14T11:09:00
I03010,U021,F026,click,,2026-02-16T21:08:00
I03011,U014,F054,click,,2026-03-09T03:19:00
I03012,U016,F055,dislike,,2026-01-03T21:11:00
I03013,U018,F020,skip,,2026-01-14T09:40:00
I03014,U050,F012,like,,2026-02-28T13:04:00
I03015,U040,F068,dislike,,2026-03-17T17:52:00
I03016,U031,F072,click,,2026-01-17T16:18:00
I03017,U001,F035,like,,2026-03-07T17:58:00
I03018,U036,F099,like,,2026-01-18T11:17:00
I03019,U036,F100,like,,2026-02-11T19:55:00
I03020,U033,F054,skip,,2026-02-26T09:32:00
I03021,U020,F022,click,,2026-03-07T11:30:00
I03022,U048,F086,save,,2026-03-17T14:24:00
I03023,U024,F041,click,,2026-02-06T06:04:00
I03024,U033,F017,save,,2026-01-16T02:49:00
I03025,U045,F055,dislike,,2026-01-01T01:20:00
I03026,U003,F020,dislike,,2026-01-30T20:00:00
I03027,U042,F030,like,,2026-03-24T03:57:00
I03028,U021,F041,like,,2026-02-13T16:24:00
I03029,U003,F067,skip,,2026-03-13T06:13:00
I03030,U044,F013,dislike,,2026-03-08T17:54:00
I03031,U040,F050,save,,2026-03-04T04:55:00
I03032,U032,F089,dislike,,2026-02-27T21:45:00
I03033,U029,F093,skip,,2026-01-20T00:13:00
I03034,U009,F047,click,,2026-01-22T12:35:00
I03035,U019,F027,dislike,,2026-01-28T05:54:00
I03036,U046,F070,dislike,,2026-01-18T06:29:00
I03037,U005,F017,like,,2026-03-24T00:14:00
I03038,U041,F040,dislike,,2026-01-02T03:04:00
I03039,U034,F032,skip,,2026-01-27T18:52:00
I03040,U030,F045,like,,2026-03-02T13:47:00
I03041,U034,F091,save,,2026-01-24T11:56:00
I03042,U031,F060,skip,,2026-02-16T19:11:00
I03043,U041,F035,like,,2026-03-15T01:06:00
I03044,U021,F019,skip,,2026-03-27T15:28:00
I03045,U025,F085,skip,,2026-02-20T01:48:00
I03046,U036,F024,click,,2026-03-24T16:00:00
I03047,U012,F009,dislike,,2026-02-26T07:24:00
I03048,U037,F084,like,,2026-01-04T11:07:00
I03049,U012,F023,rating,4,2026-02-22T05:50:00
I03050,U007,F094,dislike,,2026-03-16T02:34:00
I03051,U041,F039,save,,2026-01-31T05:41:00
I03052,U021,F084,rating,4,2026-02-10T18:58:00
I03053,U020,F035,skip,,2026-03-24T15:48:00
I03054,U048,F096,dislike,,2026-02-20T09:53:00
I03055,U016,F003,dislike,,2026-02-02T19:42:00
I03056,U050,F064,skip,,2026-01-24T15:15:00
I03057,U039,F075,dislike,,2026-01-23T15:01:00
I03058,U005,F021,like,,2026-03-18T15:59:00
I03059,U049,F068,skip,,2026-01-28T16:44:00
I03060,U046,F042,click,,2026-03-08T08:17:00
I03061,U009,F020,save,,2026-01-13T04:35:00
I03062,U024,F051,skip,,2026-01-07T18:42:00
I03063,U013,F023,like,,2026-03-12T16:41:00
I03064,U039,F088,skip,,2026-03-06T19:25:00
I03065,U029,F045,skip,,2026-02-17T22:46:00
I03066,U033,F046,save,,2026-02-20T02:04:00
I03067,U049,F099,like,,2026-02-08T08:03:00
I03068,U025,F083,save,,2026-03-15T10:56:00
I03069,U008,F059,click,,2026-01-21T07:10:00
I03070,U047,F074,click,,2026-01-03T05:05:00
I03071,U042,F074,rating,5,2026-03-26T00:49:00
I03072,U006,F039,like,,2026-03-07T06:34:00
I03073,U004,F079,click,,2026-03-15T14:11:00
I03074,U031,F011,save,,2026-01-12T20:46:00
I03075,U008,F019,save,,2026-01-20T03:56:00
I03076,U014,F021,save,,2026-03-31T15:42:00
I03077,U027,F060,dislike,,2026-01-15T20:40:00
I03078,U050,F096,dislike,,2026-02-18T13:44:00
I03079,U007,F017,dislike,,2026-03-21T01:05:00
I03080,U029,F018,skip,,2026-03-09T14:56:00
I03081,U016,F026,skip,,2026-01-28T01:15:00
I03082,U019,F074,like,,2026-01-27T18:18:00
I03083,U001,F085,save,,2026-03-27T10:17:00
I03084,U050,F067,click,,2026-02-06T06:00:00
I03085,U007,F012,click,,2026-03-29T13:28:00
I03086,U041,F068,like,,2026-01-02T19:40:00
I03087,U043,F042,dislike,,2026-02-06T12:49:00
I03088,U009,F003,skip,,2026-03-31T12:31:00
I03089,U023,F093,click,,2026-03-25T00:02:00
I03090,U014,F092,save,,2026-01-17T23:42:00
I03091,U038,F064,skip,,2026-01-30T15:29:00
I03092,U008,F019,like,,2026-02-15T18:45:00
I03093,U021,F070,dislike,,2026-01-17T07:14:00
I03094,U002,F034,click,,2026-01-20T00:52:00
I03095,U010,F062,skip,,2026-02-16T20:57:00
I03096,U011,F062,save,,2026-01-08T05:40:00
I03097,U039,F080,click,,2026-01-11T14:43:00
I03098,U028,F076,like,,2026-01-17T09:36:00
I03099,U034,F084,dislike,,2026-02-10T08:54:00
I03100,U011,F088,dislike,,2026-03-31T09:44:00
I03101,U003,F032,like,,2026-02-16T13:50:00
I03102,U032,F073,skip,,2026-02-17T14:26:00
I03103,U020,F080,like,,2026-03-28T11:52:00
I03104,U024,F037,dislike,,2026-02-01T08:34:00
I03105,U031,F014,click,,2026-03-01T14:49:00
I03106,U001,F015,like,,2026-01-16T17:33:00
I03107,U008,F005,click,,2026-02-22T18:54:00
I03108,U015,F013,dislike,,2026-01-12T16:41:00
I03109,U011,F055,skip,,2026-03-08T03:19:00
I03110,U047,F086,dislike,,2026-03-17T01:02:00
I03111,U047,F014,skip,,2026-03-01T02:52:00
I03112,U013,F066,save,,2026-02-01T01:50:00
I03113,U030,F092,like,,2026-01-07T09:49:00
I03114,U024,F068,skip,,2026-01-26T13:40:00
I03115,U012,F015,dislike,,2026-03-14T14:51:00
I03116,U012,F045,skip,,2026-02-15T15:15:00
I03117,U028,F091,dislike,,2026-01-04T06:58:00
I03118,U008,F072,like,,2026-03-27T06:50:00
I03119,U039,F052,click,,2026-02-26T08:40:00
I03120,U028,F051,dislike,,2026-02-15T19:58:00
I03121,U005,F068,like,,2026-03-02T00:38:00
I03122,U003,F008,skip,,2026-02-24T03:25:00
I03123,U020,F043,dislike,,2026-01-09T03:58:00
I03124,U004,F058,skip,,2026-01-16T08:36:00
I03125,U003,F003,dislike,,2026-01-31T18:33:00
I03126,U050,F071,click,,2026-03-31T21:32:00
I03127,U045,F035,like,,2026-03-27T02:14:00
I03128,U021,F023,save,,2026-03-06T01:17:00
I03129,U038,F039,save,,2026-03-05T13:28:00
I03130,U039,F068,skip,,2026-03-24T02:13:00
I03131,U013,F060,skip,,2026-02-23T13:02:00
I03132,U039,F072,dislike,,2026-02-18T03:23:00
I03133,U010,F028,click,,2026-03-04T16:22:00
I03134,U037,F035,click,,2026-02-11T14:54:00
I03135,U012,F027,click,,2026-03-27T20:10:00
I03136,U039,F038,click,,2026-03-20T15:13:00
I03137,U001,F009,click,,2026-01-22T14:42:00
I03138,U043,F018,save,,2026-03-07T15:43:00
I03139,U035,F022,like,,2026-01-21T22:33:00
I03140,U043,F085,click,,2026-03-22T08:51:00
I03141,U007,F070,skip,,2026-01-31T12:36:00
I03142,U044,F090,skip,,2026-03-18T17:13:00
I03143,U050,F075,dislike,,2026-01-15T02:51:00
I03144,U029,F003,skip,,2026-03-22T20:03:00
I03145,U019,F085,click,,2026-01-10T18:39:00
I03146,U026,F034,like,,2026-01-16T15:24:00
I03147,U023,F067,click,,2026-03-15T15:01:00
I03148,U033,F048,dislike,,2026-01-23T02:06:00
I03149,U002,F034,like,,2026-02-10T16:09:00
I03150,U043,F012,dislike,,2026-01-25T12:58:00
I03151,U037,F011,like,,2026-03-24T22:48:00
I03152,U006,F021,skip,,2026-03-17T09:13:00
I03153,U011,F077,skip,,2026-03-06T05:08:00
I03154,U030,F093,skip,,2026-03-27T16:17:00
I03155,U043,F082,like,,2026-02-15T07:49:00
I03156,U046,F016,click,,2026-03-16T14:27:00
I03157,U008,F046,save,,2026-03-12T21:55:00
I03158,U016,F023,save,,2026-03-30T18:52:00
I03159,U036,F029,like,,2026-01-14T15:42:00
I03160,U038,F085,dislike,,2026-02-07T21:50:00
I03161,U003,F078,skip,,2026-02-06T20:48:00
I03162,U025,F050,click,,2026-03-20T14:39:00
I03163,U002,F035,like,,2026-01-09T15:09:00
I03164,U001,F020,dislike,,2026-01-19T05:27:00
I03165,U023,F075,click,,2026-02-22T09:23:00
I03166,U035,F070,save,,2026-03-15T07:34:00
I03167,U018,F069,save,,2026-01-30T20:57:00
I03168,U003,F056,like,,2026-03-03T05:09:00
I03169,U049,F068,save,,2026-02-24T00:45:00
I03170,U040,F009,like,,2026-01-15T20:01:00
I03171,U049,F093,skip,,2026-03-18T21:50:00
I03172,U011,F027,dislike,,2026-01-28T16:13:00
I03173,U047,F053,dislike,,2026-02-01T01:29:00
I03174,U017,F042,dislike,,2026-02-12T23:54:00
I03175,U002,F022,click,,2026-02-08T16:54:00
I03176,U010,F034,like,,2026-02-10T22:11:00
I03177,U003,F025,dislike,,2026-03-14T14:12:00
I03178,U026,F009,skip,,2026-01-09T17:36:00
I03179,U009,F090,save,,2026-03-11T21:31:00
I03180,U003,F070,click,,2026-01-01T13:40:00
I03181,U030,F071,like,,2026-02-26T09:14:00
I03182,U027,F067,dislike,,2026-01-29T11:08:00
I03183,U040,F024,skip,,2026-02-03T18:38:00
I03184,U028,F079,skip,,2026-02-01T23:51:00
I03185,U038,F051,skip,,2026-02-09T17:17:00
I03186,U025,F073,click,,2026-01-12T11:10:00
I03187,U022,F076,like,,2026-03-26T01:40:00
I03188,U008,F016,click,,2026-03-28T06:09:00
I03189,U004,F088,click,,2026-02-01T23:47:00
I03190,U025,F089,like,,2026-03-02T02:40:00
I03191,U028,F088,dislike,,2026-03-18T18:21:00
I03192,U049,F099,like,,2026-02-23T10:43:00
I03193,U016,F053,skip,,2026-01-13T17:34:00
I03194,U038,F034,save,,2026-02-18T16:34:00
I03195,U001,F007,save,,2026-03-15T10:16:00
I03196,U009,F039,save,,2026-01-23T01:36:00
I03197,U019,F049,skip,,2026-02-05T19:00:00
I03198,U040,F056,like,,2026-02-11T14:52:00
I03199,U017,F021,click,,2026-02-09T10:44:00
I03200,U028,F047,skip,,2026-03-10T00:59:00
I03201,U037,F058,dislike,,2026-02-10T07:32:00
I03202,U013,F065,dislike,,2026-01-17T08:16:00
I03203,U024,F034,click,,2026-01-17T21:37:00
I03204,U012,F099,skip,,2026-01-07T03:42:00
I03205,U026,F081,save,,2026-01-30T01:49:00
I03206,U001,F089,skip,,2026-01-24T04:02:00
I03207,U012,F020,rating,5,2026-02-24T16:19:00
I03208,U045,F085,like,,2026-02-10T20:55:00
I03209,U005,F050,like,,2026-02-05T03:24:00
I03210,U006,F048,click,,2026-02-02T18:12:00
I03211,U034,F082,like,,2026-03-10T00:30:00
I03212,U007,F061,click,,2026-03-03T16:52:00
I03213,U036,F017,like,,2026-03-15T20:19:00
I03214,U023,F057,click,,2026-02-04T15:13:00
I03215,U009,F092,like,,2026-01-22T21:47:00
I03216,U028,F010,like,,2026-01-22T01:49:00
I03217,U014,F068,click,,2026-03-03T11:40:00
I03218,U015,F056,save,,2026-02-19T18:10:00
I03219,U004,F060,click,,2026-03-23T05:45:00
I03220,U024,F034,dislike,,2026-01-17T04:12:00
I03221,U043,F072,dislike,,2026-02-11T08:38:00
I03222,U024,F097,dislike,,2026-01-05T23:04:00
I03223,U028,F033,like,,2026-03-25T15:56:00
I03224,U022,F095,like,,2026-01-10T03:48:00
I03225,U009,F025,click,,2026-02-27T09:44:00
I03226,U050,F069,skip,,2026-03-04T23:17:00
I03227,U040,F094,dislike,,2026-02-26T13:35:00
I03228,U049,F027,like,,2026-03-24T23:09:00
I03229,U048,F022,like,,2026-03-13T18:23:00
I03230,U025,F088,like,,2026-03-02T12:04:00
I03231,U046,F002,dislike,,2026-01-09T20:42:00
I03232,U025,F032,dislike,,2026-03-23T06:38:00
I03233,U003,F050,skip,,2026-01-30T11:05:00
I03234,U047,F070,dislike,,2026-03-21T07:49:00
I03235,U022,F030,dislike,,2026-03-31T21:39:00
I03236,U048,F014,skip,,2026-02-20T15:02:00
I03237,U031,F065,rating,5,2026-02-14T05:52:00
I03238,U018,F033,save,,2026-02-16T08:55:00
I03239,U017,F055,save,,2026-03-10T12:20:00
I03240,U045,F009,save,,2026-02-27T18:51:00
I03241,U007,F002,skip,,2026-03-27T10:56:00
I03242,U016,F083,like,,2026-02-28T17:08:00
I03243,U033,F085,save,,2026-02-19T21:14:00
I03244,U037,F075,skip,,2026-03-07T05:17:00
I03245,U049,F089,dislike,,2026-02-10T16:25:00
I03246,U038,F090,save,,2026-02-05T15:20:00
I03247,U044,F018,like,,2026-01-12T20:25:00
I03248,U035,F096,skip,,2026-01-23T09:08:00
I03249,U009,F027,skip,,2026-03-17T15:20:00
I03250,U011,F067,save,,2026-01-14T05:09:00
I03251,U008,F083,skip,,2026-02-20T05:21:00
I03252,U037,F027,skip,,2026-03-07T01:41:00
I03253,U046,F074,dislike,,2026-01-19T04:08:00
I03254,U003,F015,like,,2026-01-01T00:33:00
I03255,U005,F089,save,,2026-02-18T03:54:00
I03256,U003,F004,skip,,2026-03-27T19:03:00
I03257,U044,F062,dislike,,2026-03-12T02:51:00
I03258,U019,F025,click,,2026-02-06T02:06:00
I03259,U047,F031,dislike,,2026-02-10T22:10:00
I03260,U016,F083,skip,,2026-01-07T16:28:00
I03261,U018,F054,skip,,2026-03-12T21:53:00
I03262,U009,F025,like,,2026-03-17T10:47:00
I03263,U044,F013,like,,2026-01-03T15:36:00
I03264,U049,F052,dislike,,2026-02-05T11:14:00
I03265,U048,F076,click,,2026-02-12T00:40:00
I03266,U045,F006,rating,5,2026-02-24T09:10:00
I03267,U006,F010,save,,2026-02-17T10:12:00
I03268,U006,F091,click,,2026-01-29T09:37:00
I03269,U001,F058,dislike,,2026-03-20T20:11:00
I03270,U018,F099,dislike,,2026-03-20T00:30:00
I03271,U024,F099,dislike,,2026-02-23T18:42:00
I03272,U013,F038,dislike,,2026-03-14T19:16:00
I03273,U040,F052,save,,2026-01-02T18:01:00
I03274,U015,F070,save,,2026-03-23T19:18:00
I03275,U008,F061,save,,2026-03-24T16:33:00
I03276,U040,F010,like,,2026-03-17T14:38:00
I03277,U012,F047,dislike,,2026-02-28T12:52:00
I03278,U002,F089,like,,2026-01-12T04:31:00
I03279,U028,F090,dislike,,2026-03-22T17:49:00
I03280,U037,F072,dislike,,2026-01-02T10:19:00
I03281,U006,F071,skip,,2026-03-15T12:34:00
I03282,U009,F010,dislike,,2026-03-07T10:43:00
I03283,U008,F059,dislike,,2026-01-12T22:54:00
I03284,U048,F018,like,,2026-01-24T02:32:00
I03285,U007,F070,click,,2026-03-12T04:56:00
I03286,U018,F012,save,,2026-01-18T14:52:00
I03287,U018,F023,save,,2026-03-03T11:24:00
I03288,U033,F076,like,,2026-02-03T12:30:00
I03289,U018,F017,save,,2026-03-29T10:01:00
I03290,U024,F063,dislike,,2026-02-25T17:15:00
I03291,U009,F001,dislike,,2026-02-16T16:57:00
I03292,U001,F091,click,,2026-01-07T02:09:00
I03293,U041,F052,click,,2026-02-13T13:59:00
I03294,U018,F007,dislike,,2026-01-18T09:30:00
I03295,U031,F023,rating,5,2026-02-05T00:10:00
I03296,U004,F012,save,,2026-03-08T06:14:00
I03297,U011,F089,save,,2026-01-12T04:39:00
I03298,U027,F010,click,,2026-02-17T00:12:00
I03299,U031,F009,like,,2026-03-13T21:53:00
I03300,U045,F097,dislike,,2026-03-15T12:41:00
I03301,U001,F079,save,,2026-01-14T22:25:00
I03302,U006,F041,like,,2026-01-06T12:22:00
I03303,U015,F057,save,,2026-01-26T01:29:00
I03304,U003,F060,like,,2026-02-10T23:13:00
I03305,U001,F001,dislike,,2026-03-31T22:18:00
I03306,U006,F065,dislike,,2026-02-11T23:51:00
I03307,U019,F030,dislike,,2026-03-14T17:48:00
I03308,U030,F053,save,,2026-02-22T11:45:00
I03309,U009,F077,rating,4,2026-02-22T03:00:00
I03310,U040,F093,like,,2026-03-02T06:54:00
I03311,U020,F069,rating,4,2026-01-05T08:48:00
I03312,U022,F006,click,,2026-03-26T20:50:00
I03313,U026,F029,dislike,,2026-02-07T07:16:00
I03314,U047,F047,save,,2026-01-31T11:30:00
I03315,U010,F054,skip,,2026-02-04T18:37:00
I03316,U028,F005,skip,,2026-03-17T18:42:00
I03317,U015,F092,click,,2026-03-11T17:10:00
I03318,U013,F071,dislike,,2026-01-30T13:03:00
I03319,U041,F039,dislike,,2026-01-07T11:17:00
I03320,U022,F007,skip,,2026-02-05T01:42:00
I03321,U026,F047,dislike,,2026-01-11T12:25:00
I03322,U026,F021,like,,2026-01-02T20:16:00
I03323,U003,F070,click,,2026-02-11T03:39:00
I03324,U003,F064,like,,2026-01-04T22:44:00
I03325,U039,F014,dislike,,2026-01-11T03:25:00
I03326,U030,F100,dislike,,2026-03-18T23:26:00
I03327,U002,F019,like,,2026-02-26T23:16:00
I03328,U025,F007,dislike,,2026-03-23T00:48:00
I03329,U026,F092,rating,5,2026-02-04T23:50:00
I03330,U006,F088,like,,2026-01-11T22:45:00
I03331,U009,F024,dislike,,2026-03-14T12:11:00
I03332,U004,F002,like,,2026-03-31T01:43:00
I03333,U006,F041,like,,2026-01-24T11:50:00
I03334,U042,F088,dislike,,2026-03-23T21:04:00
I03335,U022,F005,dislike,,2026-03-05T03:24:00
I03336,U049,F057,click,,2026-03-01T20:18:00
I03337,U036,F007,skip,,2026-03-17T23:00:00
I03338,U024,F083,like,,2026-01-09T01:38:00
I03339,U001,F051,save,,2026-01-28T10:22:00
I03340,U050,F093,save,,2026-03-16T04:02:00
I03341,U001,F036,rating,4,2026-02-24T01:33:00
I03342,U033,F079,skip,,2026-01-09T02:27:00
I03343,U035,F039,rating,4,2026-03-25T11:29:00
I03344,U040,F079,click,,2026-02-15T11:48:00
I03345,U049,F097,like,,2026-03-14T11:37:00
I03346,U010,F006,like,,2026-01-08T13:54:00
I03347,U032,F073,dislike,,2026-01-03T13:34:00
I03348,U037,F055,click,,2026-03-12T02:00:00
I03349,U005,F070,like,,2026-02-03T01:30:00
I03350,U050,F090,click,,2026-03-06T09:06:00
I03351,U045,F088,click,,2026-01-28T22:36:00
I03352,U013,F073,dislike,,2026-03-31T12:47:00
I03353,U015,F003,save,,2026-02-18T05:21:00
I03354,U022,F042,like,,2026-02-14T00:22:00
I03355,U005,F064,like,,2026-02-02T04:26:00
I03356,U026,F024,save,,2026-02-02T06:16:00
I03357,U038,F008,skip,,2026-03-15T23:58:00
I03358,U050,F020,dislike,,2026-02-12T03:15:00
I03359,U005,F002,dislike,,2026-01-06T21:57:00
I03360,U027,F087,like,,2026-03-23T18:27:00
I03361,U036,F053,dislike,,2026-01-20T03:58:00
I03362,U006,F050,like,,2026-01-18T21:02:00
I03363,U001,F037,dislike,,2026-02-28T11:24:00
I03364,U049,F073,click,,2026-02-27T11:02:00
I03365,U037,F024,save,,2026-03-17T14:27:00
I03366,U020,F022,dislike,,2026-01-31T14:18:00
I03367,U043,F023,click,,2026-01-19T15:37:00
I03368,U024,F046,like,,2026-03-01T15:48:00
I03369,U002,F089,like,,2026-02-26T03:54:00
I03370,U006,F045,dislike,,2026-03-12T00:12:00
I03371,U012,F025,click,,2026-01-13T22:05:00
I03372,U039,F093,dislike,,2026-03-09T04:14:00
I03373,U034,F074,skip,,2026-03-29T12:29:00
I03374,U037,F013,skip,,2026-03-06T14:54:00
I03375,U014,F069,save,,2026-01-11T20:05:00
I03376,U021,F073,skip,,2026-03-02T05:42:00
I03377,U046,F089,save,,2026-01-06T01:43:00
I03378,U049,F099,like,,2026-03-10T23:52:00
I03379,U039,F028,rating,4,2026-03-07T19:51:00
I03380,U031,F023,dislike,,2026-02-09T01:49:00
I03381,U043,F013,dislike,,2026-03-03T05:32:00
I03382,U001,F007,like,,2026-02-07T18:19:00
I03383,U009,F081,click,,2026-01-18T22:36:00
I03384,U010,F008,dislike,,2026-03-04T09:30:00
I03385,U042,F028,click,,2026-03-09T03:44:00
I03386,U005,F054,click,,2026-03-15T20:33:00
I03387,U046,F026,skip,,2026-03-22T00:26:00
I03388,U009,F005,click,,2026-02-05T23:45:00
I03389,U010,F029,dislike,,2026-02-26T16:59:00
I03390,U023,F017,dislike,,2026-02-17T06:37:00
I03391,U003,F100,skip,,2026-02-23T11:27:00
I03392,U004,F053,dislike,,2026-03-29T01:57:00
I03393,U023,F092,dislike,,2026-02-26T15:35:00
I03394,U030,F046,save,,2026-03-20T18:20:00
I03395,U015,F017,skip,,2026-03-25T05:31:00
I03396,U039,F012,click,,2026-03-29T02:31:00
I03397,U031,F039,save,,2026-01-21T19:52:00
I03398,U048,F068,rating,4,2026-02-03T08:27:00
I03399,U048,F070,dislike,,2026-02-19T13:22:00
I03400,U011,F020,click,,2026-01-26T04:02:00
I03401,U027,F063,like,,2026-02-21T19:01:00
I03402,U024,F054,click,,2026-02-28T01:23:00
I03403,U025,F030,click,,2026-01-11T19:28:00
I03404,U033,F051,like,,2026-03-16T09:47:00
I03405,U050,F098,dislike,,2026-01-05T15:03:00
I03406,U028,F051,skip,,2026-03-19T06:26:00
I03407,U046,F029,like,,2026-02-08T22:05:00
I03408,U039,F049,like,,2026-01-22T13:09:00
I03409,U009,F056,dislike,,2026-02-07T05:00:00
I03410,U017,F028,skip,,2026-02-13T22:20:00
I03411,U036,F090,save,,2026-01-13T23:10:00
I03412,U033,F066,rating,5,2026-03-18T23:27:00
I03413,U040,F013,click,,2026-01-19T21:49:00
I03414,U016,F093,click,,2026-01-11T22:27:00
I03415,U039,F074,dislike,,2026-01-26T19:06:00
I03416,U022,F031,skip,,2026-02-06T15:43:00
I03417,U012,F047,dislike,,2026-01-31T07:40:00
I03418,U016,F034,click,,2026-01-05T23:32:00
I03419,U016,F010,click,,2026-03-27T18:03:00
I03420,U032,F052,rating,5,2026-02-17T15:56:00
I03421,U050,F094,skip,,2026-03-28T09:10:00
I03422,U032,F043,skip,,2026-02-04T21:41:00
I03423,U022,F026,like,,2026-02-17T19:15:00
I03424,U031,F035,click,,2026-03-18T17:09:00
I03425,U025,F009,rating,4,2026-01-11T06:02:00
I03426,U022,F037,save,,2026-01-02T19:32:00
I03427,U022,F080,dislike,,2026-01-12T11:39:00
I03428,U012,F098,like,,2026-02-17T19:39:00
I03429,U025,F051,like,,2026-01-15T08:10:00
I03430,U001,F059,dislike,,2026-01-31T12:33:00
I03431,U050,F092,dislike,,2026-01-24T13:08:00
I03432,U008,F037,save,,2026-02-03T22:12:00
I03433,U035,F075,click,,2026-01-21T14:10:00
I03434,U008,F039,click,,2026-01-28T01:54:00
I03435,U029,F073,skip,,2026-02-28T07:42:00
I03436,U007,F088,dislike,,2026-03-24T23:25:00
I03437,U047,F016,skip,,2026-02-15T05:42:00
I03438,U010,F016,click,,2026-02-27T03:09:00
I03439,U036,F036,like,,2026-03-26T09:32:00
I03440,U048,F023,rating,5,2026-02-03T09:06:00
I03441,U044,F084,skip,,2026-01-15T16:58:00
I03442,U013,F083,click,,2026-03-28T00:51:00
I03443,U045,F068,like,,2026-01-19T07:35:00
I03444,U029,F060,save,,2026-02-21T23:16:00
I03445,U021,F053,save,,2026-01-15T09:30:00
I03446,U004,F083,click,,2026-03-22T23:54:00
I03447,U023,F020,click,,2026-01-09T00:50:00
I03448,U024,F042,skip,,2026-01-06T01:14:00
I03449,U002,F020,skip,,2026-01-17T02:14:00
I03450,U020,F024,skip,,2026-01-25T04:05:00
I03451,U028,F004,dislike,,2026-03-15T23:37:00
I03452,U008,F099,skip,,2026-03-09T21:25:00
I03453,U045,F012,dislike,,2026-01-05T06:46:00
I03454,U008,F026,dislike,,2026-01-20T17:41:00
I03455,U050,F051,click,,2026-03-18T22:00:00
I03456,U012,F074,click,,2026-02-01T11:44:00
I03457,U009,F093,save,,2026-03-26T23:18:00
I03458,U014,F031,like,,2026-03-30T15:06:00
I03459,U015,F090,click,,2026-03-19T20:45:00
I03460,U012,F001,click,,2026-03-30T23:40:00
I03461,U015,F046,like,,2026-02-24T02:58:00
I03462,U033,F045,skip,,2026-01-12T01:40:00
I03463,U036,F059,like,,2026-03-19T16:59:00
I03464,U008,F098,like,,2026-01-26T13:00:00
I03465,U003,F013,like,,2026-02-20T03:24:00
I03466,U023,F083,click,,2026-03-12T07:35:00
I03467,U036,F087,click,,2026-01-12T16:49:00
I03468,U043,F081,click,,2026-02-03T18:13:00
I03469,U017,F100,dislike,,2026-02-26T08:57:00
I03470,U009,F019,click,,2026-01-28T23:34:00
I03471,U010,F019,click,,2026-03-07T00:34:00
I03472,U041,F014,dislike,,2026-01-20T11:48:00
I03473,U036,F086,skip,,2026-03-27T23:23:00
I03474,U041,F024,rating,5,2026-01-08T12:52:00
I03475,U012,F080,dislike,,2026-02-17T22:23:00
I03476,U004,F050,click,,2026-03-03T08:21:00
I03477,U005,F083,like,,2026-02-20T23:20:00
I03478,U032,F036,like,,2026-03-04T22:50:00
I03479,U021,F030,click,,2026-01-16T22:17:00
I03480,U036,F042,click,,2026-01-10T07:30:00
I03481,U050,F050,save,,2026-03-07T09:47:00
I03482,U043,F052,click,,2026-03-02T22:25:00
I03483,U024,F050,click,,2026-03-02T01:32:00
I03484,U024,F041,like,,2026-01-23T21:22:00
I03485,U043,F009,like,,2026-02-04T02:27:00
I03486,U005,F073,skip,,2026-02-12T14:37:00
I03487,U018,F003,skip,,2026-03-15T12:49:00
I03488,U038,F028,skip,,2026-03-05T12:12:00
I03489,U012,F008,like,,2026-01-18T00:37:00
I03490,U017,F022,dislike,,2026-01-02T02:25:00
I03491,U040,F084,dislike,,2026-03-26T03:03:00
I03492,U010,F040,like,,2026-02-01T14:40:00
I03493,U040,F052,save,,2026-02-28T13:51:00
I03494,U003,F073,skip,,2026-01-10T05:37:00
I03495,U028,F063,dislike,,2026-03-19T06:19:00
I03496,U009,F057,skip,,2026-01-04T15:42:00
I03497,U022,F090,skip,,2026-03-21T16:13:00
I03498,U042,F070,dislike,,2026-03-23T07:05:00
I03499,U041,F088,click,,2026-03-30T10:32:00
I03500,U013,F015,skip,,2026-02-18T11:13:00
I03501,U020,F025,save,,2026-03-16T21:44:00
I03502,U022,F024,like,,2026-01-21T04:07:00
I03503,U038,F009,dislike,,2026-02-14T16:35:00
I03504,U025,F035,skip,,2026-02-28T09:41:00
I03505,U031,F001,dislike,,2026-02-23T19:09:00
I03506,U030,F051,save,,2026-02-25T16:56:00
I03507,U026,F039,skip,,2026-02-09T03:02:00
I03508,U027,F026,dislike,,2026-03-30T01:09:00
I03509,U017,F043,like,,2026-02-15T10:44:00
I03510,U045,F029,like,,2026-02-19T09:17:00
I03511,U037,F055,click,,2026-02-26T02:41:00
I03512,U008,F082,dislike,,2026-03-14T23:45:00
I03513,U025,F029,like,,2026-02-17T20:15:00
I03514,U030,F093,like,,2026-01-15T05:30:00
I03515,U034,F021,skip,,2026-02-24T10:13:00
I03516,U016,F011,skip,,2026-03-09T21:11:00
I03517,U036,F073,skip,,2026-02-14T09:36:00
I03518,U027,F085,like,,2026-02-12T08:56:00
I03519,U019,F096,click,,2026-01-10T10:25:00
I03520,U040,F016,rating,4,2026-03-19T08:16:00
I03521,U046,F034,save,,2026-01-29T19:37:00
I03522,U018,F053,save,,2026-03-28T22:26:00
I03523,U045,F072,like,,2026-03-17T11:12:00
I03524,U033,F054,click,,2026-01-28T19:38:00
I03525,U043,F069,click,,2026-03-16T09:12:00
I03526,U007,F032,rating,5,2026-01-17T02:05:00
I03527,U045,F023,save,,2026-01-06T16:20:00
I03528,U021,F039,skip,,2026-01-25T09:47:00
I03529,U041,F091,dislike,,2026-03-02T19:59:00
I03530,U009,F100,like,,2026-01-06T10:18:00
I03531,U018,F073,dislike,,2026-01-09T05:03:00
I03532,U047,F079,dislike,,2026-01-04T04:49:00
I03533,U048,F046,click,,2026-01-27T15:45:00
I03534,U022,F051,skip,,2026-03-18T13:22:00
I03535,U013,F043,skip,,2026-03-02T00:04:00
I03536,U036,F056,dislike,,2026-03-15T20:48:00
I03537,U014,F009,like,,2026-02-08T06:27:00
I03538,U017,F090,like,,2026-01-11T02:28:00
I03539,U015,F070,dislike,,2026-01-27T10:07:00
I03540,U012,F025,dislike,,2026-03-27T04:37:00
I03541,U003,F032,save,,2026-01-24T09:02:00
I03542,U027,F027,dislike,,2026-01-30T22:38:00
I03543,U029,F092,skip,,2026-03-30T23:01:00
I03544,U043,F051,skip,,2026-01-04T01:06:00
I03545,U036,F084,click,,2026-01-19T19:25:00
I03546,U018,F049,click,,2026-01-20T22:19:00
I03547,U006,F083,skip,,2026-02-06T02:11:00
I03548,U030,F034,like,,2026-01-27T10:52:00
I03549,U004,F020,click,,2026-02-16T01:36:00
I03550,U011,F021,skip,,2026-02-05T14:24:00
I03551,U026,F044,click,,2026-01-21T06:47:00
I03552,U013,F018,dislike,,2026-01-30T00:19:00
I03553,U009,F003,like,,2026-01-14T07:21:00
I03554,U014,F002,like,,2026-02-02T13:56:00
I03555,U030,F057,save,,2026-03-27T14:36:00
I03556,U030,F047,dislike,,2026-02-24T04:50:00
I03557,U050,F062,dislike,,2026-02-10T08:30:00
I03558,U048,F008,save,,2026-01-27T01:54:00
I03559,U006,F023,skip,,2026-03-13T08:49:00
I03560,U032,F022,like,,2026-01-17T01:35:00
I03561,U009,F070,like,,2026-03-16T00:33:00
I03562,U006,F059,click,,2026-03-26T04:31:00
I03563,U019,F007,dislike,,2026-02-22T08:50:00
I03564,U043,F070,click,,2026-01-14T16:15:00
I03565,U042,F082,dislike,,2026-02-03T14:07:00
I03566,U007,F080,skip,,2026-01-24T09:00:00
I03567,U004,F050,skip,,2026-03-10T15:02:00
I03568,U010,F087,like,,2026-03-06T02:11:00
I03569,U012,F020,like,,2026-03-16T23:29:00
I03570,U022,F050,save,,2026-02-02T17:18:00
I03571,U047,F095,like,,2026-02-01T21:24:00
I03572,U013,F058,click,,2026-01-24T03:24:00
I03573,U009,F011,like,,2026-03-09T15:37:00
I03574,U033,F006,like,,2026-03-30T18:52:00
I03575,U027,F096,save,,2026-01-10T15:30:00
I03576,U004,F063,dislike,,2026-03-22T07:41:00
I03577,U039,F020,skip,,2026-03-21T21:04:00
I03578,U017,F089,skip,,2026-01-15T16:51:00
I03579,U007,F023,rating,5,2026-02-02T08:31:00
I03580,U015,F072,dislike,,2026-02-16T09:52:00
I03581,U010,F019,like,,2026-03-28T10:56:00
I03582,U044,F034,skip,,2026-01-25T06:39:00
I03583,U048,F095,save,,2026-01-26T06:54:00
I03584,U019,F038,click,,2026-01-03T10:24:00
I03585,U033,F067,save,,2026-02-12T00:24:00
I03586,U018,F060,like,,2026-02-17T20:57:00
I03587,U044,F049,skip,,2026-01-10T20:53:00
I03588,U050,F041,save,,2026-03-05T08:47:00
I03589,U040,F090,dislike,,2026-03-23T22:27:00
I03590,U014,F021,skip,,2026-02-10T14:08:00
I03591,U015,F035,rating,5,2026-02-10T05:49:00
I03592,U011,F046,like,,2026-01-11T13:37:00
I03593,U023,F070,click,,2026-01-18T00:56:00
I03594,U042,F048,click,,2026-01-20T20:13:00
I03595,U019,F015,rating,5,2026-01-28T01:26:00
I03596,U010,F076,click,,2026-03-31T19:51:00
I03597,U026,F030,save,,2026-01-20T22:02:00
I03598,U027,F023,skip,,2026-03-27T06:08:00
I03599,U003,F056,dislike,,2026-02-03T21:16:00
I03600,U033,F004,skip,,2026-01-13T06:38:00
I03601,U014,F093,save,,2026-01-06T01:29:00
I03602,U018,F074,click,,2026-01-21T02:11:00
I03603,U042,F011,like,,2026-01-23T02:36:00
I03604,U024,F096,save,,2026-01-15T12:42:00
I03605,U035,F020,skip,,2026-03-10T17:02:00
I03606,U026,F039,dislike,,2026-03-16T03:44:00
I03607,U034,F042,save,,2026-02-19T10:33:00
I03608,U020,F097,click,,2026-01-01T01:27:00
I03609,U025,F023,save,,2026-03-05T15:05:00
I03610,U041,F068,click,,2026-03-08T11:10:00
I03611,U050,F095,skip,,2026-02-06T13:37:00
I03612,U048,F040,like,,2026-02-25T04:24:00
I03613,U014,F038,dislike,,2026-01-19T14:53:00
I03614,U010,F023,like,,2026-02-09T23:33:00
I03615,U005,F006,save,,2026-03-10T07:24:00
I03616,U008,F037,click,,2026-03-14T23:53:00
I03617,U008,F012,save,,2026-01-20T13:52:00
I03618,U038,F079,skip,,2026-03-15T23:34:00
I03619,U034,F013,skip,,2026-01-26T03:47:00
I03620,U048,F071,like,,2026-02-25T14:24:00
I03621,U027,F003,skip,,2026-01-01T02:07:00
I03622,U001,F045,skip,,2026-03-11T11:29:00
I03623,U013,F070,click,,2026-01-01T10:58:00
I03624,U041,F006,like,,2026-02-01T18:04:00
I03625,U016,F071,click,,2026-03-12T23:31:00
I03626,U011,F054,skip,,2026-03-26T19:16:00
I03627,U050,F079,save,,2026-03-10T23:48:00
I03628,U028,F021,skip,,2026-02-01T07:45:00
I03629,U012,F072,dislike,,2026-03-06T20:48:00
I03630,U025,F087,click,,2026-01-28T16:30:00
I03631,U027,F096,like,,2026-01-15T21:32:00
I03632,U035,F097,skip,,2026-02-20T15:31:00
I03633,U007,F032,like,,2026-01-14T00:01:00
I03634,U005,F025,save,,2026-01-21T06:51:00
I03635,U015,F092,dislike,,2026-03-11T17:20:00
I03636,U047,F029,like,,2026-03-18T02:09:00
I03637,U034,F062,rating,4,2026-02-21T16:27:00
I03638,U032,F050,like,,2026-03-22T12:38:00
I03639,U038,F022,click,,2026-03-10T17:50:00
I03640,U007,F084,dislike,,2026-01-10T21:12:00
I03641,U009,F060,click,,2026-01-15T15:43:00
I03642,U033,F089,rating,5,2026-03-16T18:12:00
I03643,U042,F032,dislike,,2026-03-26T16:58:00
I03644,U012,F095,click,,2026-01-20T23:56:00
I03645,U026,F049,click,,2026-02-21T18:13:00
I03646,U025,F098,click,,2026-03-15T03:12:00
I03647,U009,F042,dislike,,2026-03-06T20:14:00
I03648,U037,F021,like,,2026-02-04T22:54:00
I03649,U028,F081,skip,,2026-02-08T04:39:00
I03650,U038,F078,like,,2026-03-02T04:52:00
I03651,U049,F080,skip,,2026-02-08T02:08:00
I03652,U049,F057,dislike,,2026-01-03T19:11:00
I03653,U001,F071,skip,,2026-03-29T23:12:00
I03654,U032,F033,save,,2026-03-15T09:42:00
I03655,U026,F036,save,,2026-03-19T17:12:00
I03656,U020,F015,like,,2026-02-28T17:42:00
I03657,U041,F044,click,,2026-03-10T18:12:00
I03658,U007,F049,save,,2026-01-04T09:03:00
I03659,U019,F041,save,,2026-03-26T21:50:00
I03660,U033,F051,dislike,,2026-01-22T04:02:00
I03661,U003,F021,click,,2026-01-06T13:32:00
I03662,U026,F038,rating,4,2026-03-11T06:06:00
I03663,U018,F069,dislike,,2026-01-14T07:33:00
I03664,U001,F072,skip,,2026-01-25T22:43:00
I03665,U003,F043,save,,2026-03-11T18:48:00
I03666,U016,F080,save,,2026-01-14T18:53:00
I03667,U023,F054,dislike,,2026-01-20T15:15:00
I03668,U024,F002,like,,2026-03-28T11:46:00
I03669,U047,F050,skip,,2026-03-17T20:21:00
I03670,U023,F083,rating,5,2026-02-19T09:59:00
I03671,U007,F072,save,,2026-02-26T18:28:00
I03672,U043,F038,save,,2026-03-06T16:22:00
I03673,U047,F003,skip,,2026-01-21T14:08:00
I03674,U042,F005,save,,2026-01-27T14:35:00
I03675,U024,F089,like,,2026-02-07T10:20:00
I03676,U017,F017,click,,2026-02-20T16:31:00
I03677,U018,F086,like,,2026-02-21T12:46:00
I03678,U011,F039,dislike,,2026-01-17T03:59:00
I03679,U021,F045,skip,,2026-03-03T04:40:00
I03680,U021,F055,dislike,,2026-01-24T04:15:00
I03681,U039,F002,like,,2026-03-23T22:06:00
I03682,U043,F038,like,,2026-03-05T10:29:00
I03683,U031,F050,like,,2026-02-11T12:42:00
I03684,U039,F029,dislike,,2026-01-13T07:54:00
I03685,U035,F029,save,,2026-01-11T04:40:00
I03686,U019,F043,dislike,,2026-01-22T23:56:00
I03687,U039,F008,like,,2026-01-17T22:28:00
I03688,U012,F012,dislike,,2026-03-02T08:05:00
I03689,U050,F082,rating,5,2026-01-21T14:31:00
I03690,U050,F035,skip,,2026-02-01T21:04:00
I03691,U023,F072,save,,2026-03-12T11:05:00
I03692,U011,F024,like,,2026-03-29T11:49:00
I03693,U009,F092,dislike,,2026-01-15T17:08:00
I03694,U021,F063,like,,2026-01-09T01:52:00
I03695,U022,F007,skip,,2026-02-16T10:31:00
I03696,U039,F012,save,,2026-02-04T16:05:00
I03697,U015,F098,dislike,,2026-01-19T10:09:00
I03698,U029,F068,click,,2026-02-07T03:49:00
I03699,U030,F016,like,,2026-03-15T15:40:00
I03700,U013,F034,rating,4,2026-01-05T11:22:00
I03701,U015,F063,dislike,,2026-01-25T04:15:00
I03702,U034,F028,click,,2026-01-09T23:29:00
I03703,U013,F031,skip,,2026-03-18T06:13:00
I03704,U028,F005,skip,,2026-01-23T19:00:00
I03705,U005,F046,skip,,2026-03-02T06:42:00
I03706,U001,F037,skip,,2026-02-10T23:21:00
I03707,U005,F041,like,,2026-02-09T13:56:00
I03708,U021,F085,like,,2026-01-29T16:28:00
I03709,U033,F007,save,,2026-01-14T12:09:00
I03710,U028,F088,like,,2026-02-18T16:56:00
I03711,U006,F095,skip,,2026-01-21T20:13:00
I03712,U026,F076,click,,2026-01-29T07:09:00
I03713,U026,F018,skip,,2026-02-18T21:28:00
I03714,U028,F034,dislike,,2026-03-20T20:03:00
I03715,U037,F075,skip,,2026-01-15T01:38:00
I03716,U035,F077,save,,2026-03-15T00:34:00
I03717,U035,F030,skip,,2026-02-13T05:35:00
I03718,U007,F091,save,,2026-03-26T17:49:00
I03719,U019,F037,like,,2026-02-05T17:33:00
I03720,U050,F067,skip,,2026-03-27T20:59:00
I03721,U047,F059,skip,,2026-03-13T12:39:00
I03722,U050,F063,click,,2026-02-14T17:44:00
I03723,U009,F067,click,,2026-01-07T06:06:00
I03724,U010,F010,skip,,2026-03-10T20:47:00
I03725,U043,F085,click,,2026-01-18T10:12:00
I03726,U034,F070,save,,2026-02-27T02:47:00
I03727,U030,F002,skip,,2026-03-09T10:12:00
I03728,U017,F043,skip,,2026-01-27T14:31:00
I03729,U032,F098,skip,,2026-02-20T17:51:00
I03730,U007,F011,like,,2026-01-04T07:09:00
I03731,U034,F065,like,,2026-03-10T03:53:00
I03732,U050,F011,save,,2026-03-04T18:23:00
I03733,U006,F036,dislike,,2026-01-02T00:46:00
I03734,U048,F080,click,,2026-03-15T21:30:00
I03735,U011,F014,save,,2026-02-17T10:46:00
I03736,U010,F072,click,,2026-03-16T07:05:00
I03737,U015,F048,click,,2026-02-10T17:13:00
I03738,U035,F097,click,,2026-01-02T22:49:00
I03739,U021,F025,like,,2026-01-16T04:09:00
I03740,U037,F031,dislike,,2026-02-01T18:10:00
I03741,U009,F074,dislike,,2026-03-24T10:45:00
I03742,U023,F016,skip,,2026-03-15T02:00:00
I03743,U045,F068,save,,2026-01-13T17:08:00
I03744,U046,F016,like,,2026-01-18T10:13:00
I03745,U014,F092,like,,2026-02-13T23:47:00
I03746,U034,F064,click,,2026-01-18T15:00:00
I03747,U006,F028,skip,,2026-03-18T13:41:00
I03748,U037,F032,like,,2026-03-21T02:03:00
I03749,U046,F001,save,,2026-02-25T03:05:00
I03750,U024,F082,skip,,2026-02-01T02:56:00
I03751,U042,F043,click,,2026-01-31T19:57:00
I03752,U032,F073,like,,2026-01-15T03:27:00
I03753,U025,F038,rating,4,2026-03-26T04:34:00
I03754,U033,F031,dislike,,2026-01-04T05:24:00
I03755,U035,F077,click,,2026-02-18T13:59:00
I03756,U001,F044,dislike,,2026-03-08T02:48:00
I03757,U025,F033,click,,2026-03-29T14:04:00
I03758,U005,F005,skip,,2026-03-31T15:45:00
I03759,U021,F082,dislike,,2026-03-23T10:13:00
I03760,U027,F034,like,,2026-01-16T01:16:00
I03761,U013,F086,dislike,,2026-03-04T07:18:00
I03762,U001,F034,like,,2026-02-24T04:35:00
I03763,U033,F014,like,,2026-02-04T15:28:00
I03764,U008,F068,like,,2026-02-10T07:12:00
I03765,U002,F074,click,,2026-02-23T16:54:00
I03766,U026,F034,click,,2026-03-26T20:42:00
I03767,U041,F089,skip,,2026-01-23T17:15:00
I03768,U035,F098,click,,2026-03-07T15:30:00
I03769,U049,F035,skip,,2026-02-14T03:49:00
I03770,U046,F031,skip,,2026-03-10T15:29:00
I03771,U009,F063,like,,2026-01-26T00:43:00
I03772,U042,F055,click,,2026-01-16T03:36:00
I03773,U049,F050,click,,2026-01-05T06:55:00
I03774,U020,F027,skip,,2026-01-09T17:18:00
I03775,U032,F027,like,,2026-02-15T17:28:00
I03776,U015,F094,like,,2026-03-02T15:20:00
I03777,U001,F033,click,,2026-03-19T00:25:00
I03778,U040,F015,dislike,,2026-03-07T21:44:00
I03779,U027,F003,like,,2026-01-18T11:54:00
I03780,U017,F022,click,,2026-01-09T22:21:00
I03781,U011,F030,skip,,2026-03-25T12:09:00
I03782,U029,F060,like,,2026-02-05T02:15:00
I03783,U002,F008,skip,,2026-03-17T09:17:00
I03784,U007,F073,like,,2026-01-31T18:48:00
I03785,U042,F010,save,,2026-03-20T10:33:00
I03786,U007,F082,dislike,,2026-02-05T18:34:00
I03787,U030,F004,skip,,2026-03-02T05:09:00
I03788,U048,F050,click,,2026-03-15T13:53:00
I03789,U014,F024,like,,2026-03-05T10:11:00
I03790,U010,F024,like,,2026-03-30T22:02:00
I03791,U044,F028,like,,2026-03-10T21:13:00
I03792,U004,F005,like,,2026-02-25T03:23:00
I03793,U045,F049,save,,2026-01-20T18:38:00
I03794,U026,F058,dislike,,2026-01-20T01:11:00
I03795,U003,F077,click,,2026-02-20T14:08:00
I03796,U047,F018,like,,2026-02-22T18:33:00
I03797,U038,F004,save,,2026-03-19T10:41:00
I03798,U002,F008,like,,2026-02-12T19:13:00
I03799,U001,F004,dislike,,2026-03-01T03:03:00
I03800,U013,F097,skip,,2026-01-22T05:28:00
I03801,U006,F014,click,,2026-03-14T01:24:00
I03802,U048,F066,like,,2026-02-19T16:55:00
I03803,U010,F024,click,,2026-02-02T10:47:00
I03804,U046,F100,skip,,2026-01-15T16:55:00
I03805,U008,F073,click,,2026-01-09T16:10:00
I03806,U001,F059,like,,2026-01-07T04:56:00
I03807,U015,F098,click,,2026-01-17T06:16:00
I03808,U024,F019,like,,2026-01-19T11:41:00
I03809,U012,F028,dislike,,2026-01-11T04:50:00
I03810,U047,F086,skip,,2026-02-09T15:13:00
I03811,U031,F024,like,,2026-03-28T06:14:00
I03812,U027,F083,like,,2026-01-29T04:27:00
I03813,U031,F053,save,,2026-02-08T19:01:00
I03814,U002,F087,rating,5,2026-03-16T18:26:00
I03815,U023,F015,like,,2026-01-14T19:37:00
I03816,U043,F015,rating,4,2026-01-22T14:40:00
I03817,U035,F052,skip,,2026-03-19T18:17:00
I03818,U027,F033,like,,2026-03-07T23:01:00
I03819,U027,F017,like,,2026-01-08T00:19:00
I03820,U033,F068,save,,2026-01-04T17:26:00
I03821,U048,F030,skip,,2026-01-12T19:16:00
I03822,U008,F074,like,,2026-03-14T04:27:00
I03823,U006,F056,like,,2026-03-15T18:03:00
I03824,U050,F026,click,,2026-03-22T04:21:00
I03825,U013,F042,dislike,,2026-02-04T17:24:00
I03826,U028,F035,click,,2026-03-06T05:23:00
I03827,U008,F029,save,,2026-02-10T09:21:00
I03828,U028,F024,click,,2026-01-22T02:15:00
I03829,U011,F026,save,,2026-01-19T00:29:00
I03830,U023,F043,like,,2026-01-28T00:04:00
I03831,U004,F003,save,,2026-02-01T09:57:00
I03832,U048,F092,skip,,2026-03-17T03:47:00
I03833,U040,F001,save,,2026-03-14T03:04:00
I03834,U008,F033,click,,2026-01-03T19:47:00
I03835,U006,F050,skip,,2026-01-20T08:01:00
I03836,U009,F088,rating,5,2026-03-21T01:31:00
I03837,U025,F002,skip,,2026-02-08T18:32:00
I03838,U006,F071,rating,5,2026-02-01T01:23:00
I03839,U004,F003,click,,2026-03-17T17:34:00
I03840,U018,F088,like,,2026-01-13T08:20:00
I03841,U029,F011,skip,,2026-01-11T10:51:00
I03842,U006,F085,skip,,2026-03-30T08:50:00
I03843,U022,F065,save,,2026-02-09T05:07:00
I03844,U002,F025,click,,2026-03-27T00:24:00
I03845,U005,F047,skip,,2026-02-05T14:05:00
I03846,U027,F004,dislike,,2026-03-15T20:43:00
I03847,U039,F033,click,,2026-02-04T13:48:00
I03848,U028,F057,like,,2026-01-08T18:47:00
I03849,U009,F035,skip,,2026-01-18T18:24:00
I03850,U006,F089,click,,2026-03-25T07:35:00
I03851,U033,F058,click,,2026-01-01T05:05:00
I03852,U026,F019,like,,2026-01-09T16:57:00
I03853,U017,F089,dislike,,2026-01-30T12:14:00
I03854,U041,F025,dislike,,2026-01-29T11:45:00
I03855,U030,F003,like,,2026-03-21T03:13:00
I03856,U050,F072,skip,,2026-02-12T03:39:00
I03857,U036,F015,click,,2026-03-22T06:01:00
I03858,U041,F042,like,,2026-03-27T13:34:00
I03859,U008,F005,save,,2026-01-29T01:53:00
I03860,U017,F055,dislike,,2026-01-17T19:10:00
I03861,U016,F067,like,,2026-01-12T05:59:00
I03862,U013,F017,click,,2026-03-22T14:34:00
I03863,U005,F045,like,,2026-02-03T18:10:00
I03864,U046,F048,click,,2026-02-25T11:05:00
I03865,U015,F099,click,,2026-02-03T10:39:00
I03866,U025,F093,click,,2026-03-25T06:03:00
I03867,U010,F057,like,,2026-03-23T10:14:00
I03868,U025,F004,like,,2026-01-31T00:14:00
I03869,U024,F064,skip,,2026-01-27T10:33:00
I03870,U032,F020,like,,2026-02-23T02:50:00
I03871,U032,F053,like,,2026-02-10T03:27:00
I03872,U048,F087,save,,2026-01-24T13:27:00
I03873,U029,F001,click,,2026-02-19T11:59:00
I03874,U045,F052,click,,2026-02-05T02:36:00
I03875,U040,F057,skip,,2026-03-11T15:05:00
I03876,U033,F035,like,,2026-03-01T02:44:00
I03877,U043,F021,skip,,2026-02-16T00:30:00
I03878,U003,F053,dislike,,2026-03-07T10:21:00
I03879,U033,F073,dislike,,2026-01-19T04:17:00
I03880,U016,F041,click,,2026-02-09T01:49:00
I03881,U020,F093,skip,,2026-02-18T18:41:00
I03882,U010,F015,like,,2026-03-23T14:46:00
I03883,U017,F078,dislike,,2026-02-15T08:45:00
I03884,U037,F023,like,,2026-03-30T09:26:00
I03885,U019,F083,skip,,2026-01-13T22:53:00
I03886,U046,F079,like,,2026-03-12T02:44:00
I03887,U034,F019,like,,2026-03-27T14:38:00
I03888,U015,F040,save,,2026-02-06T17:04:00
I03889,U033,F023,skip,,2026-02-05T20:01:00
I03890,U027,F069,like,,2026-02-03T00:37:00
I03891,U023,F013,click,,2026-01-24T03:06:00
I03892,U011,F048,save,,2026-02-05T02:48:00
I03893,U047,F024,like,,2026-02-21T01:44:00
I03894,U020,F079,skip,,2026-01-01T08:10:00
I03895,U032,F019,click,,2026-03-06T13:08:00
I03896,U004,F008,dislike,,2026-03-31T06:52:00
I03897,U007,F077,click,,2026-03-21T20:37:00
I03898,U004,F011,like,,2026-01-02T07:09:00
I03899,U020,F061,dislike,,2026-03-30T16:56:00
I03900,U048,F013,skip,,2026-03-25T18:56:00
I03901,U027,F006,dislike,,2026-03-22T13:14:00
I03902,U010,F098,dislike,,2026-03-20T01:44:00
I03903,U047,F065,save,,2026-02-06T21:42:00
I03904,U030,F068,like,,2026-01-02T21:27:00
I03905,U008,F010,like,,2026-01-29T11:31:00
I03906,U034,F022,dislike,,2026-01-22T19:03:00
I03907,U034,F087,skip,,2026-01-01T16:05:00
I03908,U009,F100,click,,2026-01-30T15:58:00
I03909,U008,F054,like,,2026-03-30T17:28:00
I03910,U008,F100,rating,4,2026-01-17T06:55:00
I03911,U044,F077,skip,,2026-02-19T08:34:00
I03912,U031,F063,skip,,2026-03-04T11:33:00
I03913,U015,F006,skip,,2026-01-14T00:14:00
I03914,U012,F037,skip,,2026-03-12T12:30:00
I03915,U023,F060,skip,,2026-01-02T05:47:00
I03916,U042,F033,dislike,,2026-01-18T07:16:00
I03917,U026,F024,click,,2026-02-20T19:58:00
I03918,U003,F050,skip,,2026-03-12T12:01:00
I03919,U030,F034,save,,2026-02-19T15:06:00
I03920,U044,F088,skip,,2026-03-30T04:02:00
I03921,U016,F074,click,,2026-02-16T23:47:00
I03922,U048,F019,like,,2026-01-15T13:52:00
I03923,U020,F019,dislike,,2026-01-02T07:25:00
I03924,U013,F047,rating,5,2026-01-21T09:37:00
I03925,U014,F090,dislike,,2026-03-10T07:34:00
I03926,U037,F018,click,,2026-03-06T02:15:00
I03927,U015,F004,rating,5,2026-03-18T02:32:00
I03928,U001,F041,dislike,,2026-01-13T12:34:00
I03929,U005,F049,dislike,,2026-03-12T13:14:00
I03930,U045,F038,skip,,2026-01-30T22:47:00
I03931,U040,F043,save,,2026-01-12T00:06:00
I03932,U021,F003,click,,2026-02-05T17:01:00
I03933,U027,F034,dislike,,2026-03-06T19:58:00
I03934,U028,F016,like,,2026-02-13T10:57:00
I03935,U048,F098,dislike,,2026-03-11T02:36:00
I03936,U029,F064,like,,2026-01-30T20:12:00
I03937,U024,F098,save,,2026-02-13T12:21:00
I03938,U017,F020,rating,4,2026-03-27T20:25:00
I03939,U030,F021,like,,2026-01-20T10:05:00
I03940,U019,F056,click,,2026-02-17T09:33:00
I03941,U028,F099,like,,2026-02-15T02:12:00
I03942,U029,F014,like,,2026-03-06T15:49:00
I03943,U008,F047,like,,2026-03-25T16:24:00
I03944,U035,F083,skip,,2026-01-08T07:23:00
I03945,U007,F063,rating,4,2026-01-24T15:05:00
I03946,U019,F010,skip,,2026-02-11T15:40:00
I03947,U043,F024,like,,2026-01-23T11:20:00
I03948,U017,F099,skip,,2026-02-21T05:02:00
I03949,U029,F024,click,,2026-01-06T15:18:00
I03950,U027,F055,like,,2026-03-25T12:52:00
I03951,U044,F027,click,,2026-01-27T11:32:00
I03952,U014,F094,rating,5,2026-02-23T23:36:00
I03953,U009,F046,like,,2026-03-09T14:43:00
I03954,U047,F065,skip,,2026-02-22T22:55:00
I03955,U045,F004,skip,,2026-03-08T13:25:00
I03956,U038,F087,like,,2026-02-12T12:38:00
I03957,U050,F031,like,,2026-01-04T23:27:00
I03958,U034,F078,skip,,2026-03-15T14:16:00
I03959,U048,F011,dislike,,2026-02-27T14:38:00
I03960,U017,F100,like,,2026-03-25T10:58:00
I03961,U027,F058,save,,2026-03-18T15:48:00
I03962,U032,F091,like,,2026-02-25T02:37:00
I03963,U038,F091,dislike,,2026-03-09T08:51:00
I03964,U010,F024,click,,2026-01-17T15:32:00
I03965,U047,F027,click,,2026-01-23T21:57:00
I03966,U010,F062,click,,2026-03-01T12:39:00
I03967,U042,F063,dislike,,2026-03-04T03:38:00
I03968,U028,F022,like,,2026-03-20T18:32:00
I03969,U024,F015,click,,2026-02-21T19:41:00
I03970,U036,F030,like,,2026-01-14T14:30:00
I03971,U038,F002,click,,2026-01-23T06:23:00
I03972,U002,F024,click,,2026-03-14T18:45:00
I03973,U001,F013,click,,2026-01-24T23:09:00
I03974,U026,F035,like,,2026-02-24T18:38:00
I03975,U002,F010,click,,2026-01-03T07:22:00
I03976,U006,F052,skip,,2026-01-06T11:41:00
I03977,U044,F002,dislike,,2026-01-26T07:07:00
I03978,U012,F053,dislike,,2026-02-05T12:51:00
I03979,U037,F029,click,,2026-02-26T05:27:00
I03980,U037,F036,skip,,2026-01-31T18:57:00
I03981,U001,F070,save,,2026-02-20T11:05:00
I03982,U017,F008,dislike,,2026-03-20T18:46:00
I03983,U021,F014,dislike,,2026-03-19T07:40:00
I03984,U009,F060,click,,2026-03-05T06:09:00
I03985,U035,F012,save,,2026-02-19T07:35:00
I03986,U023,F084,rating,5,2026-01-08T04:16:00
I03987,U028,F092,dislike,,2026-02-12T05:51:00
I03988,U030,F022,dislike,,2026-01-27T20:04:00
I03989,U032,F034,skip,,2026-02-17T00:47:00
I03990,U029,F093,click,,2026-02-25T10:17:00
I03991,U001,F054,click,,2026-02-22T00:44:00
I03992,U011,F006,skip,,2026-01-14T19:17:00
I03993,U011,F077,like,,2026-01-10T12:40:00
I03994,U050,F039,dislike,,2026-01-05T09:32:00
I03995,U017,F070,dislike,,2026-01-29T05:55:00
I03996,U011,F045,dislike,,2026-01-23T00:13:00
I03997,U011,F032,dislike,,2026-02-17T22:15:00
I03998,U022,F045,dislike,,2026-03-21T07:43:00
I03999,U022,F037,click,,2026-01-05T07:42:00
I04000,U026,F075,skip,,2026-03-13T09:43:00
I04001,U045,F027,skip,,2026-02-01T06:34:00
I04002,U011,F038,dislike,,2026-01-21T20:12:00
I04003,U028,F017,save,,2026-02-14T19:15:00
I04004,U048,F095,save,,2026-01-16T04:18:00
I04005,U018,F097,like,,2026-03-16T01:57:00
I04006,U029,F100,save,,2026-02-10T20:52:00
I04007,U039,F079,like,,2026-01-19T08:17:00
I04008,U032,F052,save,,2026-02-09T20:04:00
I04009,U024,F036,rating,5,2026-01-24T20:19:00
I04010,U050,F035,skip,,2026-02-27T11:40:00
I04011,U040,F013,dislike,,2026-02-27T02:35:00
I04012,U045,F030,like,,2026-02-21T04:22:00
I04013,U028,F036,like,,2026-03-07T21:29:00
I04014,U026,F033,click,,2026-01-19T23:56:00
I04015,U002,F080,like,,2026-01-30T00:54:00
I04016,U001,F074,save,,2026-03-10T09:10:00
I04017,U021,F018,like,,2026-01-14T02:08:00
I04018,U023,F089,like,,2026-01-02T10:50:00
I04019,U007,F035,click,,2026-01-13T19:51:00
I04020,U041,F014,save,,2026-01-07T17:39:00
I04021,U029,F063,skip,,2026-01-18T08:54:00
I04022,U030,F078,dislike,,2026-02-02T04:28:00
I04023,U010,F012,like,,2026-02-02T21:26:00
I04024,U044,F042,skip,,2026-01-15T20:09:00
I04025,U012,F095,dislike,,2026-03-11T16:29:00
I04026,U032,F006,skip,,2026-03-15T06:46:00
I04027,U014,F031,skip,,2026-03-13T14:40:00
I04028,U023,F013,skip,,2026-01-08T05:39:00
I04029,U022,F060,save,,2026-02-25T09:23:00
I04030,U004,F067,skip,,2026-02-15T17:59:00
I04031,U034,F025,skip,,2026-02-11T23:52:00
I04032,U028,F091,dislike,,2026-01-23T00:36:00
I04033,U048,F066,save,,2026-03-26T19:57:00
I04034,U050,F022,click,,2026-03-23T10:53:00
I04035,U048,F048,save,,2026-01-22T18:57:00
I04036,U011,F023,like,,2026-01-14T18:12:00
I04037,U012,F046,skip,,2026-03-23T13:50:00
I04038,U011,F097,dislike,,2026-01-23T18:51:00
I04039,U027,F025,like,,2026-01-24T22:03:00
I04040,U001,F012,dislike,,2026-01-21T08:23:00
I04041,U018,F012,save,,2026-03-18T00:23:00
I04042,U001,F078,skip,,2026-01-22T23:40:00
I04043,U029,F006,like,,2026-02-03T11:41:00
I04044,U004,F075,dislike,,2026-01-09T16:17:00
I04045,U019,F083,click,,2026-03-20T02:33:00
I04046,U004,F095,skip,,2026-02-01T12:39:00
I04047,U049,F026,like,,2026-01-21T10:10:00
I04048,U030,F012,save,,2026-02-18T00:11:00
I04049,U045,F006,like,,2026-03-09T04:54:00
I04050,U030,F063,dislike,,2026-02-05T13:39:00
I04051,U008,F088,click,,2026-01-08T16:10:00
I04052,U028,F017,like,,2026-03-09T12:04:00
I04053,U001,F002,dislike,,2026-01-23T06:49:00
I04054,U018,F055,click,,2026-03-26T05:00:00
I04055,U015,F087,rating,4,2026-02-22T03:54:00
I04056,U001,F083,skip,,2026-02-06T03:10:00
I04057,U028,F039,like,,2026-01-13T13:16:00
I04058,U023,F036,dislike,,2026-01-26T15:41:00
I04059,U012,F060,click,,2026-03-08T12:21:00
I04060,U031,F054,skip,,2026-02-24T23:38:00
I04061,U014,F033,dislike,,2026-01-06T09:28:00
I04062,U028,F009,click,,2026-01-13T17:27:00
I04063,U036,F057,like,,2026-03-05T21:09:00
I04064,U040,F073,like,,2026-01-24T01:24:00
I04065,U011,F037,skip,,2026-02-04T09:07:00
I04066,U005,F099,like,,2026-02-14T14:37:00
I04067,U050,F043,skip,,2026-02-19T19:32:00
I04068,U017,F058,click,,2026-01-22T12:15:00
I04069,U019,F099,skip,,2026-02-18T04:40:00
I04070,U027,F072,dislike,,2026-03-01T05:54:00
I04071,U013,F067,click,,2026-01-09T22:17:00
I04072,U001,F001,like,,2026-02-13T21:21:00
I04073,U021,F062,dislike,,2026-01-12T13:20:00
I04074,U047,F036,click,,2026-03-19T00:32:00
I04075,U003,F075,skip,,2026-01-10T08:56:00
I04076,U044,F055,save,,2026-03-24T21:40:00
I04077,U027,F095,like,,2026-03-06T17:50:00
I04078,U017,F036,dislike,,2026-02-18T02:48:00
I04079,U035,F097,skip,,2026-02-14T14:11:00
I04080,U017,F054,dislike,,2026-02-19T07:58:00
I04081,U026,F071,click,,2026-01-09T12:33:00
I04082,U043,F039,dislike,,2026-02-17T17:39:00
I04083,U048,F078,rating,4,2026-02-27T16:13:00
I04084,U045,F022,like,,2026-03-08T10:30:00
I04085,U022,F006,skip,,2026-03-13T13:08:00
I04086,U002,F038,dislike,,2026-02-24T01:08:00
I04087,U022,F005,like,,2026-02-04T14:30:00
I04088,U038,F066,like,,2026-03-03T22:00:00
I04089,U029,F086,click,,2026-03-02T23:55:00
I04090,U008,F071,dislike,,2026-01-24T14:21:00
I04091,U027,F061,skip,,2026-01-11T20:58:00
I04092,U002,F099,save,,2026-03-06T14:42:00
I04093,U022,F028,like,,2026-03-18T01:35:00
I04094,U025,F061,skip,,2026-01-27T10:23:00
I04095,U044,F022,skip,,2026-03-06T16:26:00
I04096,U026,F004,dislike,,2026-03-23T11:00:00
I04097,U002,F086,skip,,2026-01-18T04:01:00
I04098,U045,F059,save,,2026-03-13T14:25:00
I04099,U049,F090,skip,,2026-02-21T23:18:00
I04100,U047,F057,like,,2026-01-24T02:05:00
I04101,U049,F009,dislike,,2026-03-28T00:30:00
I04102,U031,F025,skip,,2026-01-23T17:22:00
I04103,U040,F011,save,,2026-03-10T05:27:00
I04104,U032,F016,like,,2026-02-11T06:57:00
I04105,U050,F030,save,,2026-01-01T18:13:00
I04106,U028,F040,dislike,,2026-03-17T09:57:00
I04107,U011,F004,skip,,2026-03-10T23:26:00
I04108,U043,F031,dislike,,2026-01-31T11:09:00
I04109,U020,F088,skip,,2026-01-03T03:51:00
I04110,U019,F046,skip,,2026-02-23T15:20:00
I04111,U002,F049,dislike,,2026-02-13T18:23:00
I04112,U029,F025,like,,2026-03-19T18:06:00
I04113,U011,F035,rating,5,2026-03-26T08:22:00
I04114,U004,F090,click,,2026-03-28T02:34:00
I04115,U030,F093,skip,,2026-03-06T00:11:00
I04116,U025,F082,save,,2026-03-26T07:34:00
I04117,U044,F015,save,,2026-03-16T01:46:00
I04118,U007,F049,dislike,,2026-03-16T22:27:00
I04119,U010,F084,like,,2026-01-26T15:19:00
I04120,U050,F006,like,,2026-03-18T05:19:00
I04121,U027,F081,like,,2026-01-07T06:56:00
I04122,U002,F066,dislike,,2026-03-23T02:14:00
I04123,U030,F021,save,,2026-03-18T14:09:00
I04124,U036,F023,skip,,2026-02-08T17:58:00
I04125,U021,F097,skip,,2026-01-03T15:37:00
I04126,U010,F067,skip,,2026-02-13T19:17:00
I04127,U012,F083,skip,,2026-01-12T02:34:00
I04128,U027,F070,rating,4,2026-03-18T13:08:00
I04129,U008,F022,skip,,2026-01-17T00:31:00
I04130,U036,F005,click,,2026-01-31T21:19:00
I04131,U008,F059,click,,2026-01-23T14:22:00
I04132,U013,F087,dislike,,2026-02-04T07:27:00
I04133,U021,F077,skip,,2026-03-24T08:38:00
I04134,U022,F067,click,,2026-01-01T02:46:00
I04135,U012,F002,dislike,,2026-03-26T22:27:00
I04136,U010,F039,click,,2026-01-28T13:55:00
I04137,U039,F003,click,,2026-01-20T07:36:00
I04138,U030,F047,like,,2026-02-04T19:27:00
I04139,U029,F052,click,,2026-01-08T08:31:00
I04140,U040,F049,skip,,2026-01-17T10:01:00
I04141,U016,F049,click,,2026-03-30T10:31:00
I04142,U003,F046,skip,,2026-02-24T08:43:00
I04143,U033,F097,save,,2026-02-26T12:32:00
I04144,U050,F036,click,,2026-02-21T23:57:00
I04145,U018,F066,dislike,,2026-03-14T15:25:00
I04146,U032,F032,dislike,,2026-02-21T14:01:00
I04147,U010,F026,dislike,,2026-01-05T13:00:00
I04148,U026,F060,skip,,2026-03-09T13:55:00
I04149,U019,F075,like,,2026-02-09T19:21:00
I04150,U032,F086,dislike,,2026-01-07T08:45:00
I04151,U012,F078,dislike,,2026-02-22T19:14:00
I04152,U040,F017,like,,2026-01-10T15:29:00
I04153,U037,F075,dislike,,2026-02-14T12:52:00
I04154,U040,F076,click,,2026-03-26T05:16:00
I04155,U038,F095,rating,4,2026-01-28T10:56:00
I04156,U049,F071,click,,2026-02-21T18:58:00
I04157,U033,F060,skip,,2026-01-24T12:42:00
I04158,U050,F056,like,,2026-02-02T17:55:00
I04159,U012,F007,click,,2026-02-02T20:45:00
I04160,U016,F013,save,,2026-01-25T20:27:00
I04161,U006,F020,skip,,2026-01-04T00:09:00
I04162,U005,F038,save,,2026-03-26T23:50:00
I04163,U030,F052,save,,2026-01-09T10:24:00
I04164,U048,F084,click,,2026-02-06T19:15:00
I04165,U005,F028,like,,2026-03-08T19:37:00
I04166,U032,F042,save,,2026-03-11T16:02:00
I04167,U009,F005,skip,,2026-03-24T11:10:00
I04168,U043,F050,click,,2026-03-27T23:48:00
I04169,U009,F038,dislike,,2026-03-25T05:09:00
I04170,U004,F067,like,,2026-01-30T01:03:00
I04171,U037,F063,skip,,2026-01-14T21:14:00
I04172,U017,F072,skip,,2026-03-14T18:36:00
I04173,U003,F084,dislike,,2026-03-10T04:29:00
I04174,U001,F011,dislike,,2026-03-22T00:05:00
I04175,U029,F079,dislike,,2026-03-09T14:41:00
I04176,U037,F043,dislike,,2026-03-25T21:54:00
I04177,U050,F038,dislike,,2026-02-01T10:29:00
I04178,U032,F033,like,,2026-01-29T02:28:00
I04179,U043,F025,skip,,2026-02-21T03:18:00
I04180,U001,F007,save,,2026-03-24T05:47:00
I04181,U005,F064,dislike,,2026-01-29T14:18:00
I04182,U006,F097,skip,,2026-01-06T05:00:00
I04183,U045,F043,skip,,2026-03-16T20:23:00
I04184,U047,F010,skip,,2026-01-25T07:10:00
I04185,U030,F006,click,,2026-02-07T10:35:00
I04186,U018,F058,save,,2026-02-04T16:50:00
I04187,U028,F004,click,,2026-02-23T04:23:00
I04188,U050,F029,dislike,,2026-01-01T23:36:00
I04189,U031,F053,click,,2026-03-19T02:26:00
I04190,U031,F081,rating,5,2026-01-12T16:29:00
I04191,U045,F031,dislike,,2026-03-10T20:14:00
I04192,U023,F011,dislike,,2026-02-02T01:15:00
I04193,U039,F010,dislike,,2026-01-01T11:45:00
I04194,U023,F070,skip,,2026-01-13T10:57:00
I04195,U029,F034,click,,2026-02-20T22:50:00
I04196,U024,F032,dislike,,2026-02-20T01:36:00
I04197,U042,F063,dislike,,2026-02-06T00:23:00
I04198,U038,F032,click,,2026-02-09T10:53:00
I04199,U020,F016,click,,2026-02-01T20:37:00
I04200,U046,F070,like,,2026-03-11T00:49:00
I04201,U044,F027,dislike,,2026-01-21T01:21:00
I04202,U016,F066,click,,2026-03-12T13:37:00
I04203,U044,F036,skip,,2026-01-03T22:31:00
I04204,U029,F069,dislike,,2026-02-11T05:22:00
I04205,U039,F090,rating,5,2026-02-06T23:37:00
I04206,U028,F091,click,,2026-01-31T11:41:00
I04207,U047,F054,like,,2026-01-25T20:38:00
I04208,U030,F039,like,,2026-03-06T01:49:00
I04209,U049,F099,skip,,2026-03-06T20:39:00
I04210,U036,F062,dislike,,2026-01-22T01:24:00
I04211,U044,F092,save,,2026-01-12T18:27:00
I04212,U047,F089,click,,2026-01-29T02:41:00
I04213,U006,F026,click,,2026-02-19T12:55:00
I04214,U007,F013,like,,2026-02-13T19:08:00
I04215,U004,F044,like,,2026-01-24T22:27:00
I04216,U008,F015,like,,2026-02-07T15:31:00
I04217,U044,F087,dislike,,2026-02-10T07:42:00
I04218,U039,F061,skip,,2026-02-04T12:24:00
I04219,U046,F036,click,,2026-01-08T18:09:00
I04220,U044,F087,click,,2026-01-26T02:43:00
I04221,U029,F097,like,,2026-01-10T21:04:00
I04222,U037,F044,skip,,2026-02-23T16:35:00
I04223,U025,F053,like,,2026-02-01T11:09:00
I04224,U045,F098,click,,2026-02-16T07:55:00
I04225,U001,F018,dislike,,2026-03-10T10:16:00
I04226,U002,F017,click,,2026-02-27T00:12:00
I04227,U014,F050,dislike,,2026-01-07T13:25:00
I04228,U016,F006,like,,2026-01-02T12:39:00
I04229,U003,F017,click,,2026-01-12T22:05:00
I04230,U041,F055,like,,2026-03-11T20:03:00
I04231,U008,F002,skip,,2026-03-17T04:02:00
I04232,U011,F008,dislike,,2026-01-04T04:53:00
I04233,U024,F018,like,,2026-01-21T23:30:00
I04234,U013,F099,skip,,2026-03-14T15:57:00
I04235,U045,F077,click,,2026-03-15T22:09:00
I04236,U012,F051,save,,2026-03-10T14:41:00
I04237,U003,F018,skip,,2026-03-05T10:04:00
I04238,U043,F042,like,,2026-03-22T20:09:00
I04239,U009,F006,click,,2026-03-19T09:36:00
I04240,U045,F037,dislike,,2026-01-12T04:14:00
I04241,U036,F003,dislike,,2026-03-12T20:19:00
I04242,U025,F045,skip,,2026-02-06T09:39:00
I04243,U049,F043,skip,,2026-01-22T20:22:00
I04244,U044,F048,save,,2026-03-05T01:47:00
I04245,U021,F090,like,,2026-02-22T03:30:00
I04246,U027,F018,like,,2026-02-27T00:21:00
I04247,U019,F058,dislike,,2026-02-23T13:51:00
I04248,U002,F017,click,,2026-01-09T12:29:00
I04249,U033,F047,like,,2026-01-26T23:14:00
I04250,U001,F009,save,,2026-03-23T03:04:00
I04251,U028,F064,dislike,,2026-01-07T11:50:00
I04252,U034,F057,like,,2026-01-23T08:43:00
I04253,U020,F010,save,,2026-02-09T15:05:00
I04254,U037,F034,like,,2026-02-03T12:28:00
I04255,U014,F013,dislike,,2026-03-01T19:55:00
I04256,U004,F041,dislike,,2026-01-11T21:56:00
I04257,U034,F082,like,,2026-02-08T13:48:00
I04258,U038,F028,dislike,,2026-01-16T18:54:00
I04259,U016,F025,skip,,2026-03-05T09:00:00
I04260,U041,F086,dislike,,2026-01-01T12:46:00
I04261,U044,F060,like,,2026-02-01T23:41:00
I04262,U031,F061,dislike,,2026-02-03T08:20:00
I04263,U001,F083,like,,2026-01-04T20:35:00
I04264,U024,F056,like,,2026-01-19T23:33:00
I04265,U046,F078,dislike,,2026-03-29T04:32:00
I04266,U014,F073,skip,,2026-02-03T01:21:00
I04267,U012,F072,dislike,,2026-01-21T13:28:00
I04268,U030,F049,skip,,2026-01-24T08:48:00
I04269,U011,F057,like,,2026-01-21T07:38:00
I04270,U047,F069,skip,,2026-01-06T04:39:00
I04271,U016,F088,save,,2026-02-02T23:30:00
I04272,U001,F009,like,,2026-01-23T17:37:00
I04273,U018,F038,rating,5,2026-03-26T02:24:00
I04274,U039,F076,click,,2026-01-02T22:57:00
I04275,U031,F043,click,,2026-02-12T09:10:00
I04276,U045,F044,like,,2026-02-26T11:02:00
I04277,U028,F073,skip,,2026-01-26T18:48:00
I04278,U015,F016,click,,2026-02-20T09:42:00
I04279,U016,F028,dislike,,2026-02-25T21:20:00
I04280,U047,F100,like,,2026-02-27T15:57:00
I04281,U030,F028,like,,2026-03-06T23:53:00
I04282,U003,F051,dislike,,2026-03-03T00:57:00
I04283,U029,F001,dislike,,2026-01-31T12:55:00
I04284,U003,F043,dislike,,2026-03-06T10:23:00
I04285,U009,F081,click,,2026-01-05T21:51:00
I04286,U031,F091,like,,2026-03-05T09:13:00
I04287,U002,F087,like,,2026-02-16T17:16:00
I04288,U011,F055,dislike,,2026-03-14T00:04:00
I04289,U028,F021,like,,2026-02-21T06:30:00
I04290,U033,F085,skip,,2026-02-21T08:57:00
I04291,U027,F094,save,,2026-02-04T10:45:00
I04292,U039,F063,dislike,,2026-03-08T07:25:00
I04293,U038,F090,skip,,2026-03-15T18:29:00
I04294,U046,F036,skip,,2026-01-10T08:47:00
I04295,U039,F091,dislike,,2026-03-21T10:45:00
I04296,U021,F002,skip,,2026-03-26T07:05:00
I04297,U010,F054,skip,,2026-01-28T04:21:00
I04298,U009,F096,save,,2026-02-18T03:27:00
I04299,U009,F013,save,,2026-03-10T22:13:00
I04300,U005,F085,dislike,,2026-03-20T09:50:00
I04301,U036,F044,dislike,,2026-03-31T02:29:00
I04302,U012,F088,skip,,2026-01-21T04:41:00
I04303,U013,F076,skip,,2026-02-08T16:59:00
I04304,U020,F023,click,,2026-01-21T11:38:00
I04305,U026,F092,save,,2026-03-04T02:11:00
I04306,U033,F100,dislike,,2026-01-17T06:59:00
I04307,U029,F068,skip,,2026-01-08T11:15:00
I04308,U043,F070,dislike,,2026-02-19T17:49:00
I04309,U004,F050,click,,2026-01-26T23:49:00
I04310,U047,F033,dislike,,2026-02-09T15:57:00
I04311,U048,F074,click,,2026-02-04T13:21:00
I04312,U002,F097,skip,,2026-03-29T15:08:00
I04313,U040,F035,skip,,2026-01-25T23:09:00
I04314,U035,F031,click,,2026-02-26T05:15:00
I04315,U013,F051,dislike,,2026-03-11T02:01:00
I04316,U037,F019,dislike,,2026-01-17T00:15:00
I04317,U007,F054,rating,5,2026-03-29T17:17:00
I04318,U027,F036,save,,2026-03-08T13:36:00
I04319,U021,F042,dislike,,2026-03-05T12:01:00
I04320,U007,F023,like,,2026-01-01T00:14:00
I04321,U004,F050,dislike,,2026-02-23T18:07:00
I04322,U009,F038,dislike,,2026-02-23T13:03:00
I04323,U023,F033,like,,2026-02-02T10:19:00
I04324,U017,F009,skip,,2026-03-02T10:06:00
I04325,U001,F019,click,,2026-01-26T18:03:00
I04326,U027,F069,dislike,,2026-01-30T10:51:00
I04327,U031,F006,skip,,2026-02-01T13:56:00
I04328,U013,F006,dislike,,2026-02-04T05:15:00
I04329,U014,F066,like,,2026-01-06T23:40:00
I04330,U022,F094,save,,2026-03-10T07:37:00
I04331,U002,F078,dislike,,2026-01-09T07:15:00
I04332,U018,F086,save,,2026-02-25T21:46:00
I04333,U005,F078,skip,,2026-03-15T16:37:00
I04334,U009,F035,like,,2026-02-04T03:44:00
I04335,U014,F047,like,,2026-01-02T10:11:00
I04336,U021,F006,dislike,,2026-02-18T23:35:00
I04337,U032,F039,click,,2026-01-02T19:33:00
I04338,U021,F064,rating,5,2026-03-28T00:38:00
I04339,U022,F075,skip,,2026-01-06T04:47:00
I04340,U043,F056,click,,2026-02-02T09:13:00
I04341,U010,F084,click,,2026-01-30T03:04:00
I04342,U023,F068,skip,,2026-02-12T17:46:00
I04343,U018,F079,dislike,,2026-01-25T10:39:00
I04344,U010,F006,save,,2026-02-26T22:41:00
I04345,U030,F061,like,,2026-02-16T20:48:00
I04346,U024,F015,dislike,,2026-02-24T09:07:00
I04347,U044,F067,dislike,,2026-03-06T17:49:00
I04348,U049,F093,save,,2026-03-24T17:44:00
I04349,U026,F090,click,,2026-01-14T19:28:00
I04350,U027,F021,click,,2026-01-22T14:39:00
I04351,U002,F095,skip,,2026-02-18T21:15:00
I04352,U049,F036,like,,2026-03-03T09:59:00
I04353,U034,F027,rating,4,2026-03-31T00:05:00
I04354,U025,F052,save,,2026-03-26T21:55:00
I04355,U044,F012,click,,2026-03-09T03:04:00
I04356,U030,F070,like,,2026-01-19T13:01:00
I04357,U024,F044,skip,,2026-03-12T20:15:00
I04358,U002,F054,dislike,,2026-02-28T04:55:00
I04359,U015,F084,save,,2026-03-06T19:46:00
I04360,U002,F020,dislike,,2026-03-28T19:33:00
I04361,U004,F005,skip,,2026-02-24T10:47:00
I04362,U018,F092,save,,2026-01-08T22:54:00
I04363,U036,F036,click,,2026-03-16T11:01:00
I04364,U046,F034,click,,2026-02-23T16:56:00
I04365,U021,F041,save,,2026-03-11T18:27:00
I04366,U040,F088,save,,2026-01-27T15:47:00
I04367,U033,F009,dislike,,2026-03-05T20:33:00
I04368,U004,F072,dislike,,2026-03-19T21:24:00
I04369,U025,F022,save,,2026-03-06T08:59:00
I04370,U036,F066,dislike,,2026-01-03T05:18:00
I04371,U002,F088,like,,2026-01-31T20:15:00
I04372,U026,F088,like,,2026-03-22T22:47:00
I04373,U039,F004,like,,2026-01-12T18:40:00
I04374,U035,F013,save,,2026-03-11T17:51:00
I04375,U042,F050,skip,,2026-01-13T17:26:00
I04376,U050,F018,dislike,,2026-03-04T00:14:00
I04377,U026,F050,click,,2026-03-18T01:15:00
I04378,U008,F007,like,,2026-03-03T05:00:00
I04379,U038,F072,save,,2026-01-30T07:38:00
I04380,U018,F091,rating,5,2026-03-26T10:22:00
I04381,U039,F059,dislike,,2026-02-10T01:30:00
I04382,U027,F063,save,,2026-02-22T17:42:00
I04383,U047,F029,dislike,,2026-02-15T23:34:00
I04384,U029,F002,skip,,2026-01-13T05:49:00
I04385,U043,F028,like,,2026-03-22T01:27:00
I04386,U044,F099,save,,2026-01-05T12:12:00
I04387,U009,F083,save,,2026-03-19T23:03:00
I04388,U048,F029,skip,,2026-02-05T08:59:00
I04389,U003,F040,save,,2026-01-27T03:34:00
I04390,U005,F040,click,,2026-01-07T22:14:00
I04391,U045,F014,click,,2026-03-24T11:00:00
I04392,U004,F026,rating,4,2026-02-11T21:25:00
I04393,U049,F051,skip,,2026-03-19T02:32:00
I04394,U048,F005,like,,2026-02-27T21:05:00
I04395,U029,F069,click,,2026-01-30T21:48:00
I04396,U020,F100,dislike,,2026-03-07T09:57:00
I04397,U017,F053,skip,,2026-02-07T00:50:00
I04398,U049,F030,skip,,2026-02-24T10:10:00
I04399,U002,F009,rating,5,2026-03-03T07:27:00
I04400,U049,F064,dislike,,2026-01-16T12:07:00
I04401,U038,F064,skip,,2026-01-21T20:31:00
I04402,U046,F086,like,,2026-01-14T17:22:00
I04403,U026,F072,dislike,,2026-01-05T04:39:00
I04404,U037,F012,like,,2026-03-26T10:23:00
I04405,U042,F021,dislike,,2026-01-23T10:14:00
I04406,U006,F049,skip,,2026-01-09T18:46:00
I04407,U023,F081,skip,,2026-03-16T14:46:00
I04408,U025,F004,click,,2026-02-08T09:57:00
I04409,U025,F061,dislike,,2026-01-16T11:47:00
I04410,U048,F081,save,,2026-03-25T02:48:00
I04411,U041,F063,rating,4,2026-02-24T02:10:00
I04412,U029,F001,click,,2026-01-22T02:37:00
I04413,U033,F086,save,,2026-01-10T22:02:00
I04414,U019,F013,skip,,2026-02-05T22:47:00
I04415,U031,F050,dislike,,2026-03-17T08:42:00
I04416,U036,F027,click,,2026-02-06T00:52:00
I04417,U048,F017,skip,,2026-01-17T18:17:00
I04418,U026,F037,click,,2026-01-26T00:58:00
I04419,U010,F055,skip,,2026-01-04T19:37:00
I04420,U047,F083,skip,,2026-01-24T03:58:00
I04421,U036,F025,save,,2026-01-16T20:28:00
I04422,U048,F049,skip,,2026-01-10T00:03:00
I04423,U009,F041,click,,2026-02-05T05:56:00
I04424,U003,F018,click,,2026-01-18T23:12:00
I04425,U045,F029,save,,2026-01-06T02:28:00
I04426,U014,F093,like,,2026-01-29T14:22:00
I04427,U032,F046,dislike,,2026-03-02T15:26:00
I04428,U040,F010,save,,2026-02-05T13:46:00
I04429,U008,F036,save,,2026-01-28T08:22:00
I04430,U050,F045,like,,2026-02-20T12:18:00
I04431,U028,F040,click,,2026-01-07T03:45:00
I04432,U036,F050,skip,,2026-02-18T07:26:00
I04433,U005,F073,skip,,2026-03-24T13:01:00
I04434,U040,F082,save,,2026-01-21T21:49:00
I04435,U012,F063,dislike,,2026-02-03T03:09:00
I04436,U020,F078,like,,2026-03-12T11:02:00
I04437,U001,F023,dislike,,2026-01-09T07:06:00
I04438,U018,F100,save,,2026-03-12T13:37:00
I04439,U031,F019,rating,4,2026-03-15T00:01:00
I04440,U020,F061,click,,2026-01-09T08:37:00
I04441,U024,F036,click,,2026-01-11T12:45:00
I04442,U044,F062,click,,2026-01-20T12:12:00
I04443,U006,F015,skip,,2026-02-28T17:57:00
I04444,U034,F060,dislike,,2026-01-09T04:34:00
I04445,U045,F002,save,,2026-02-06T08:19:00
I04446,U029,F064,skip,,2026-03-07T06:37:00
I04447,U004,F090,dislike,,2026-01-07T02:02:00
I04448,U007,F093,skip,,2026-02-01T02:55:00
I04449,U020,F027,dislike,,2026-01-09T08:32:00
I04450,U015,F056,like,,2026-03-22T03:32:00
I04451,U001,F063,dislike,,2026-02-28T03:19:00
I04452,U003,F079,skip,,2026-02-10T14:26:00
I04453,U020,F017,save,,2026-01-07T13:52:00
I04454,U042,F071,dislike,,2026-02-24T19:44:00
I04455,U043,F026,click,,2026-01-10T12:42:00
I04456,U017,F023,dislike,,2026-02-21T01:08:00
I04457,U004,F024,like,,2026-03-06T14:44:00
I04458,U022,F083,like,,2026-03-31T00:38:00
I04459,U044,F042,dislike,,2026-02-06T03:15:00
I04460,U007,F038,dislike,,2026-02-22T16:23:00
I04461,U003,F014,dislike,,2026-03-17T19:19:00
I04462,U010,F003,click,,2026-02-24T08:31:00
I04463,U014,F095,like,,2026-01-18T09:29:00
I04464,U003,F005,dislike,,2026-03-17T04:27:00
I04465,U012,F086,like,,2026-01-18T22:21:00
I04466,U002,F013,skip,,2026-01-06T02:34:00
I04467,U008,F098,save,,2026-01-27T07:37:00
I04468,U037,F013,save,,2026-02-16T06:11:00
I04469,U034,F049,dislike,,2026-01-28T05:24:00
I04470,U016,F094,dislike,,2026-02-22T23:11:00
I04471,U019,F043,like,,2026-03-06T13:38:00
I04472,U020,F099,skip,,2026-02-24T00:10:00
I04473,U012,F034,skip,,2026-01-25T09:08:00
I04474,U012,F096,click,,2026-02-15T08:26:00
I04475,U028,F097,skip,,2026-03-22T08:16:00
I04476,U018,F085,save,,2026-02-16T06:03:00
I04477,U040,F061,dislike,,2026-01-12T11:25:00
I04478,U045,F023,click,,2026-02-21T12:39:00
I04479,U022,F073,dislike,,2026-02-19T05:22:00
I04480,U024,F032,skip,,2026-03-21T14:13:00
I04481,U027,F039,save,,2026-02-17T07:28:00
I04482,U016,F052,skip,,2026-01-21T09:50:00
I04483,U029,F100,dislike,,2026-02-20T14:49:00
I04484,U047,F041,dislike,,2026-03-13T19:48:00
I04485,U045,F089,skip,,2026-03-23T19:40:00
I04486,U036,F044,dislike,,2026-01-26T13:15:00
I04487,U032,F076,like,,2026-03-02T02:47:00
I04488,U011,F083,save,,2026-02-23T06:42:00
I04489,U048,F081,like,,2026-02-04T07:15:00
I04490,U043,F037,like,,2026-02-24T08:24:00
I04491,U043,F074,click,,2026-02-20T18:22:00
I04492,U010,F038,skip,,2026-01-31T21:01:00
I04493,U039,F097,skip,,2026-03-26T02:38:00
I04494,U027,F013,like,,2026-03-06T02:50:00
I04495,U007,F051,skip,,2026-01-26T23:42:00
I04496,U030,F012,like,,2026-01-27T16:10:00
I04497,U009,F049,save,,2026-01-01T03:15:00
I04498,U018,F069,click,,2026-03-12T00:39:00
I04499,U036,F018,dislike,,2026-01-27T04:01:00
I04500,U009,F016,dislike,,2026-01-26T20:12:00
I04501,U050,F039,skip,,2026-01-24T11:02:00
I04502,U042,F036,skip,,2026-03-23T05:36:00
I04503,U025,F090,click,,2026-01-27T06:31:00
I04504,U039,F014,click,,2026-03-16T20:05:00
I04505,U041,F039,like,,2026-03-15T08:57:00
I04506,U033,F086,save,,2026-01-24T21:54:00
I04507,U027,F090,skip,,2026-03-14T15:42:00
I04508,U006,F080,click,,2026-01-04T14:03:00
I04509,U044,F071,dislike,,2026-03-18T03:47:00
I04510,U003,F014,dislike,,2026-02-14T19:29:00
I04511,U002,F015,click,,2026-03-14T20:32:00
I04512,U018,F094,click,,2026-01-11T06:38:00
I04513,U015,F030,dislike,,2026-03-02T22:43:00
I04514,U027,F062,like,,2026-03-29T09:20:00
I04515,U035,F013,click,,2026-03-11T23:35:00
I04516,U017,F012,click,,2026-02-25T16:50:00
I04517,U039,F028,rating,4,2026-01-14T13:40:00
I04518,U001,F037,click,,2026-03-26T22:26:00
I04519,U006,F099,click,,2026-03-25T05:30:00
I04520,U003,F020,click,,2026-02-23T14:14:00
I04521,U008,F052,click,,2026-01-10T21:11:00
I04522,U039,F006,like,,2026-01-26T08:48:00
I04523,U033,F096,dislike,,2026-02-03T05:19:00
I04524,U004,F027,like,,2026-01-08T23:44:00
I04525,U031,F073,dislike,,2026-03-17T03:24:00
I04526,U014,F070,dislike,,2026-03-03T03:22:00
I04527,U045,F012,dislike,,2026-01-18T03:20:00
I04528,U038,F088,click,,2026-01-03T04:37:00
I04529,U020,F060,dislike,,2026-03-08T18:57:00
I04530,U042,F012,like,,2026-03-10T15:40:00
I04531,U041,F039,rating,4,2026-03-19T07:16:00
I04532,U028,F061,dislike,,2026-02-18T10:03:00
I04533,U028,F025,dislike,,2026-01-11T01:16:00
I04534,U041,F064,rating,5,2026-01-16T19:42:00
I04535,U019,F022,like,,2026-02-14T09:41:00
I04536,U004,F010,dislike,,2026-02-12T07:26:00
I04537,U022,F007,skip,,2026-03-26T06:19:00
I04538,U025,F009,like,,2026-02-14T11:30:00
I04539,U011,F042,save,,2026-02-09T02:33:00
I04540,U001,F018,like,,2026-01-09T15:55:00
I04541,U038,F070,skip,,2026-03-08T17:56:00
I04542,U023,F055,dislike,,2026-03-14T20:24:00
I04543,U015,F008,like,,2026-03-22T23:55:00
I04544,U047,F044,dislike,,2026-03-26T13:43:00
I04545,U014,F047,save,,2026-01-19T06:17:00
I04546,U029,F082,skip,,2026-02-19T13:47:00
I04547,U009,F098,skip,,2026-01-04T08:50:00
I04548,U025,F002,save,,2026-01-11T10:02:00
I04549,U042,F036,like,,2026-02-18T17:22:00
I04550,U042,F054,dislike,,2026-03-31T17:28:00
I04551,U029,F100,click,,2026-01-01T21:46:00
I04552,U027,F053,dislike,,2026-02-04T03:25:00
I04553,U032,F018,dislike,,2026-02-22T05:45:00
I04554,U013,F065,dislike,,2026-03-26T05:30:00
I04555,U009,F030,like,,2026-01-23T18:58:00
I04556,U010,F037,like,,2026-02-11T05:18:00
I04557,U034,F025,save,,2026-03-18T10:08:00
I04558,U003,F001,like,,2026-03-12T09:08:00
I04559,U029,F078,dislike,,2026-01-14T03:56:00
I04560,U016,F045,click,,2026-02-10T06:37:00
I04561,U021,F100,click,,2026-01-22T21:57:00
I04562,U034,F076,click,,2026-02-25T09:52:00
I04563,U008,F082,skip,,2026-03-04T18:59:00
I04564,U003,F077,skip,,2026-01-04T04:21:00
I04565,U035,F003,dislike,,2026-02-08T03:29:00
I04566,U040,F037,skip,,2026-02-12T08:16:00
I04567,U020,F010,click,,2026-01-17T17:25:00
I04568,U049,F013,dislike,,2026-03-02T18:58:00
I04569,U027,F059,click,,2026-01-17T18:47:00
I04570,U003,F023,save,,2026-03-13T20:49:00
I04571,U015,F003,click,,2026-03-05T19:05:00
I04572,U042,F091,skip,,2026-01-30T15:51:00
I04573,U036,F075,skip,,2026-01-13T07:34:00
I04574,U043,F080,skip,,2026-02-02T08:10:00
I04575,U047,F052,dislike,,2026-02-12T18:51:00
I04576,U021,F045,skip,,2026-03-17T19:31:00
I04577,U020,F090,skip,,2026-02-05T06:22:00
I04578,U037,F095,like,,2026-02-25T19:20:00
I04579,U041,F007,dislike,,2026-01-20T17:44:00
I04580,U039,F070,like,,2026-01-07T13:15:00
I04581,U022,F054,dislike,,2026-02-04T12:40:00
I04582,U029,F006,like,,2026-02-26T14:08:00
I04583,U006,F029,skip,,2026-02-08T20:03:00
I04584,U036,F008,like,,2026-01-03T17:28:00
I04585,U018,F025,like,,2026-03-20T05:29:00
I04586,U041,F079,dislike,,2026-02-08T15:41:00
I04587,U050,F064,dislike,,2026-01-02T18:08:00
I04588,U019,F087,click,,2026-02-02T05:56:00
I04589,U014,F039,skip,,2026-02-05T02:43:00
I04590,U030,F091,like,,2026-02-12T11:40:00
I04591,U016,F051,dislike,,2026-02-13T10:45:00
I04592,U030,F037,skip,,2026-01-04T13:06:00
I04593,U012,F064,dislike,,2026-01-21T09:28:00
I04594,U011,F048,like,,2026-01-28T07:33:00
I04595,U043,F019,like,,2026-03-18T09:56:00
I04596,U023,F024,click,,2026-02-11T21:50:00
I04597,U035,F018,like,,2026-02-05T00:41:00
I04598,U009,F078,like,,2026-03-30T21:04:00
I04599,U039,F012,dislike,,2026-02-07T05:21:00
I04600,U039,F018,dislike,,2026-01-12T13:54:00
I04601,U030,F070,dislike,,2026-01-16T12:15:00
I04602,U044,F031,click,,2026-02-18T20:37:00
I04603,U014,F061,click,,2026-02-20T07:33:00
I04604,U009,F046,click,,2026-01-16T07:52:00
I04605,U038,F021,dislike,,2026-02-15T00:15:00
I04606,U012,F020,like,,2026-03-16T01:39:00
I04607,U007,F074,dislike,,2026-02-17T21:07:00
I04608,U015,F063,dislike,,2026-01-08T00:04:00
I04609,U004,F083,click,,2026-03-24T11:39:00
I04610,U028,F013,like,,2026-02-13T12:51:00
I04611,U046,F092,skip,,2026-01-09T17:32:00
I04612,U048,F048,skip,,2026-01-01T15:20:00
I04613,U038,F080,dislike,,2026-01-01T09:45:00
I04614,U050,F045,click,,2026-01-18T07:59:00
I04615,U006,F050,skip,,2026-03-10T02:34:00
I04616,U019,F043,skip,,2026-02-06T08:21:00
I04617,U029,F002,dislike,,2026-02-07T12:02:00
I04618,U013,F087,click,,2026-01-11T22:52:00
I04619,U029,F064,skip,,2026-02-24T11:36:00
I04620,U004,F045,skip,,2026-02-23T02:17:00
I04621,U009,F004,dislike,,2026-01-12T23:54:00
I04622,U042,F042,like,,2026-03-26T02:31:00
I04623,U047,F080,like,,2026-01-09T23:02:00
I04624,U008,F051,skip,,2026-02-26T00:49:00
I04625,U025,F081,skip,,2026-01-27T11:26:00
I04626,U016,F018,save,,2026-01-16T18:24:00
I04627,U023,F075,click,,2026-02-18T21:42:00
I04628,U034,F093,save,,2026-02-23T07:31:00
I04629,U032,F011,click,,2026-03-19T10:38:00
I04630,U013,F003,rating,4,2026-02-28T11:29:00
I04631,U050,F032,skip,,2026-03-31T05:04:00
I04632,U016,F090,dislike,,2026-02-03T14:55:00
I04633,U023,F077,skip,,2026-02-18T12:58:00
I04634,U040,F027,save,,2026-03-10T08:48:00
I04635,U007,F063,like,,2026-03-29T16:57:00
I04636,U027,F044,click,,2026-02-13T07:10:00
I04637,U034,F018,like,,2026-02-05T22:46:00
I04638,U002,F050,dislike,,2026-02-24T13:24:00
I04639,U019,F024,click,,2026-01-29T12:35:00
I04640,U005,F019,rating,5,2026-02-14T07:31:00
I04641,U016,F063,dislike,,2026-02-20T10:43:00
I04642,U049,F050,click,,2026-02-03T18:03:00
I04643,U029,F066,like,,2026-01-22T09:30:00
I04644,U037,F037,click,,2026-01-03T10:28:00
I04645,U027,F081,like,,2026-02-22T19:44:00
I04646,U009,F073,like,,2026-02-12T03:44:00
I04647,U010,F087,like,,2026-01-17T15:16:00
I04648,U027,F092,save,,2026-01-30T10:54:00
I04649,U045,F003,save,,2026-01-28T08:47:00
I04650,U044,F035,dislike,,2026-03-15T03:45:00
I04651,U020,F056,skip,,2026-01-01T06:21:00
I04652,U010,F026,save,,2026-03-12T23:32:00
I04653,U045,F086,dislike,,2026-02-14T16:49:00
I04654,U047,F073,click,,2026-02-17T03:58:00
I04655,U034,F038,dislike,,2026-01-04T06:56:00
I04656,U015,F084,like,,2026-02-07T15:27:00
I04657,U036,F088,click,,2026-01-19T08:17:00
I04658,U013,F057,click,,2026-03-30T01:54:00
I04659,U037,F090,dislike,,2026-02-20T16:39:00
I04660,U026,F099,dislike,,2026-01-26T13:53:00
I04661,U041,F029,click,,2026-03-08T14:33:00
I04662,U013,F001,rating,4,2026-01-04T01:40:00
I04663,U047,F087,skip,,2026-02-04T04:19:00
I04664,U025,F033,click,,2026-01-27T06:59:00
I04665,U049,F028,skip,,2026-03-15T13:00:00
I04666,U002,F066,rating,5,2026-03-05T21:46:00
I04667,U006,F090,like,,2026-02-12T21:50:00
I04668,U044,F033,dislike,,2026-02-25T20:27:00
I04669,U009,F004,like,,2026-02-23T09:33:00
I04670,U037,F092,dislike,,2026-01-25T04:58:00
I04671,U017,F080,click,,2026-03-14T07:20:00
I04672,U024,F007,click,,2026-01-01T02:38:00
I04673,U007,F043,like,,2026-02-14T18:06:00
I04674,U046,F089,skip,,2026-03-11T01:39:00
I04675,U014,F068,skip,,2026-01-05T09:45:00
I04676,U017,F082,like,,2026-02-04T08:15:00
I04677,U005,F045,click,,2026-02-13T02:35:00
I04678,U044,F028,dislike,,2026-03-23T22:20:00
I04679,U007,F036,dislike,,2026-02-09T15:38:00
I04680,U021,F046,dislike,,2026-03-21T21:49:00
I04681,U001,F014,skip,,2026-02-10T13:01:00
I04682,U019,F058,click,,2026-02-27T18:44:00
I04683,U017,F005,rating,4,2026-01-20T15:47:00
I04684,U043,F014,save,,2026-03-30T19:04:00
I04685,U042,F091,click,,2026-02-25T03:11:00
I04686,U007,F047,dislike,,2026-03-08T14:25:00
I04687,U008,F011,skip,,2026-02-19T14:58:00
I04688,U023,F075,skip,,2026-03-26T06:47:00
I04689,U011,F053,click,,2026-02-11T00:57:00
I04690,U022,F069,like,,2026-02-15T21:58:00
I04691,U035,F009,like,,2026-02-26T05:07:00
I04692,U035,F048,rating,4,2026-03-16T22:23:00
I04693,U038,F099,dislike,,2026-01-21T13:14:00
I04694,U026,F085,save,,2026-03-31T16:27:00
I04695,U022,F072,save,,2026-03-11T09:08:00
I04696,U028,F055,skip,,2026-01-27T00:08:00
I04697,U050,F026,click,,2026-02-13T06:58:00
I04698,U011,F060,click,,2026-02-25T20:13:00
I04699,U036,F083,like,,2026-03-23T12:39:00
I04700,U048,F091,like,,2026-03-08T12:39:00
I04701,U020,F055,like,,2026-03-11T15:56:00
I04702,U013,F001,skip,,2026-03-02T04:16:00
I04703,U047,F002,skip,,2026-01-29T18:57:00
I04704,U046,F022,skip,,2026-03-02T15:33:00
I04705,U048,F097,click,,2026-03-06T09:59:00
I04706,U009,F041,click,,2026-03-25T17:12:00
I04707,U025,F026,save,,2026-01-02T15:06:00
I04708,U006,F019,click,,2026-02-05T04:48:00
I04709,U013,F038,skip,,2026-03-28T01:46:00
I04710,U023,F095,click,,2026-03-30T22:36:00
I04711,U029,F061,save,,2026-02-24T04:06:00
I04712,U044,F075,save,,2026-02-18T12:27:00
I04713,U046,F079,click,,2026-02-21T15:32:00
I04714,U027,F038,save,,2026-03-29T12:53:00
I04715,U034,F031,click,,2026-01-03T00:35:00
I04716,U040,F092,like,,2026-02-06T04:43:00
I04717,U044,F049,dislike,,2026-02-28T21:18:00
I04718,U013,F089,click,,2026-03-16T02:35:00
I04719,U049,F034,save,,2026-01-02T15:39:00
I04720,U002,F047,skip,,2026-02-01T14:22:00
I04721,U004,F098,skip,,2026-03-23T20:01:00
I04722,U008,F011,dislike,,2026-03-31T03:16:00
I04723,U003,F009,click,,2026-01-20T14:18:00
I04724,U001,F004,dislike,,2026-02-14T19:07:00
I04725,U037,F092,like,,2026-03-01T11:28:00
I04726,U039,F059,click,,2026-01-27T07:31:00
I04727,U021,F037,skip,,2026-02-15T16:47:00
I04728,U006,F077,like,,2026-02-21T16:06:00
I04729,U037,F012,dislike,,2026-03-06T14:06:00
I04730,U041,F050,skip,,2026-01-31T05:19:00
I04731,U002,F027,rating,5,2026-03-30T04:44:00
I04732,U043,F053,like,,2026-03-08T04:50:00
I04733,U020,F051,dislike,,2026-03-17T05:40:00
I04734,U047,F064,dislike,,2026-01-06T01:10:00
I04735,U045,F095,dislike,,2026-03-11T13:21:00
I04736,U043,F007,save,,2026-02-18T00:35:00
I04737,U021,F012,save,,2026-02-13T09:33:00
I04738,U014,F019,like,,2026-03-25T06:55:00
I04739,U047,F008,skip,,2026-01-26T08:00:00
I04740,U021,F054,click,,2026-02-18T20:25:00
I04741,U046,F098,dislike,,2026-01-02T03:03:00
I04742,U004,F008,skip,,2026-03-09T20:18:00
I04743,U038,F031,like,,2026-01-15T00:07:00
I04744,U020,F069,dislike,,2026-03-24T07:52:00
I04745,U022,F090,dislike,,2026-03-11T20:29:00
I04746,U049,F024,dislike,,2026-01-30T01:41:00
I04747,U017,F091,like,,2026-02-24T03:01:00
I04748,U016,F099,dislike,,2026-03-24T00:50:00
I04749,U033,F011,like,,2026-03-23T14:38:00
I04750,U034,F009,rating,5,2026-02-28T23:48:00
I04751,U017,F099,like,,2026-02-14T07:31:00
I04752,U005,F012,like,,2026-03-12T07:14:00
I04753,U044,F100,dislike,,2026-03-20T14:46:00
I04754,U032,F026,save,,2026-02-07T04:45:00
I04755,U007,F072,like,,2026-02-09T04:46:00
I04756,U043,F055,skip,,2026-02-22T12:09:00
I04757,U042,F004,like,,2026-03-04T14:34:00
I04758,U031,F089,skip,,2026-03-03T13:35:00
I04759,U009,F085,click,,2026-01-28T13:57:00
I04760,U016,F056,click,,2026-03-27T12:12:00
I04761,U002,F012,dislike,,2026-03-23T05:30:00
I04762,U030,F052,like,,2026-02-24T14:45:00
I04763,U028,F057,skip,,2026-01-02T19:27:00
I04764,U045,F089,save,,2026-01-11T13:29:00
I04765,U021,F022,rating,4,2026-03-01T09:56:00
I04766,U038,F075,dislike,,2026-03-10T03:37:00
I04767,U009,F042,save,,2026-03-01T05:11:00
I04768,U028,F042,click,,2026-02-18T10:06:00
I04769,U002,F071,click,,2026-02-17T18:09:00
I04770,U002,F041,like,,2026-02-07T04:15:00
I04771,U050,F057,click,,2026-02-19T11:15:00
I04772,U031,F071,save,,2026-01-18T20:08:00
I04773,U023,F051,dislike,,2026-03-10T15:03:00
I04774,U006,F083,rating,5,2026-01-06T01:54:00
I04775,U042,F047,dislike,,2026-03-19T06:16:00
I04776,U017,F035,skip,,2026-03-08T15:15:00
I04777,U036,F063,save,,2026-01-07T21:22:00
I04778,U015,F083,like,,2026-01-26T00:36:00
I04779,U008,F014,dislike,,2026-03-23T00:27:00
I04780,U005,F083,click,,2026-01-05T16:50:00
I04781,U018,F022,rating,5,2026-03-26T21:57:00
I04782,U039,F045,like,,2026-01-30T06:27:00
I04783,U027,F078,like,,2026-03-13T00:32:00
I04784,U025,F022,dislike,,2026-03-05T21:48:00
I04785,U013,F003,click,,2026-01-23T13:08:00
I04786,U042,F091,dislike,,2026-03-15T15:24:00
I04787,U024,F031,click,,2026-03-23T09:50:00
I04788,U002,F090,skip,,2026-03-30T03:08:00
I04789,U042,F098,like,,2026-03-26T20:23:00
I04790,U024,F053,click,,2026-02-02T01:41:00
I04791,U047,F049,skip,,2026-01-27T12:21:00
I04792,U042,F039,like,,2026-02-02T11:16:00
I04793,U047,F009,save,,2026-03-12T18:18:00
I04794,U043,F054,click,,2026-01-26T22:44:00
I04795,U048,F035,click,,2026-03-13T07:48:00
I04796,U043,F046,click,,2026-03-22T05:27:00
I04797,U027,F064,rating,5,2026-03-08T10:41:00
I04798,U016,F020,save,,2026-02-28T16:08:00
I04799,U024,F068,rating,5,2026-02-01T05:25:00
I04800,U050,F084,click,,2026-03-13T07:27:00
I04801,U043,F084,like,,2026-02-25T20:22:00
I04802,U045,F044,like,,2026-01-04T10:25:00
I04803,U021,F008,skip,,2026-03-18T05:58:00
I04804,U035,F035,like,,2026-01-02T01:44:00
I04805,U030,F026,rating,4,2026-03-14T01:33:00
I04806,U045,F060,rating,5,2026-01-19T20:08:00
I04807,U021,F035,rating,4,2026-01-31T19:11:00
I04808,U002,F009,like,,2026-02-14T03:45:00
I04809,U023,F005,skip,,2026-03-23T00:09:00
I04810,U020,F044,like,,2026-03-13T03:12:00
I04811,U020,F027,click,,2026-01-18T15:50:00
I04812,U039,F034,skip,,2026-03-29T07:56:00
I04813,U015,F097,click,,2026-02-12T06:25:00
I04814,U006,F093,dislike,,2026-01-19T08:09:00
I04815,U043,F046,dislike,,2026-01-22T13:41:00
I04816,U023,F024,click,,2026-01-20T18:49:00
I04817,U028,F087,dislike,,2026-03-27T11:44:00
I04818,U008,F089,like,,2026-01-29T18:02:00
I04819,U013,F071,dislike,,2026-02-07T11:40:00
I04820,U006,F034,like,,2026-01-06T20:36:00
I04821,U041,F011,dislike,,2026-01-11T16:16:00
I04822,U043,F039,like,,2026-03-29T07:30:00
I04823,U045,F059,click,,2026-02-23T04:37:00
I04824,U031,F024,dislike,,2026-02-28T06:49:00
I04825,U016,F057,like,,2026-01-18T02:57:00
I04826,U043,F041,dislike,,2026-02-24T05:41:00
I04827,U049,F055,like,,2026-02-24T00:58:00
I04828,U033,F033,skip,,2026-03-25T15:05:00
I04829,U026,F021,save,,2026-01-08T14:28:00
I04830,U037,F030,click,,2026-01-31T00:41:00
I04831,U016,F080,rating,5,2026-03-05T02:01:00
I04832,U020,F043,like,,2026-03-20T20:08:00
I04833,U035,F019,dislike,,2026-03-28T14:17:00
I04834,U029,F030,dislike,,2026-01-23T07:20:00
I04835,U018,F030,skip,,2026-03-13T18:06:00
I04836,U003,F040,click,,2026-01-12T22:26:00
I04837,U019,F084,like,,2026-03-19T08:16:00
I04838,U026,F039,click,,2026-01-19T18:52:00
I04839,U012,F093,dislike,,2026-01-17T16:05:00
I04840,U024,F099,dislike,,2026-01-24T20:41:00
I04841,U040,F009,like,,2026-03-17T00:49:00
I04842,U048,F037,like,,2026-01-11T17:47:00
I04843,U046,F026,dislike,,2026-03-20T12:42:00
I04844,U015,F011,skip,,2026-01-21T22:40:00
I04845,U038,F062,save,,2026-01-14T10:56:00
I04846,U002,F053,save,,2026-03-28T15:57:00
I04847,U039,F017,skip,,2026-02-13T02:11:00
I04848,U029,F028,skip,,2026-02-24T04:49:00
I04849,U044,F079,like,,2026-03-06T16:41:00
I04850,U015,F080,like,,2026-03-12T08:24:00
I04851,U026,F073,skip,,2026-02-26T07:26:00
I04852,U044,F059,save,,2026-01-04T12:15:00
I04853,U009,F073,save,,2026-01-01T15:05:00
I04854,U042,F038,save,,2026-03-21T02:45:00
I04855,U024,F026,like,,2026-01-07T00:21:00
I04856,U012,F001,save,,2026-03-08T08:19:00
I04857,U036,F064,dislike,,2026-01-28T10:34:00
I04858,U041,F045,dislike,,2026-02-10T17:10:00
I04859,U026,F058,dislike,,2026-03-25T01:37:00
I04860,U018,F002,skip,,2026-01-27T09:19:00
I04861,U027,F088,skip,,2026-02-08T21:20:00
I04862,U005,F069,dislike,,2026-02-24T18:29:00
I04863,U033,F013,click,,2026-03-12T22:41:00
I04864,U009,F058,like,,2026-02-10T03:25:00
I04865,U016,F032,like,,2026-03-11T10:35:00
I04866,U011,F020,like,,2026-03-26T18:40:00
I04867,U011,F047,dislike,,2026-03-12T06:43:00
I04868,U044,F094,click,,2026-02-19T17:51:00
I04869,U008,F093,skip,,2026-02-23T00:18:00
I04870,U016,F069,skip,,2026-01-12T22:08:00
I04871,U045,F062,skip,,2026-03-18T00:25:00
I04872,U030,F096,click,,2026-03-24T16:35:00
I04873,U028,F062,like,,2026-02-15T04:25:00
I04874,U006,F033,dislike,,2026-01-07T16:10:00
I04875,U001,F059,like,,2026-03-13T12:27:00
I04876,U002,F084,click,,2026-02-11T03:33:00
I04877,U012,F028,save,,2026-01-11T03:45:00
I04878,U050,F075,skip,,2026-03-24T10:22:00
I04879,U024,F034,skip,,2026-03-02T04:50:00
I04880,U040,F051,like,,2026-01-15T20:28:00
I04881,U012,F059,dislike,,2026-02-26T15:13:00
I04882,U047,F088,skip,,2026-03-28T17:06:00
I04883,U033,F054,click,,2026-01-31T19:57:00
I04884,U023,F052,click,,2026-02-18T15:02:00
I04885,U035,F029,dislike,,2026-03-05T07:04:00
I04886,U030,F013,click,,2026-03-09T16:18:00
I04887,U048,F037,dislike,,2026-01-18T07:25:00
I04888,U044,F084,skip,,2026-02-06T22:46:00
I04889,U025,F009,click,,2026-02-18T06:00:00
I04890,U032,F055,like,,2026-02-07T23:12:00
I04891,U008,F010,skip,,2026-01-13T23:21:00
I04892,U020,F023,dislike,,2026-01-24T10:05:00
I04893,U033,F030,like,,2026-03-10T14:23:00
I04894,U014,F054,like,,2026-02-02T13:15:00
I04895,U021,F049,save,,2026-03-17T17:25:00
I04896,U031,F003,save,,2026-01-30T00:06:00
I04897,U002,F036,save,,2026-03-19T21:52:00
I04898,U015,F052,skip,,2026-01-11T11:45:00
I04899,U037,F024,dislike,,2026-03-18T03:52:00
I04900,U043,F083,rating,5,2026-02-12T20:25:00
I04901,U015,F036,rating,4,2026-02-18T23:24:00
I04902,U010,F075,save,,2026-01-22T04:22:00
I04903,U033,F021,like,,2026-01-25T00:41:00
I04904,U006,F069,save,,2026-02-21T22:15:00
I04905,U004,F062,skip,,2026-03-20T17:46:00
I04906,U042,F033,skip,,2026-02-06T19:51:00
I04907,U040,F058,dislike,,2026-01-21T04:36:00
I04908,U007,F063,like,,2026-02-22T11:27:00
I04909,U027,F046,dislike,,2026-03-21T18:14:00
I04910,U043,F014,click,,2026-01-02T14:46:00
I04911,U005,F064,click,,2026-02-10T13:52:00
I04912,U016,F013,dislike,,2026-01-13T05:44:00
I04913,U039,F060,dislike,,2026-02-15T15:18:00
I04914,U012,F096,skip,,2026-02-23T20:22:00
I04915,U020,F078,save,,2026-03-13T17:18:00
I04916,U005,F012,click,,2026-03-09T23:32:00
I04917,U046,F076,click,,2026-01-07T13:22:00
I04918,U034,F022,dislike,,2026-01-27T21:56:00
I04919,U001,F064,rating,5,2026-01-25T23:19:00
I04920,U045,F022,like,,2026-03-30T06:38:00
I04921,U027,F016,dislike,,2026-03-02T20:57:00
I04922,U034,F043,like,,2026-01-06T10:35:00
I04923,U045,F078,dislike,,2026-03-28T05:34:00
I04924,U039,F046,dislike,,2026-02-12T17:11:00
I04925,U015,F044,click,,2026-01-31T23:12:00
I04926,U039,F076,click,,2026-01-20T16:26:00
I04927,U018,F094,save,,2026-01-19T10:59:00
I04928,U050,F044,click,,2026-01-09T20:29:00
I04929,U045,F095,save,,2026-01-09T21:28:00
I04930,U048,F033,click,,2026-01-23T03:37:00
I04931,U046,F024,skip,,2026-01-05T04:08:00
I04932,U045,F070,save,,2026-02-03T12:13:00
I04933,U017,F013,skip,,2026-03-13T08:35:00
I04934,U021,F030,like,,2026-01-07T20:35:00
I04935,U016,F002,click,,2026-03-18T13:39:00
I04936,U034,F085,skip,,2026-03-21T01:34:00
I04937,U042,F076,save,,2026-02-16T19:46:00
I04938,U035,F060,like,,2026-01-05T19:11:00
I04939,U048,F079,like,,2026-01-14T15:43:00
I04940,U031,F082,dislike,,2026-03-25T03:10:00
I04941,U027,F052,dislike,,2026-01-27T07:21:00
I04942,U040,F061,like,,2026-01-04T16:19:00
I04943,U045,F018,save,,2026-02-07T00:22:00
I04944,U046,F024,save,,2026-03-24T05:49:00
I04945,U048,F035,save,,2026-01-30T02:05:00
I04946,U027,F087,dislike,,2026-01-31T14:48:00
I04947,U021,F040,dislike,,2026-03-11T03:24:00
I04948,U042,F040,dislike,,2026-03-12T09:14:00
I04949,U010,F086,dislike,,2026-03-30T09:32:00
I04950,U016,F097,save,,2026-02-09T14:59:00
I04951,U027,F045,click,,2026-01-16T22:48:00
I04952,U048,F066,like,,2026-02-13T14:13:00
I04953,U018,F002,skip,,2026-01-14T10:32:00
I04954,U032,F045,save,,2026-01-09T06:34:00
I04955,U030,F005,click,,2026-01-18T10:14:00
I04956,U021,F012,skip,,2026-03-07T06:06:00
I04957,U025,F010,click,,2026-01-10T00:55:00
I04958,U042,F026,like,,2026-02-04T06:11:00
I04959,U048,F074,dislike,,2026-03-23T05:57:00
I04960,U016,F062,like,,2026-03-16T22:39:00
I04961,U028,F077,like,,2026-02-14T07:58:00
I04962,U015,F069,skip,,2026-01-12T02:13:00
I04963,U041,F070,dislike,,2026-03-28T00:33:00
I04964,U040,F030,like,,2026-02-05T22:18:00
I04965,U041,F020,like,,2026-03-28T06:03:00
I04966,U033,F096,like,,2026-01-26T10:14:00
I04967,U044,F067,dislike,,2026-01-31T08:47:00
I04968,U014,F061,click,,2026-03-09T13:00:00
I04969,U028,F079,dislike,,2026-02-25T12:21:00
I04970,U019,F023,click,,2026-01-23T13:05:00
I04971,U040,F018,dislike,,2026-02-27T09:10:00
I04972,U014,F044,dislike,,2026-02-14T05:34:00
I04973,U049,F072,click,,2026-03-21T12:44:00
I04974,U039,F035,click,,2026-03-22T00:16:00
I04975,U016,F073,click,,2026-02-24T09:40:00
I04976,U021,F027,like,,2026-03-02T13:49:00
I04977,U022,F006,like,,2026-03-12T17:51:00
I04978,U013,F001,save,,2026-03-17T11:36:00
I04979,U018,F018,rating,4,2026-02-05T09:43:00
I04980,U048,F094,skip,,2026-02-18T17:37:00
I04981,U028,F056,skip,,2026-03-16T08:48:00
I04982,U030,F003,like,,2026-03-31T21:55:00
I04983,U002,F056,dislike,,2026-02-03T21:12:00
I04984,U029,F011,rating,4,2026-03-09T08:53:00
I04985,U046,F058,like,,2026-02-15T14:17:00
I04986,U028,F094,save,,2026-01-10T18:31:00
I04987,U047,F065,like,,2026-01-13T13:07:00
I04988,U032,F085,save,,2026-03-29T06:10:00
I04989,U014,F037,click,,2026-02-17T20:50:00
I04990,U041,F056,like,,2026-02-05T11:03:00
I04991,U049,F003,skip,,2026-02-22T19:40:00
I04992,U015,F063,like,,2026-02-03T06:04:00
I04993,U036,F056,click,,2026-03-10T20:03:00
I04994,U011,F043,dislike,,2026-01-05T04:26:00
I04995,U022,F008,skip,,2026-01-31T18:23:00
I04996,U021,F091,skip,,2026-01-23T12:50:00
I04997,U020,F066,dislike,,2026-02-22T08:30:00
I04998,U034,F083,like,,2026-02-22T19:05:00
I04999,U004,F086,like,,2026-02-14T07:32:00
I05000,U002,F093,dislike,,2026-01-11T04:49:00
