interaction_id,user_id,food_id,timestamp,cuisine,protein,flavor,spice_level,base,meal_type,cuisine_match,protein_match,flavor_match,spice_level_match,base_match,meal_type_match,taste_match_score,previous_likes,previous_dislikes,previous_saves,previous_skips,previous_interactions,days_since_previous_interaction,hour,day_of_week,target
I04804,U035,F035,2026-01-02T01:44:00,Italian,Chicken,Creamy,High,Noodles,Lunch,1.0,1.0,1.0,1.0,0.0,1.0,0.8333333333333334,0.0,0.0,0.0,0.0,0.0,-1.0,1,4,1
I00114,U035,F063,2026-01-03T12:34:00,Italian,Chicken,Savory,High,Pasta,Dinner,1.0,1.0,0.0,1.0,0.0,1.0,0.6666666666666666,1.0,0.0,0.0,0.0,2.0,0.5729166666666666,12,5,0
I02093,U035,F035,2026-01-03T15:14:00,Italian,Chicken,Creamy,High,Noodles,Lunch,1.0,1.0,1.0,1.0,0.0,1.0,0.8333333333333334,1.0,1.0,0.0,0.0,3.0,0.1111111111111111,15,5,1
I02862,U035,F088,2026-01-03T22:49:00,Pakistani,Beef,Sweet,Low,Noodles,Lunch,0.0,1.0,1.0,1.0,0.0,1.0,0.6666666666666666,2.0,1.0,0.0,0.0,4.0,0.3159722222222222,22,5,1
I01362,U035,F039,2026-01-05T04:44:00,Chinese,Fish,Sour,Low,Rice,Breakfast,0.0,1.0,1.0,1.0,1.0,1.0,0.8333333333333334,3.0,1.0,0.0,0.0,5.0,1.2465277777777777,4,0,1
I04938,U035,F060,2026-01-05T19:11:00,Mexican,Chicken,Spicy,Medium,Rice,Breakfast,0.0,1.0,0.0,0.0,1.0,1.0,0.5,4.0,1.0,0.0,0.0,6.0,0.6020833333333333,19,0,1
I01512,U035,F066,2026-01-06T08:05:00,Pakistani,Chicken,Spicy,High,Rice,Dinner,0.0,1.0,0.0,1.0,1.0,1.0,0.6666666666666666,5.0,1.0,0.0,0.0,7.0,0.5375,8,1,1
I02804,U035,F096,2026-01-06T16:14:00,Mexican,Fish,Sour,Medium,Noodles,Dinner,0.0,1.0,1.0,0.0,0.0,1.0,0.5,6.0,1.0,0.0,0.0,8.0,0.33958333333333335,16,1,0
I03944,U035,F083,2026-01-08T07:23:00,Indian,Fish,Spicy,High,Curry,Dinner,0.0,1.0,0.0,1.0,0.0,1.0,0.5,6.0,1.0,0.0,1.0,9.0,1.63125,7,3,0
I02140,U035,F092,2026-01-08T09:59:00,Indian,Beef,Spicy,High,Curry,Snack,0.0,1.0,0.0,1.0,0.0,0.0,0.3333333333333333,6.0,1.0,0.0,2.0,10.0,0.10833333333333334,9,3,1
I01748,U035,F068,2026-01-09T16:02:00,Italian,Mutton,Savory,Medium,Noodles,Lunch,1.0,0.0,0.0,0.0,0.0,1.0,0.3333333333333333,6.0,1.0,1.0,2.0,12.0,0.9270833333333334,16,4,1
I00930,U035,F020,2026-01-10T01:15:00,Mexican,Vegetarian,Sour,High,Pasta,Dinner,0.0,0.0,1.0,1.0,0.0,1.0,0.5,6.0,1.0,2.0,2.0,13.0,0.3840277777777778,1,5,0
I03685,U035,F029,2026-01-11T04:40:00,Indian,Chicken,Savory,Medium,Bread,Lunch,0.0,1.0,0.0,0.0,1.0,1.0,0.5,6.0,2.0,2.0,2.0,14.0,1.1423611111111112,4,6,1
I02242,U035,F047,2026-01-13T16:18:00,Indian,Mutton,Sour,Medium,Pasta,Snack,0.0,0.0,1.0,0.0,0.0,0.0,0.16666666666666666,6.0,2.0,3.0,2.0,15.0,2.484722222222222,16,1,0
I01693,U035,F055,2026-01-15T06:00:00,Chinese,Mutton,Sour,Medium,Rice,Breakfast,0.0,0.0,1.0,0.0,1.0,1.0,0.5,6.0,2.0,3.0,3.0,16.0,1.5708333333333333,6,3,0
I02216,U035,F078,2026-01-17T18:26:00,Indian,Vegetarian,Creamy,Low,Pasta,Lunch,0.0,0.0,1.0,1.0,0.0,1.0,0.5,6.0,2.0,3.0,4.0,18.0,1.6305555555555555,18,5,0
I02731,U035,F089,2026-01-20T04:08:00,Pakistani,Chicken,Spicy,Medium,Curry,Breakfast,0.0,1.0,0.0,0.0,0.0,1.0,0.3333333333333333,6.0,3.0,3.0,4.0,20.0,1.45625,4,1,0
I01976,U035,F051,2026-01-21T12:45:00,Chinese,Chicken,Creamy,Low,Noodles,Snack,0.0,1.0,1.0,1.0,0.0,0.0,0.5,6.0,4.0,3.0,4.0,21.0,1.3590277777777777,12,2,0
I03139,U035,F022,2026-01-21T22:33:00,Pakistani,Beef,Spicy,High,Pasta,Breakfast,0.0,1.0,0.0,1.0,0.0,1.0,0.5,6.0,5.0,3.0,4.0,23.0,0.34930555555555554,22,2,1
I03248,U035,F096,2026-01-23T09:08:00,Mexican,Fish,Sour,Medium,Noodles,Dinner,0.0,1.0,1.0,0.0,0.0,1.0,0.5,7.0,5.0,3.0,4.0,24.0,1.4409722222222223,9,4,0
I02998,U035,F098,2026-01-23T11:43:00,Mexican,Mutton,Spicy,Medium,Bread,Dinner,0.0,0.0,0.0,0.0,1.0,1.0,0.3333333333333333,7.0,5.0,3.0,5.0,25.0,0.1076388888888889,11,4,1
I02348,U035,F067,2026-01-26T09:38:00,Thai,Vegetarian,Spicy,Medium,Noodles,Breakfast,0.0,0.0,0.0,0.0,0.0,1.0,0.16666666666666666,7.0,5.0,3.0,5.0,27.0,2.6125,9,0,0
I01675,U035,F020,2026-01-28T10:55:00,Mexican,Vegetarian,Sour,High,Pasta,Dinner,0.0,0.0,1.0,1.0,0.0,1.0,0.5,7.0,5.0,3.0,6.0,28.0,2.053472222222222,10,2,0
I01350,U035,F083,2026-01-30T03:21:00,Indian,Fish,Spicy,High,Curry,Dinner,0.0,1.0,0.0,1.0,0.0,1.0,0.5,7.0,6.0,3.0,6.0,30.0,1.6208333333333333,3,4,1
I01626,U035,F069,2026-01-30T13:07:00,Mexican,Chicken,Sweet,High,Pasta,Lunch,0.0,1.0,1.0,1.0,0.0,1.0,0.6666666666666666,8.0,6.0,3.0,6.0,31.0,0.40694444444444444,13,4,1
I02725,U035,F085,2026-01-31T13:16:00,Indian,Vegetarian,Creamy,High,Bread,Snack,0.0,0.0,1.0,1.0,1.0,0.0,0.5,8.0,6.0,4.0,6.0,32.0,1.00625,13,5,0
I00094,U035,F038,2026-02-01T23:22:00,Chinese,Vegetarian,Spicy,High,Curry,Snack,0.0,0.0,0.0,1.0,0.0,0.0,0.16666666666666666,8.0,6.0,4.0,7.0,33.0,1.4208333333333334,23,6,0
I00105,U035,F002,2026-02-03T12:29:00,Chinese,Beef,Savory,High,Curry,Breakfast,0.0,1.0,0.0,1.0,0.0,1.0,0.5,8.0,7.0,4.0,7.0,35.0,0.9777777777777777,12,1,0
I04597,U035,F018,2026-02-05T00:41:00,Chinese,Fish,Sour,High,Pasta,Lunch,0.0,1.0,1.0,1.0,0.0,1.0,0.6666666666666666,8.0,7.0,4.0,8.0,36.0,1.5083333333333333,0,3,1
I00629,U035,F002,2026-02-06T03:10:00,Chinese,Beef,Savory,High,Curry,Breakfast,0.0,1.0,0.0,1.0,0.0,1.0,0.5,9.0,7.0,4.0,8.0,37.0,1.1034722222222222,3,4,0
I00922,U035,F044,2026-02-07T22:06:00,Pakistani,Fish,Creamy,Low,Rice,Breakfast,0.0,1.0,1.0,1.0,1.0,1.0,0.8333333333333334,9.0,8.0,4.0,8.0,38.0,1.788888888888889,22,5,1
I04565,U035,F003,2026-02-08T03:29:00,Thai,Fish,Savory,Low,Rice,Lunch,0.0,1.0,0.0,1.0,1.0,1.0,0.6666666666666666,9.0,8.0,5.0,8.0,39.0,0.22430555555555556,3,6,0
I00346,U035,F046,2026-02-09T15:48:00,Chinese,Fish,Savory,Low,Pasta,Breakfast,0.0,1.0,0.0,1.0,0.0,1.0,0.5,9.0,9.0,5.0,8.0,40.0,1.5131944444444445,15,0,0
I01521,U035,F015,2026-02-12T21:51:00,Indian,Fish,Sweet,High,Curry,Lunch,0.0,1.0,1.0,1.0,0.0,1.0,0.6666666666666666,9.0,10.0,5.0,8.0,41.0,3.252083333333333,21,3,0
I03717,U035,F030,2026-02-13T05:35:00,Pakistani,Beef,Creamy,Low,Rice,Snack,0.0,1.0,1.0,1.0,1.0,0.0,0.6666666666666666,9.0,10.0,5.0,9.0,42.0,0.32222222222222224,5,4,0
I04079,U035,F097,2026-02-14T14:11:00,Thai,Fish,Spicy,Medium,Pasta,Breakfast,0.0,1.0,0.0,0.0,0.0,1.0,0.3333333333333333,9.0,10.0,5.0,10.0,43.0,1.3583333333333334,14,5,0
I00515,U035,F089,2026-02-15T19:11:00,Pakistani,Chicken,Spicy,Medium,Curry,Breakfast,0.0,1.0,0.0,0.0,0.0,1.0,0.3333333333333333,9.0,10.0,5.0,11.0,46.0,0.4861111111111111,19,6,0
I00670,U035,F030,2026-02-16T14:04:00,Pakistani,Beef,Creamy,Low,Rice,Snack,0.0,1.0,1.0,1.0,1.0,0.0,0.6666666666666666,9.0,10.0,5.0,12.0,47.0,0.7868055555555555,14,0,0
I01973,U035,F003,2026-02-18T03:04:00,Thai,Fish,Savory,Low,Rice,Lunch,0.0,1.0,0.0,1.0,1.0,1.0,0.6666666666666666,9.0,10.0,5.0,13.0,48.0,1.5416666666666667,3,2,0
I01425,U035,F020,2026-02-18T15:49:00,Mexican,Vegetarian,Sour,High,Pasta,Dinner,0.0,0.0,1.0,1.0,0.0,1.0,0.5,9.0,11.0,5.0,13.0,50.0,0.0763888888888889,15,2,0
I00184,U035,F093,2026-02-18T22:59:00,Pakistani,Vegetarian,Spicy,Low,Pasta,Lunch,0.0,0.0,0.0,1.0,0.0,1.0,0.3333333333333333,9.0,12.0,5.0,13.0,51.0,0.2986111111111111,22,2,0
I03985,U035,F012,2026-02-19T07:35:00,Indian,Mutton,Sour,High,Bread,Lunch,0.0,0.0,1.0,1.0,1.0,1.0,0.6666666666666666,9.0,13.0,5.0,13.0,52.0,0.35833333333333334,7,3,1
I03632,U035,F097,2026-02-20T15:31:00,Thai,Fish,Spicy,Medium,Pasta,Breakfast,0.0,1.0,0.0,0.0,0.0,1.0,0.3333333333333333,9.0,13.0,6.0,13.0,53.0,1.3305555555555555,15,4,0
I01579,U035,F093,2026-02-23T18:47:00,Pakistani,Vegetarian,Spicy,Low,Pasta,Lunch,0.0,0.0,0.0,1.0,0.0,1.0,0.3333333333333333,9.0,13.0,6.0,14.0,54.0,3.136111111111111,18,0,1
I01079,U035,F042,2026-02-24T19:23:00,Pakistani,Beef,Spicy,Low,Curry,Snack,0.0,1.0,0.0,1.0,0.0,0.0,0.3333333333333333,10.0,13.0,6.0,14.0,55.0,1.025,19,1,1
I01335,U035,F049,2026-02-24T21:42:00,Mexican,Mutton,Savory,Low,Curry,Snack,0.0,0.0,0.0,1.0,0.0,0.0,0.16666666666666666,10.0,13.0,7.0,14.0,56.0,0.09652777777777778,21,1,0
I00543,U035,F090,2026-02-25T22:04:00,Indian,Fish,Creamy,Low,Pasta,Snack,0.0,1.0,1.0,1.0,0.0,0.0,0.5,10.0,14.0,7.0,14.0,58.0,0.7506944444444444,22,2,0
I04691,U035,F009,2026-02-26T05:07:00,Thai,Chicken,Sour,Low,Curry,Dinner,0.0,1.0,1.0,1.0,0.0,1.0,0.6666666666666666,10.0,14.0,7.0,15.0,59.0,0.29375,5,3,1
I02838,U035,F019,2026-03-03T09:48:00,Italian,Beef,Spicy,High,Curry,Dinner,1.0,1.0,0.0,1.0,0.0,1.0,0.6666666666666666,11.0,14.0,7.0,15.0,62.0,1.132638888888889,9,1,1
I04885,U035,F029,2026-03-05T07:04:00,Indian,Chicken,Savory,Medium,Bread,Lunch,0.0,1.0,0.0,0.0,1.0,1.0,0.5,11.0,14.0,8.0,15.0,63.0,1.886111111111111,7,3,0
I00441,U035,F082,2026-03-06T10:14:00,Italian,Fish,Sweet,High,Noodles,Lunch,1.0,1.0,1.0,1.0,0.0,1.0,0.8333333333333334,11.0,15.0,8.0,15.0,64.0,1.1319444444444444,10,4,1
I00002,U005,F051,2026-01-03T15:41:00,Chinese,Chicken,Creamy,Low,Noodles,Snack,0.0,1.0,0.0,0.0,1.0,0.0,0.3333333333333333,0.0,0.0,0.0,0.0,1.0,0.16597222222222222,15,5,0
I03359,U005,F002,2026-01-06T21:57:00,Chinese,Beef,Savory,High,Curry,Breakfast,0.0,1.0,1.0,1.0,0.0,0.0,0.5,0.0,1.0,0.0,0.0,3.0,1.2131944444444445,21,1,0
I01102,U005,F053,2026-01-12T13:32:00,Thai,Chicken,Sour,High,Curry,Dinner,0.0,1.0,0.0,1.0,0.0,1.0,0.5,0.0,2.0,0.0,0.0,5.0,4.6375,13,0,0
I01204,U005,F044,2026-01-16T19:10:00,Pakistani,Fish,Creamy,Low,Rice,Breakfast,1.0,0.0,0.0,0.0,1.0,0.0,0.3333333333333333,0.0,2.0,0.0,1.0,8.0,0.2513888888888889,19,4,0
I02607,U005,F036,2026-01-17T03:16:00,Pakistani,Chicken,Savory,Low,Rice,Breakfast,1.0,1.0,1.0,0.0,1.0,0.0,0.6666666666666666,0.0,2.0,0.0,2.0,9.0,0.3375,3,5,1
I01277,U005,F039,2026-01-18T18:59:00,Chinese,Fish,Sour,Low,Rice,Breakfast,0.0,0.0,0.0,0.0,1.0,0.0,0.16666666666666666,0.0,2.0,1.0,2.0,10.0,1.6548611111111111,18,6,1
I03634,U005,F025,2026-01-21T06:51:00,Mexican,Mutton,Savory,Medium,Pasta,Lunch,0.0,0.0,1.0,1.0,0.0,0.0,0.3333333333333333,0.0,2.0,2.0,2.0,12.0,1.0263888888888888,6,2,1
I02487,U005,F009,2026-01-21T08:01:00,Thai,Chicken,Sour,Low,Curry,Dinner,0.0,1.0,0.0,0.0,0.0,1.0,0.3333333333333333,0.0,2.0,3.0,2.0,13.0,0.04861111111111111,8,2,1
I02326,U005,F068,2026-01-25T08:29:00,Italian,Mutton,Savory,Medium,Noodles,Lunch,0.0,0.0,1.0,1.0,1.0,0.0,0.5,1.0,2.0,3.0,2.0,14.0,4.019444444444445,8,6,1
I01741,U005,F050,2026-01-28T03:30:00,Thai,Vegetarian,Spicy,Low,Curry,Breakfast,0.0,1.0,1.0,0.0,0.0,0.0,0.3333333333333333,2.0,2.0,3.0,2.0,15.0,2.792361111111111,3,2,1
I01763,U005,F064,2026-01-28T15:58:00,Pakistani,Chicken,Sweet,Low,Bread,Lunch,1.0,1.0,0.0,0.0,0.0,0.0,0.3333333333333333,3.0,2.0,3.0,2.0,16.0,0.5194444444444445,15,2,1
I04181,U005,F064,2026-01-29T14:18:00,Pakistani,Chicken,Sweet,Low,Bread,Lunch,1.0,1.0,0.0,0.0,0.0,0.0,0.3333333333333333,4.0,2.0,3.0,2.0,17.0,0.9305555555555556,14,3,0
I02783,U005,F076,2026-01-29T15:20:00,Pakistani,Chicken,Sweet,Low,Curry,Dinner,1.0,1.0,0.0,0.0,0.0,1.0,0.5,4.0,3.0,3.0,2.0,18.0,0.043055555555555555,15,3,1
I01139,U005,F013,2026-01-31T16:04:00,Italian,Mutton,Spicy,High,Bread,Breakfast,0.0,0.0,1.0,1.0,0.0,0.0,0.3333333333333333,5.0,3.0,3.0,2.0,19.0,2.0305555555555554,16,5,0
I03355,U005,F064,2026-02-02T04:26:00,Pakistani,Chicken,Sweet,Low,Bread,Lunch,1.0,1.0,0.0,0.0,0.0,0.0,0.3333333333333333,5.0,4.0,3.0,2.0,20.0,1.5152777777777777,4,0,1
I03349,U005,F070,2026-02-03T01:30:00,Chinese,Beef,Spicy,Medium,Rice,Lunch,0.0,1.0,1.0,1.0,1.0,0.0,0.6666666666666666,6.0,4.0,3.0,2.0,21.0,0.8777777777777778,1,1,1
I03863,U005,F045,2026-02-03T18:10:00,Pakistani,Beef,Spicy,Medium,Pasta,Snack,1.0,1.0,1.0,1.0,0.0,0.0,0.6666666666666666,7.0,4.0,3.0,2.0,22.0,0.6944444444444444,18,1,1
I02039,U005,F025,2026-02-04T02:51:00,Mexican,Mutton,Savory,Medium,Pasta,Lunch,0.0,0.0,1.0,1.0,0.0,0.0,0.3333333333333333,8.0,4.0,3.0,2.0,23.0,0.36180555555555555,2,2,0
I02936,U005,F049,2026-02-05T02:44:00,Mexican,Mutton,Savory,Low,Curry,Snack,0.0,0.0,1.0,0.0,0.0,0.0,0.16666666666666666,8.0,4.0,3.0,3.0,24.0,0.9951388888888889,2,3,0
I03209,U005,F050,2026-02-05T03:24:00,Thai,Vegetarian,Spicy,Low,Curry,Breakfast,0.0,1.0,1.0,0.0,0.0,0.0,0.3333333333333333,8.0,4.0,3.0,4.0,25.0,0.027777777777777776,3,3,1
I00435,U005,F044,2026-02-05T08:54:00,Pakistani,Fish,Creamy,Low,Rice,Breakfast,1.0,0.0,0.0,0.0,1.0,0.0,0.3333333333333333,9.0,4.0,3.0,4.0,26.0,0.22916666666666666,8,3,0
I03845,U005,F047,2026-02-05T14:05:00,Indian,Mutton,Sour,Medium,Pasta,Snack,0.0,0.0,0.0,1.0,0.0,0.0,0.16666666666666666,9.0,4.0,3.0,5.0,27.0,0.21597222222222223,14,3,0
I02855,U005,F019,2026-02-07T05:49:00,Italian,Beef,Spicy,High,Curry,Dinner,0.0,1.0,1.0,1.0,0.0,1.0,0.6666666666666666,9.0,4.0,3.0,6.0,28.0,1.6555555555555554,5,5,0
I03707,U005,F041,2026-02-09T13:56:00,Mexican,Chicken,Savory,Low,Pasta,Dinner,0.0,1.0,1.0,0.0,0.0,1.0,0.5,9.0,4.0,3.0,7.0,29.0,2.3381944444444445,13,0,1
I00544,U005,F096,2026-02-12T01:17:00,Mexican,Fish,Sour,Medium,Noodles,Dinner,0.0,0.0,0.0,1.0,1.0,1.0,0.5,10.0,4.0,3.0,7.0,31.0,1.4756944444444444,1,3,0
I03486,U005,F073,2026-02-12T14:37:00,Chinese,Fish,Sweet,Medium,Noodles,Lunch,0.0,0.0,0.0,1.0,1.0,0.0,0.3333333333333333,10.0,5.0,3.0,7.0,32.0,0.5555555555555556,14,3,0
I01374,U005,F052,2026-02-12T19:25:00,Pakistani,Vegetarian,Spicy,High,Curry,Breakfast,1.0,1.0,1.0,1.0,0.0,0.0,0.6666666666666666,10.0,5.0,3.0,8.0,33.0,0.2,19,3,1
I04640,U005,F019,2026-02-14T07:31:00,Italian,Beef,Spicy,High,Curry,Dinner,0.0,1.0,1.0,1.0,0.0,1.0,0.6666666666666666,11.0,5.0,3.0,8.0,35.0,1.2055555555555555,7,5,1
I04066,U005,F099,2026-02-14T14:37:00,Thai,Chicken,Spicy,Low,Noodles,Snack,0.0,1.0,1.0,0.0,1.0,0.0,0.5,11.0,5.0,3.0,8.0,36.0,0.29583333333333334,14,5,1
I02545,U005,F033,2026-02-15T22:34:00,Mexican,Mutton,Sour,High,Bread,Snack,0.0,0.0,0.0,1.0,0.0,0.0,0.16666666666666666,12.0,5.0,3.0,8.0,37.0,1.33125,22,6,0
I01401,U005,F085,2026-02-17T01:29:00,Indian,Vegetarian,Creamy,High,Bread,Snack,0.0,1.0,0.0,1.0,0.0,0.0,0.3333333333333333,12.0,6.0,3.0,8.0,38.0,1.1215277777777777,1,1,0
I03255,U005,F089,2026-02-18T03:54:00,Pakistani,Chicken,Spicy,Medium,Curry,Breakfast,1.0,1.0,1.0,1.0,0.0,0.0,0.6666666666666666,12.0,6.0,3.0,9.0,39.0,1.1006944444444444,3,2,1
I03477,U005,F083,2026-02-20T23:20:00,Indian,Fish,Spicy,High,Curry,Dinner,0.0,0.0,1.0,1.0,0.0,1.0,0.5,12.0,6.0,4.0,9.0,41.0,2.1125,23,4,1
I01982,U005,F065,2026-02-23T00:41:00,Mexican,Fish,Creamy,High,Pasta,Breakfast,0.0,0.0,0.0,1.0,0.0,0.0,0.16666666666666666,13.0,6.0,4.0,9.0,42.0,2.05625,0,0,0
I02239,U005,F015,2026-02-23T18:19:00,Indian,Fish,Sweet,High,Curry,Lunch,0.0,0.0,0.0,1.0,0.0,0.0,0.16666666666666666,13.0,6.0,4.0,10.0,43.0,0.7347222222222223,18,0,0
I04862,U005,F069,2026-02-24T18:29:00,Mexican,Chicken,Sweet,High,Pasta,Lunch,0.0,1.0,0.0,1.0,0.0,0.0,0.3333333333333333,13.0,6.0,4.0,11.0,44.0,1.0069444444444444,18,1,0
I00854,U005,F044,2026-02-25T14:51:00,Pakistani,Fish,Creamy,Low,Rice,Breakfast,1.0,0.0,0.0,0.0,1.0,0.0,0.3333333333333333,13.0,7.0,4.0,11.0,47.0,0.6347222222222222,14,2,1
I00927,U005,F070,2026-02-27T00:33:00,Chinese,Beef,Spicy,Medium,Rice,Lunch,0.0,1.0,1.0,1.0,1.0,0.0,0.6666666666666666,13.0,7.0,5.0,11.0,48.0,1.4041666666666666,0,4,1
I00914,U005,F010,2026-02-27T00:38:00,Mexican,Vegetarian,Sweet,High,Noodles,Breakfast,0.0,1.0,0.0,1.0,1.0,0.0,0.5,13.0,7.0,6.0,11.0,49.0,0.003472222222222222,0,4,0
I00084,U005,F017,2026-02-27T15:54:00,Indian,Mutton,Savory,Low,Curry,Dinner,0.0,0.0,1.0,0.0,0.0,1.0,0.3333333333333333,13.0,8.0,6.0,11.0,50.0,0.6361111111111111,15,4,0
I03121,U005,F068,2026-03-02T00:38:00,Italian,Mutton,Savory,Medium,Noodles,Lunch,0.0,0.0,1.0,1.0,1.0,0.0,0.5,13.0,8.0,6.0,12.0,51.0,2.363888888888889,0,0,1
I03705,U005,F046,2026-03-02T06:42:00,Chinese,Fish,Savory,Low,Pasta,Breakfast,0.0,0.0,1.0,0.0,0.0,0.0,0.16666666666666666,14.0,8.0,6.0,12.0,52.0,0.25277777777777777,6,0,0
I01578,U005,F070,2026-03-02T06:53:00,Chinese,Beef,Spicy,Medium,Rice,Lunch,0.0,1.0,1.0,1.0,1.0,0.0,0.6666666666666666,14.0,8.0,6.0,13.0,53.0,0.007638888888888889,6,0,1
I00856,U005,F095,2026-03-04T03:54:00,Thai,Vegetarian,Sour,High,Pasta,Lunch,0.0,1.0,0.0,1.0,0.0,0.0,0.3333333333333333,15.0,8.0,6.0,13.0,54.0,1.8756944444444446,3,2,0
I02741,U005,F096,2026-03-05T19:01:00,Mexican,Fish,Sour,Medium,Noodles,Dinner,0.0,0.0,0.0,1.0,1.0,1.0,0.5,15.0,8.0,6.0,14.0,56.0,0.6479166666666667,19,3,1
I00324,U005,F064,2026-03-05T19:20:00,Pakistani,Chicken,Sweet,Low,Bread,Lunch,1.0,1.0,0.0,0.0,0.0,0.0,0.3333333333333333,15.0,8.0,7.0,14.0,57.0,0.013194444444444444,19,3,0
I01803,U019,F076,2026-01-01T14:41:00,Pakistani,Chicken,Sweet,Low,Curry,Dinner,1.0,0.0,1.0,1.0,1.0,1.0,0.8333333333333334,0.0,0.0,0.0,0.0,0.0,-1.0,14,3,1
I01544,U019,F039,2026-01-01T21:32:00,Chinese,Fish,Sour,Low,Rice,Breakfast,0.0,0.0,1.0,1.0,0.0,0.0,0.3333333333333333,0.0,0.0,1.0,0.0,1.0,0.28541666666666665,21,3,0
I00439,U019,F034,2026-01-05T19:54:00,Thai,Fish,Savory,Low,Noodles,Breakfast,0.0,0.0,1.0,1.0,0.0,0.0,0.3333333333333333,0.0,1.0,1.0,0.0,3.0,2.3958333333333335,19,0,0
I01802,U019,F009,2026-01-06T07:25:00,Thai,Chicken,Sour,Low,Curry,Dinner,0.0,0.0,1.0,1.0,1.0,1.0,0.6666666666666666,0.0,1.0,1.0,1.0,5.0,0.45,7,1,0
I01368,U019,F027,2026-01-09T15:31:00,Mexican,Mutton,Creamy,High,Noodles,Lunch,0.0,0.0,0.0,0.0,0.0,1.0,0.16666666666666666,0.0,2.0,1.0,1.0,6.0,3.3375,15,4,0
I02717,U019,F043,2026-01-09T16:11:00,Chinese,Fish,Spicy,Medium,Pasta,Lunch,0.0,0.0,0.0,0.0,1.0,1.0,0.3333333333333333,0.0,2.0,1.0,2.0,7.0,0.027777777777777776,16,4,1
I00395,U019,F085,2026-01-13T00:52:00,Indian,Vegetarian,Creamy,High,Bread,Snack,0.0,1.0,0.0,0.0,0.0,0.0,0.16666666666666666,0.0,2.0,2.0,2.0,10.0,2.259027777777778,0,1,0
I00540,U019,F084,2026-01-13T05:42:00,Indian,Vegetarian,Savory,Medium,Bread,Lunch,0.0,1.0,1.0,0.0,0.0,1.0,0.5,0.0,2.0,2.0,3.0,11.0,0.2013888888888889,5,1,1
I01780,U019,F091,2026-01-13T06:19:00,Indian,Beef,Spicy,High,Rice,Breakfast,0.0,0.0,0.0,0.0,0.0,0.0,0.0,0.0,2.0,3.0,3.0,12.0,0.025694444444444443,6,1,0
I03885,U019,F083,2026-01-13T22:53:00,Indian,Fish,Spicy,High,Curry,Dinner,0.0,0.0,0.0,0.0,1.0,1.0,0.3333333333333333,0.0,2.0,3.0,4.0,13.0,0.6902777777777778,22,1,0
I00786,U019,F079,2026-01-19T15:49:00,Italian,Chicken,Sour,Low,Curry,Lunch,0.0,0.0,1.0,1.0,1.0,1.0,0.6666666666666666,0.0,2.0,3.0,5.0,14.0,5.705555555555556,15,0,0
I01805,U019,F065,2026-01-20T02:56:00,Mexican,Fish,Creamy,High,Pasta,Breakfast,0.0,0.0,0.0,0.0,1.0,0.0,0.16666666666666666,0.0,2.0,3.0,6.0,15.0,0.46319444444444446,2,1,0
I02696,U019,F005,2026-01-21T23:43:00,Mexican,Vegetarian,Sour,Low,Pasta,Dinner,0.0,1.0,1.0,1.0,1.0,1.0,0.8333333333333334,0.0,2.0,3.0,7.0,16.0,1.8659722222222221,23,2,1
I00271,U019,F005,2026-01-22T15:36:00,Mexican,Vegetarian,Sour,Low,Pasta,Dinner,0.0,1.0,1.0,1.0,1.0,1.0,0.8333333333333334,1.0,2.0,3.0,7.0,17.0,0.6618055555555555,15,3,1
I02954,U019,F040,2026-01-22T19:45:00,Mexican,Fish,Sweet,Medium,Pasta,Snack,0.0,0.0,1.0,0.0,1.0,0.0,0.3333333333333333,1.0,2.0,4.0,7.0,18.0,0.17291666666666666,19,3,1
I03686,U019,F043,2026-01-22T23:56:00,Chinese,Fish,Spicy,Medium,Pasta,Lunch,0.0,0.0,0.0,0.0,1.0,1.0,0.3333333333333333,2.0,2.0,4.0,7.0,19.0,0.17430555555555555,23,3,0
I00601,U019,F077,2026-01-25T00:11:00,Pakistani,Chicken,Creamy,Medium,Bread,Dinner,1.0,0.0,0.0,0.0,0.0,1.0,0.3333333333333333,2.0,3.0,4.0,7.0,21.0,1.4625,0,6,0
I03082,U019,F074,2026-01-27T18:18:00,Pakistani,Beef,Sour,Medium,Bread,Breakfast,1.0,0.0,1.0,0.0,0.0,0.0,0.3333333333333333,2.0,3.0,4.0,8.0,22.0,2.754861111111111,18,1,1
I03595,U019,F015,2026-01-28T01:26:00,Indian,Fish,Sweet,High,Curry,Lunch,0.0,0.0,1.0,0.0,1.0,1.0,0.5,3.0,3.0,4.0,8.0,23.0,0.2972222222222222,1,2,1
I03035,U019,F027,2026-01-28T05:54:00,Mexican,Mutton,Creamy,High,Noodles,Lunch,0.0,0.0,0.0,0.0,0.0,1.0,0.16666666666666666,3.0,3.0,4.0,8.0,24.0,0.18611111111111112,5,2,0
I01085,U019,F034,2026-01-29T21:19:00,Thai,Fish,Savory,Low,Noodles,Breakfast,0.0,0.0,1.0,1.0,0.0,0.0,0.3333333333333333,3.0,4.0,4.0,8.0,26.0,0.3638888888888889,21,3,1
I01561,U019,F037,2026-02-01T21:04:00,Italian,Chicken,Creamy,Low,Bread,Snack,0.0,0.0,0.0,1.0,0.0,0.0,0.16666666666666666,3.0,4.0,4.0,8.0,29.0,1.1743055555555555,21,6,0
I02292,U019,F053,2026-02-02T12:14:00,Thai,Chicken,Sour,High,Curry,Dinner,0.0,0.0,1.0,0.0,1.0,1.0,0.5,3.0,4.0,4.0,9.0,31.0,0.2625,12,0,0
I00807,U019,F061,2026-02-05T11:14:00,Mexican,Vegetarian,Spicy,Medium,Bread,Lunch,0.0,1.0,0.0,0.0,0.0,1.0,0.3333333333333333,3.0,4.0,4.0,10.0,32.0,2.9583333333333335,11,3,1
I01899,U019,F044,2026-02-05T12:20:00,Pakistani,Fish,Creamy,Low,Rice,Breakfast,1.0,0.0,0.0,1.0,0.0,0.0,0.3333333333333333,3.0,4.0,5.0,10.0,33.0,0.04583333333333333,12,3,0
I03719,U019,F037,2026-02-05T17:33:00,Italian,Chicken,Creamy,Low,Bread,Snack,0.0,0.0,0.0,1.0,0.0,0.0,0.16666666666666666,3.0,5.0,5.0,10.0,34.0,0.21736111111111112,17,3,1
I03197,U019,F049,2026-02-05T19:00:00,Mexican,Mutton,Savory,Low,Curry,Snack,0.0,0.0,1.0,1.0,1.0,0.0,0.5,4.0,5.0,5.0,10.0,35.0,0.06041666666666667,19,3,0
I04414,U019,F013,2026-02-05T22:47:00,Italian,Mutton,Spicy,High,Bread,Breakfast,0.0,0.0,0.0,0.0,0.0,0.0,0.0,4.0,5.0,5.0,11.0,36.0,0.15763888888888888,22,3,0
I04616,U019,F043,2026-02-06T08:21:00,Chinese,Fish,Spicy,Medium,Pasta,Lunch,0.0,0.0,0.0,0.0,1.0,1.0,0.3333333333333333,4.0,5.0,5.0,12.0,38.0,0.2604166666666667,8,4,0
I00065,U019,F042,2026-02-07T10:27:00,Pakistani,Beef,Spicy,Low,Curry,Snack,1.0,0.0,0.0,1.0,1.0,0.0,0.5,4.0,5.0,5.0,13.0,39.0,1.0875,10,5,1
I04149,U019,F075,2026-02-09T19:21:00,Italian,Mutton,Creamy,Medium,Curry,Dinner,0.0,0.0,0.0,0.0,1.0,1.0,0.3333333333333333,5.0,5.0,5.0,13.0,41.0,0.9743055555555555,19,0,1
I00756,U019,F084,2026-02-10T16:32:00,Indian,Vegetarian,Savory,Medium,Bread,Lunch,0.0,1.0,1.0,0.0,0.0,1.0,0.5,6.0,5.0,5.0,13.0,42.0,0.8826388888888889,16,1,1
I00174,U019,F030,2026-02-10T19:42:00,Pakistani,Beef,Creamy,Low,Rice,Snack,1.0,0.0,0.0,1.0,0.0,0.0,0.3333333333333333,6.0,5.0,5.0,13.0,43.0,0.13194444444444445,19,1,0
I03946,U019,F010,2026-02-11T15:40:00,Mexican,Vegetarian,Sweet,High,Noodles,Breakfast,0.0,1.0,1.0,0.0,0.0,0.0,0.3333333333333333,6.0,5.0,5.0,14.0,45.0,0.5756944444444444,15,2,0
I01482,U019,F091,2026-02-12T05:12:00,Indian,Beef,Spicy,High,Rice,Breakfast,0.0,0.0,0.0,0.0,0.0,0.0,0.0,6.0,5.0,5.0,15.0,46.0,0.5638888888888889,5,3,0
I02360,U019,F001,2026-02-12T06:02:00,Mexican,Chicken,Savory,High,Bread,Lunch,0.0,0.0,1.0,0.0,0.0,1.0,0.3333333333333333,6.0,6.0,5.0,15.0,47.0,0.034722222222222224,6,3,0
I00388,U019,F003,2026-02-13T05:48:00,Thai,Fish,Savory,Low,Rice,Lunch,0.0,0.0,1.0,1.0,0.0,1.0,0.5,6.0,6.0,5.0,16.0,48.0,0.9902777777777778,5,4,1
I00458,U019,F059,2026-02-13T14:48:00,Thai,Vegetarian,Savory,High,Curry,Dinner,0.0,1.0,1.0,0.0,1.0,1.0,0.6666666666666666,6.0,6.0,5.0,16.0,49.0,0.375,14,4,0
I04535,U019,F022,2026-02-14T09:41:00,Pakistani,Beef,Spicy,High,Pasta,Breakfast,1.0,0.0,0.0,0.0,1.0,0.0,0.3333333333333333,6.0,6.0,5.0,17.0,50.0,0.7868055555555555,9,5,1
I04069,U019,F099,2026-02-18T04:40:00,Thai,Chicken,Spicy,Low,Noodles,Snack,0.0,0.0,0.0,1.0,0.0,0.0,0.16666666666666666,7.0,6.0,5.0,17.0,52.0,0.7965277777777777,4,2,0
I03563,U019,F007,2026-02-22T08:50:00,Chinese,Mutton,Savory,Low,Pasta,Breakfast,0.0,0.0,1.0,1.0,1.0,0.0,0.5,7.0,6.0,5.0,18.0,53.0,4.173611111111111,8,6,0
I04247,U019,F058,2026-02-23T13:51:00,Italian,Mutton,Spicy,Medium,Curry,Dinner,0.0,0.0,0.0,0.0,1.0,1.0,0.3333333333333333,7.0,7.0,5.0,18.0,55.0,0.33194444444444443,13,0,0
I04110,U019,F046,2026-02-23T15:20:00,Chinese,Fish,Savory,Low,Pasta,Breakfast,0.0,0.0,1.0,1.0,1.0,0.0,0.5,7.0,8.0,5.0,18.0,56.0,0.06180555555555556,15,0,0
I01927,U019,F044,2026-02-23T17:14:00,Pakistani,Fish,Creamy,Low,Rice,Breakfast,1.0,0.0,0.0,1.0,0.0,0.0,0.3333333333333333,7.0,8.0,5.0,19.0,57.0,0.07916666666666666,17,0,1
I02729,U019,F086,2026-02-24T06:57:00,Indian,Fish,Spicy,High,Pasta,Lunch,0.0,0.0,0.0,0.0,1.0,1.0,0.3333333333333333,8.0,8.0,5.0,19.0,58.0,0.5715277777777777,6,1,1
I01052,U019,F059,2026-02-26T07:42:00,Thai,Vegetarian,Savory,High,Curry,Dinner,0.0,1.0,1.0,0.0,1.0,1.0,0.6666666666666666,9.0,8.0,5.0,19.0,60.0,1.7319444444444445,7,3,1
I04613,U038,F080,2026-01-01T09:45:00,Italian,Fish,Savory,High,Bread,Dinner,0.0,0.0,0.0,1.0,0.0,0.0,0.16666666666666666,0.0,0.0,0.0,0.0,0.0,-1.0,9,3,0
I01843,U038,F080,2026-01-04T05:25:00,Italian,Fish,Savory,High,Bread,Dinner,0.0,0.0,0.0,1.0,0.0,0.0,0.16666666666666666,0.0,1.0,0.0,0.0,3.0,1.0333333333333334,5,6,0
I02939,U038,F057,2026-01-07T12:34:00,Thai,Mutton,Spicy,Medium,Rice,Lunch,0.0,1.0,0.0,0.0,1.0,1.0,0.5,0.0,2.0,0.0,0.0,5.0,2.111111111111111,12,2,0
I00312,U038,F009,2026-01-08T13:35:00,Thai,Chicken,Sour,Low,Curry,Dinner,0.0,0.0,1.0,1.0,0.0,0.0,0.3333333333333333,0.0,2.0,0.0,1.0,7.0,0.19791666666666666,13,3,1
I01157,U038,F014,2026-01-11T15:42:00,Thai,Beef,Creamy,High,Noodles,Lunch,0.0,0.0,0.0,1.0,1.0,1.0,0.5,1.0,2.0,0.0,1.0,8.0,3.0881944444444445,15,6,0
I01042,U038,F026,2026-01-12T04:58:00,Indian,Chicken,Sweet,High,Noodles,Breakfast,0.0,0.0,0.0,1.0,1.0,1.0,0.5,1.0,3.0,0.0,1.0,9.0,0.5527777777777778,4,0,1
I01718,U038,F014,2026-01-14T04:50:00,Thai,Beef,Creamy,High,Noodles,Lunch,0.0,0.0,0.0,1.0,1.0,1.0,0.5,2.0,3.0,0.0,1.0,10.0,1.9944444444444445,4,2,1
I04845,U038,F062,2026-01-14T10:56:00,Mexican,Mutton,Spicy,High,Bread,Snack,1.0,1.0,0.0,1.0,0.0,1.0,0.6666666666666666,2.0,3.0,0.0,1.0,11.0,0.25416666666666665,10,2,1
I04743,U038,F031,2026-01-15T00:07:00,Pakistani,Vegetarian,Spicy,Low,Pasta,Lunch,0.0,1.0,0.0,1.0,0.0,1.0,0.5,2.0,3.0,1.0,1.0,12.0,0.5493055555555556,0,3,1
I02768,U038,F037,2026-01-16T14:20:00,Italian,Chicken,Creamy,Low,Bread,Snack,0.0,0.0,0.0,1.0,0.0,1.0,0.3333333333333333,3.0,3.0,1.0,1.0,13.0,1.5923611111111111,14,4,1
I04258,U038,F028,2026-01-16T18:54:00,Italian,Beef,Creamy,High,Rice,Dinner,0.0,0.0,0.0,1.0,1.0,0.0,0.3333333333333333,3.0,3.0,2.0,1.0,15.0,0.17152777777777778,18,4,0
I00766,U038,F070,2026-01-18T10:32:00,Chinese,Beef,Spicy,Medium,Rice,Lunch,0.0,0.0,0.0,0.0,1.0,1.0,0.3333333333333333,3.0,4.0,2.0,1.0,16.0,1.6513888888888888,10,6,0
I01810,U038,F018,2026-01-18T14:12:00,Chinese,Fish,Sour,High,Pasta,Lunch,0.0,0.0,1.0,1.0,0.0,1.0,0.5,3.0,5.0,2.0,1.0,18.0,0.1375,14,6,0
I00860,U038,F097,2026-01-19T22:33:00,Thai,Fish,Spicy,Medium,Pasta,Breakfast,0.0,0.0,0.0,0.0,0.0,1.0,0.16666666666666666,3.0,6.0,2.0,1.0,19.0,1.3479166666666667,22,0,0
I04693,U038,F099,2026-01-21T13:14:00,Thai,Chicken,Spicy,Low,Noodles,Snack,0.0,0.0,0.0,1.0,1.0,1.0,0.5,3.0,7.0,2.0,1.0,20.0,1.6118055555555555,13,2,0
I04401,U038,F064,2026-01-21T20:31:00,Pakistani,Chicken,Sweet,Low,Bread,Lunch,0.0,0.0,0.0,1.0,0.0,1.0,0.3333333333333333,3.0,8.0,2.0,1.0,21.0,0.3034722222222222,20,2,0
I00482,U038,F062,2026-01-24T20:51:00,Mexican,Mutton,Spicy,High,Bread,Snack,1.0,1.0,0.0,1.0,0.0,1.0,0.6666666666666666,3.0,8.0,2.0,2.0,23.0,1.6027777777777779,20,5,0
I01797,U038,F054,2026-01-25T01:24:00,Italian,Beef,Sweet,Low,Bread,Snack,0.0,0.0,0.0,1.0,0.0,1.0,0.3333333333333333,3.0,8.0,2.0,3.0,24.0,0.18958333333333333,1,6,0
I02960,U038,F069,2026-01-25T08:54:00,Mexican,Chicken,Sweet,High,Pasta,Lunch,1.0,0.0,0.0,1.0,0.0,1.0,0.5,3.0,9.0,2.0,3.0,25.0,0.3125,8,6,0
I01045,U038,F098,2026-01-25T09:37:00,Mexican,Mutton,Spicy,Medium,Bread,Dinner,1.0,1.0,0.0,0.0,0.0,0.0,0.3333333333333333,3.0,10.0,2.0,3.0,26.0,0.029861111111111113,9,6,1
I01956,U038,F049,2026-01-26T09:03:00,Mexican,Mutton,Savory,Low,Curry,Snack,1.0,1.0,0.0,1.0,0.0,1.0,0.6666666666666666,4.0,10.0,2.0,3.0,27.0,0.9763888888888889,9,0,0
I02873,U038,F012,2026-01-28T04:35:00,Indian,Mutton,Sour,High,Bread,Lunch,0.0,1.0,1.0,1.0,0.0,1.0,0.6666666666666666,4.0,11.0,2.0,3.0,28.0,1.8138888888888889,4,2,1
I04155,U038,F095,2026-01-28T10:56:00,Thai,Vegetarian,Sour,High,Pasta,Lunch,0.0,1.0,1.0,1.0,0.0,1.0,0.6666666666666666,5.0,11.0,2.0,3.0,29.0,0.26458333333333334,10,2,1
I02870,U038,F041,2026-01-29T04:49:00,Mexican,Chicken,Savory,Low,Pasta,Dinner,1.0,0.0,0.0,1.0,0.0,0.0,0.3333333333333333,5.0,11.0,2.0,3.0,30.0,0.7451388888888889,4,3,0
I02616,U038,F077,2026-01-30T03:25:00,Pakistani,Chicken,Creamy,Medium,Bread,Dinner,0.0,0.0,0.0,0.0,0.0,0.0,0.0,5.0,12.0,2.0,3.0,32.0,0.28055555555555556,3,4,0
I04379,U038,F072,2026-01-30T07:38:00,Chinese,Chicken,Sour,Low,Pasta,Lunch,0.0,0.0,1.0,1.0,0.0,1.0,0.5,5.0,12.0,2.0,4.0,33.0,0.17569444444444443,7,4,1
I03091,U038,F064,2026-01-30T15:29:00,Pakistani,Chicken,Sweet,Low,Bread,Lunch,0.0,0.0,0.0,1.0,0.0,1.0,0.3333333333333333,5.0,12.0,3.0,4.0,34.0,0.32708333333333334,15,4,0
I00263,U038,F011,2026-01-31T10:25:00,Pakistani,Beef,Sweet,Low,Noodles,Breakfast,0.0,0.0,0.0,1.0,1.0,1.0,0.5,5.0,12.0,3.0,5.0,35.0,0.7888888888888889,10,5,0
I00580,U038,F084,2026-02-02T12:50:00,Indian,Vegetarian,Savory,Medium,Bread,Lunch,0.0,1.0,0.0,0.0,0.0,1.0,0.3333333333333333,5.0,13.0,3.0,5.0,37.0,1.9333333333333333,12,0,0
I03246,U038,F090,2026-02-05T15:20:00,Indian,Fish,Creamy,Low,Pasta,Snack,0.0,0.0,0.0,1.0,0.0,1.0,0.3333333333333333,5.0,14.0,3.0,5.0,38.0,3.1041666666666665,15,3,1
I00378,U038,F023,2026-02-07T04:20:00,Indian,Fish,Creamy,Medium,Curry,Dinner,0.0,0.0,0.0,0.0,0.0,0.0,0.0,5.0,14.0,4.0,5.0,40.0,0.8743055555555556,4,5,0
I03160,U038,F085,2026-02-07T21:50:00,Indian,Vegetarian,Creamy,High,Bread,Snack,0.0,1.0,0.0,1.0,0.0,1.0,0.5,5.0,14.0,4.0,6.0,42.0,0.5597222222222222,21,5,0
I00006,U038,F052,2026-02-09T11:35:00,Pakistani,Vegetarian,Spicy,High,Curry,Breakfast,0.0,1.0,0.0,1.0,0.0,1.0,0.5,5.0,15.0,4.0,6.0,44.0,0.029166666666666667,11,0,0
I03185,U038,F051,2026-02-09T17:17:00,Chinese,Chicken,Creamy,Low,Noodles,Snack,0.0,0.0,0.0,1.0,1.0,1.0,0.5,5.0,16.0,4.0,6.0,45.0,0.2375,17,0,0
I00954,U038,F042,2026-02-11T07:51:00,Pakistani,Beef,Spicy,Low,Curry,Snack,0.0,0.0,0.0,1.0,0.0,1.0,0.3333333333333333,5.0,16.0,4.0,7.0,46.0,1.6069444444444445,7,2,0
I03956,U038,F087,2026-02-12T12:38:00,Mexican,Chicken,Sweet,High,Curry,Dinner,1.0,0.0,0.0,1.0,0.0,0.0,0.3333333333333333,5.0,16.0,4.0,8.0,47.0,1.1993055555555556,12,3,1
I03503,U038,F009,2026-02-14T16:35:00,Thai,Chicken,Sour,Low,Curry,Dinner,0.0,0.0,1.0,1.0,0.0,0.0,0.3333333333333333,6.0,16.0,4.0,8.0,48.0,2.1645833333333333,16,5,0
I04605,U038,F021,2026-02-15T00:15:00,Chinese,Beef,Creamy,Medium,Rice,Breakfast,0.0,0.0,0.0,0.0,1.0,1.0,0.3333333333333333,6.0,17.0,4.0,8.0,49.0,0.3194444444444444,0,6,0
I00579,U038,F070,2026-02-18T12:28:00,Chinese,Beef,Spicy,Medium,Rice,Lunch,0.0,0.0,0.0,0.0,1.0,1.0,0.3333333333333333,6.0,18.0,4.0,8.0,50.0,3.509027777777778,12,2,0
I03194,U038,F034,2026-02-18T16:34:00,Thai,Fish,Savory,Low,Noodles,Breakfast,0.0,0.0,0.0,1.0,1.0,1.0,0.5,6.0,19.0,4.0,8.0,51.0,0.17083333333333334,16,2,1
I00214,U038,F019,2026-02-20T02:37:00,Italian,Beef,Spicy,High,Curry,Dinner,0.0,0.0,0.0,1.0,0.0,0.0,0.16666666666666666,6.0,19.0,5.0,8.0,53.0,0.7375,2,4,0
I00248,U038,F089,2026-02-20T15:48:00,Pakistani,Chicken,Spicy,Medium,Curry,Breakfast,0.0,0.0,0.0,0.0,0.0,1.0,0.16666666666666666,6.0,19.0,5.0,9.0,54.0,0.5493055555555556,15,4,0
I00177,U038,F095,2026-02-24T18:58:00,Thai,Vegetarian,Sour,High,Pasta,Lunch,0.0,1.0,1.0,1.0,0.0,1.0,0.6666666666666666,6.0,19.0,5.0,10.0,56.0,3.2840277777777778,18,1,0
I02925,U038,F098,2026-02-25T22:33:00,Mexican,Mutton,Spicy,Medium,Bread,Dinner,1.0,1.0,0.0,0.0,0.0,0.0,0.3333333333333333,6.0,19.0,5.0,11.0,57.0,1.1493055555555556,22,2,0
I00857,U038,F077,2026-02-26T06:00:00,Pakistani,Chicken,Creamy,Medium,Bread,Dinner,0.0,0.0,0.0,0.0,0.0,0.0,0.0,6.0,19.0,5.0,12.0,58.0,0.3104166666666667,6,3,0
I01577,U038,F084,2026-02-27T03:22:00,Indian,Vegetarian,Savory,Medium,Bread,Lunch,0.0,1.0,0.0,0.0,0.0,1.0,0.3333333333333333,6.0,19.0,5.0,13.0,59.0,0.8902777777777777,3,4,0
I02050,U038,F047,2026-02-27T21:32:00,Indian,Mutton,Sour,Medium,Pasta,Snack,0.0,1.0,1.0,0.0,0.0,1.0,0.5,6.0,20.0,5.0,13.0,60.0,0.7569444444444444,21,4,1
I00014,U038,F008,2026-03-01T15:25:00,Italian,Mutton,Creamy,Medium,Rice,Snack,0.0,1.0,0.0,0.0,1.0,1.0,0.5,6.0,20.0,6.0,13.0,61.0,1.7451388888888888,15,6,1
I03650,U038,F078,2026-03-02T04:52:00,Indian,Vegetarian,Creamy,Low,Pasta,Lunch,0.0,1.0,0.0,1.0,0.0,1.0,0.5,7.0,20.0,6.0,13.0,62.0,0.5604166666666667,4,0,1
I02760,U038,F001,2026-03-02T12:19:00,Mexican,Chicken,Savory,High,Bread,Lunch,1.0,0.0,0.0,1.0,0.0,1.0,0.5,8.0,20.0,6.0,13.0,63.0,0.3104166666666667,12,0,1
I04088,U038,F066,2026-03-03T22:00:00,Pakistani,Chicken,Spicy,High,Rice,Dinner,0.0,0.0,0.0,1.0,1.0,0.0,0.3333333333333333,8.0,20.0,7.0,13.0,64.0,1.4034722222222222,22,1,1
I01595,U015,F094,2026-01-03T18:20:00,Indian,Vegetarian,Creamy,High,Bread,Snack,1.0,1.0,0.0,0.0,0.0,0.0,0.3333333333333333,0.0,0.0,0.0,0.0,0.0,-1.0,18,5,0
I04608,U015,F063,2026-01-08T00:04:00,Italian,Chicken,Savory,High,Pasta,Dinner,0.0,1.0,1.0,0.0,0.0,0.0,0.3333333333333333,0.0,1.0,0.0,0.0,3.0,1.5472222222222223,0,3,0
I00364,U015,F004,2026-01-08T16:06:00,Chinese,Vegetarian,Creamy,Low,Curry,Lunch,0.0,1.0,0.0,0.0,1.0,0.0,0.3333333333333333,0.0,2.0,0.0,0.0,4.0,0.6680555555555555,16,3,0
I02108,U015,F029,2026-01-09T20:52:00,Indian,Chicken,Savory,Medium,Bread,Lunch,1.0,1.0,1.0,1.0,0.0,0.0,0.6666666666666666,0.0,2.0,0.0,1.0,6.0,0.20833333333333334,20,4,1
I02385,U015,F098,2026-01-10T00:40:00,Mexican,Mutton,Spicy,Medium,Bread,Dinner,0.0,0.0,1.0,1.0,0.0,0.0,0.3333333333333333,1.0,2.0,0.0,1.0,7.0,0.15833333333333333,0,5,0
I04898,U015,F052,2026-01-11T11:45:00,Pakistani,Vegetarian,Spicy,High,Curry,Breakfast,0.0,1.0,1.0,0.0,1.0,1.0,0.6666666666666666,1.0,2.0,0.0,2.0,8.0,1.4618055555555556,11,6,0
I01461,U015,F078,2026-01-11T11:53:00,Indian,Vegetarian,Creamy,Low,Pasta,Lunch,1.0,1.0,0.0,0.0,0.0,0.0,0.3333333333333333,1.0,2.0,0.0,3.0,9.0,0.005555555555555556,11,6,0
I04962,U015,F069,2026-01-12T02:13:00,Mexican,Chicken,Sweet,High,Pasta,Lunch,0.0,1.0,1.0,0.0,0.0,0.0,0.3333333333333333,1.0,2.0,0.0,4.0,10.0,0.5972222222222222,2,0,0
I03108,U015,F013,2026-01-12T16:41:00,Italian,Mutton,Spicy,High,Bread,Breakfast,0.0,0.0,1.0,0.0,0.0,1.0,0.3333333333333333,1.0,2.0,0.0,5.0,11.0,0.6027777777777777,16,0,0
I03913,U015,F006,2026-01-14T00:14:00,Pakistani,Beef,Sour,Medium,Bread,Lunch,0.0,0.0,0.0,1.0,0.0,0.0,0.16666666666666666,1.0,3.0,0.0,5.0,12.0,1.3145833333333334,0,2,0
I00456,U015,F089,2026-01-14T13:05:00,Pakistani,Chicken,Spicy,Medium,Curry,Breakfast,0.0,1.0,1.0,1.0,1.0,1.0,0.8333333333333334,1.0,3.0,0.0,6.0,13.0,0.5354166666666667,13,2,0
I00665,U015,F032,2026-01-17T04:28:00,Italian,Vegetarian,Creamy,Medium,Noodles,Lunch,0.0,1.0,0.0,1.0,1.0,0.0,0.5,1.0,4.0,0.0,6.0,15.0,1.4868055555555555,4,5,0
I03697,U015,F098,2026-01-19T10:09:00,Mexican,Mutton,Spicy,Medium,Bread,Dinner,0.0,0.0,1.0,1.0,0.0,0.0,0.3333333333333333,1.0,4.0,0.0,7.0,17.0,2.1618055555555555,10,0,0
I02152,U015,F004,2026-01-19T19:56:00,Chinese,Vegetarian,Creamy,Low,Curry,Lunch,0.0,1.0,0.0,0.0,1.0,0.0,0.3333333333333333,1.0,5.0,0.0,7.0,18.0,0.4076388888888889,19,0,0
I00583,U015,F010,2026-01-20T06:22:00,Mexican,Vegetarian,Sweet,High,Noodles,Breakfast,0.0,1.0,1.0,0.0,1.0,1.0,0.6666666666666666,1.0,5.0,0.0,8.0,19.0,0.43472222222222223,6,1,1
I04844,U015,F011,2026-01-21T22:40:00,Pakistani,Beef,Sweet,Low,Noodles,Breakfast,0.0,0.0,1.0,0.0,1.0,1.0,0.5,2.0,5.0,0.0,8.0,20.0,1.6791666666666667,22,2,0
I00220,U015,F046,2026-01-24T23:12:00,Chinese,Fish,Savory,Low,Pasta,Breakfast,0.0,0.0,1.0,0.0,0.0,1.0,0.3333333333333333,2.0,5.0,0.0,9.0,22.0,2.7291666666666665,23,5,0
I03701,U015,F063,2026-01-25T04:15:00,Italian,Chicken,Savory,High,Pasta,Dinner,0.0,1.0,1.0,0.0,0.0,0.0,0.3333333333333333,2.0,6.0,0.0,9.0,23.0,0.21041666666666667,4,6,0
I04778,U015,F083,2026-01-26T00:36:00,Indian,Fish,Spicy,High,Curry,Dinner,1.0,0.0,1.0,0.0,1.0,0.0,0.5,2.0,7.0,0.0,9.0,24.0,0.8479166666666667,0,0,1
I03303,U015,F057,2026-01-26T01:29:00,Thai,Mutton,Spicy,Medium,Rice,Lunch,1.0,0.0,1.0,1.0,1.0,0.0,0.6666666666666666,3.0,7.0,0.0,9.0,25.0,0.03680555555555556,1,0,1
I03539,U015,F070,2026-01-27T10:07:00,Chinese,Beef,Spicy,Medium,Rice,Lunch,0.0,0.0,1.0,1.0,1.0,0.0,0.5,3.0,7.0,1.0,9.0,26.0,1.3597222222222223,10,1,0
I01343,U015,F026,2026-01-28T10:26:00,Indian,Chicken,Sweet,High,Noodles,Breakfast,1.0,1.0,1.0,0.0,1.0,1.0,0.8333333333333334,3.0,8.0,1.0,9.0,27.0,1.0131944444444445,10,2,1
I02212,U015,F042,2026-01-29T19:56:00,Pakistani,Beef,Spicy,Low,Curry,Snack,0.0,0.0,1.0,0.0,1.0,0.0,0.3333333333333333,4.0,8.0,1.0,9.0,28.0,1.3958333333333333,19,3,0
I02633,U015,F053,2026-01-30T03:08:00,Thai,Chicken,Sour,High,Curry,Dinner,1.0,1.0,0.0,0.0,1.0,0.0,0.5,4.0,9.0,1.0,9.0,29.0,0.3,3,4,1
I02468,U015,F091,2026-02-01T16:40:00,Indian,Beef,Spicy,High,Rice,Breakfast,1.0,0.0,1.0,0.0,1.0,1.0,0.6666666666666666,4.0,9.0,2.0,9.0,31.0,0.7277777777777777,16,6,1
I02720,U015,F086,2026-02-03T00:08:00,Indian,Fish,Spicy,High,Pasta,Lunch,1.0,0.0,1.0,0.0,0.0,0.0,0.3333333333333333,5.0,9.0,2.0,9.0,32.0,1.3111111111111111,0,1,0
I04992,U015,F063,2026-02-03T06:04:00,Italian,Chicken,Savory,High,Pasta,Dinner,0.0,1.0,1.0,0.0,0.0,0.0,0.3333333333333333,5.0,10.0,2.0,9.0,33.0,0.24722222222222223,6,1,1
I00329,U015,F042,2026-02-04T02:39:00,Pakistani,Beef,Spicy,Low,Curry,Snack,0.0,0.0,1.0,0.0,1.0,0.0,0.3333333333333333,6.0,10.0,2.0,9.0,36.0,0.59375,2,2,1
I03888,U015,F040,2026-02-06T17:04:00,Mexican,Fish,Sweet,Medium,Pasta,Snack,0.0,0.0,1.0,1.0,0.0,0.0,0.3333333333333333,6.0,10.0,2.0,9.0,37.0,2.6006944444444446,17,4,1
I00534,U015,F028,2026-02-07T07:27:00,Italian,Beef,Creamy,High,Rice,Dinner,0.0,0.0,0.0,0.0,1.0,0.0,0.16666666666666666,6.0,10.0,3.0,9.0,38.0,0.5993055555555555,7,5,0
I04656,U015,F084,2026-02-07T15:27:00,Indian,Vegetarian,Savory,Medium,Bread,Lunch,1.0,1.0,1.0,1.0,0.0,0.0,0.6666666666666666,6.0,11.0,3.0,9.0,39.0,0.3333333333333333,15,5,1
I02079,U015,F018,2026-02-08T14:51:00,Chinese,Fish,Sour,High,Pasta,Lunch,0.0,0.0,0.0,0.0,0.0,0.0,0.0,7.0,11.0,3.0,9.0,40.0,0.975,14,6,0
I02845,U015,F042,2026-02-09T05:48:00,Pakistani,Beef,Spicy,Low,Curry,Snack,0.0,0.0,1.0,0.0,1.0,0.0,0.3333333333333333,7.0,12.0,3.0,9.0,41.0,0.6229166666666667,5,0,0
I02615,U015,F036,2026-02-09T14:51:00,Pakistani,Chicken,Savory,Low,Rice,Breakfast,0.0,1.0,1.0,0.0,1.0,1.0,0.6666666666666666,7.0,13.0,3.0,9.0,42.0,0.3770833333333333,14,0,1
I03591,U015,F035,2026-02-10T05:49:00,Italian,Chicken,Creamy,High,Noodles,Lunch,0.0,1.0,0.0,0.0,1.0,0.0,0.3333333333333333,8.0,13.0,3.0,9.0,43.0,0.6236111111111111,5,1,1
I00682,U015,F012,2026-02-13T14:20:00,Indian,Mutton,Sour,High,Bread,Lunch,1.0,0.0,0.0,0.0,0.0,0.0,0.16666666666666666,8.0,13.0,3.0,9.0,46.0,1.3298611111111112,14,4,1
I01346,U015,F075,2026-02-13T14:32:00,Italian,Mutton,Creamy,Medium,Curry,Dinner,0.0,0.0,0.0,1.0,1.0,0.0,0.3333333333333333,8.0,13.0,4.0,9.0,47.0,0.008333333333333333,14,4,1
I00697,U015,F041,2026-02-14T14:58:00,Mexican,Chicken,Savory,Low,Pasta,Dinner,0.0,1.0,1.0,0.0,0.0,0.0,0.3333333333333333,8.0,13.0,5.0,9.0,48.0,1.0180555555555555,14,5,0
I01205,U015,F063,2026-02-15T01:35:00,Italian,Chicken,Savory,High,Pasta,Dinner,0.0,1.0,1.0,0.0,0.0,0.0,0.3333333333333333,8.0,13.0,5.0,10.0,50.0,0.3736111111111111,1,6,1
I03580,U015,F072,2026-02-16T09:52:00,Chinese,Chicken,Sour,Low,Pasta,Lunch,0.0,1.0,0.0,0.0,0.0,0.0,0.16666666666666666,9.0,13.0,5.0,10.0,51.0,1.3451388888888889,9,0,0
I00576,U015,F006,2026-02-16T13:14:00,Pakistani,Beef,Sour,Medium,Bread,Lunch,0.0,0.0,0.0,1.0,0.0,0.0,0.16666666666666666,9.0,14.0,5.0,10.0,52.0,0.14027777777777778,13,0,0
I03353,U015,F003,2026-02-18T05:21:00,Thai,Fish,Savory,Low,Rice,Lunch,1.0,0.0,1.0,0.0,1.0,0.0,0.5,9.0,14.0,5.0,11.0,53.0,1.6715277777777777,5,2,1
I04901,U015,F036,2026-02-18T23:24:00,Pakistani,Chicken,Savory,Low,Rice,Breakfast,0.0,1.0,1.0,0.0,1.0,1.0,0.6666666666666666,9.0,14.0,6.0,11.0,54.0,0.7520833333333333,23,2,1
I02228,U015,F090,2026-02-19T16:05:00,Indian,Fish,Creamy,Low,Pasta,Snack,1.0,0.0,0.0,0.0,0.0,0.0,0.16666666666666666,9.0,14.0,6.0,11.0,55.0,0.6951388888888889,16,3,1
I03218,U015,F056,2026-02-19T18:10:00,Indian,Vegetarian,Creamy,Low,Rice,Lunch,1.0,1.0,0.0,0.0,1.0,0.0,0.5,9.0,14.0,7.0,11.0,56.0,0.08680555555555555,18,3,1
I04055,U015,F087,2026-02-22T03:54:00,Mexican,Chicken,Sweet,High,Curry,Dinner,0.0,1.0,1.0,0.0,1.0,0.0,0.5,9.0,14.0,8.0,11.0,58.0,1.7583333333333333,3,6,1
I03461,U015,F046,2026-02-24T02:58:00,Chinese,Fish,Savory,Low,Pasta,Breakfast,0.0,0.0,1.0,0.0,0.0,1.0,0.3333333333333333,9.0,14.0,8.0,11.0,59.0,1.961111111111111,2,1,1
I00638,U015,F097,2026-02-24T16:19:00,Thai,Fish,Spicy,Medium,Pasta,Breakfast,1.0,0.0,1.0,1.0,0.0,1.0,0.6666666666666666,10.0,14.0,8.0,11.0,60.0,0.55625,16,1,1
I01923,U015,F059,2026-02-26T13:59:00,Thai,Vegetarian,Savory,High,Curry,Dinner,1.0,1.0,1.0,0.0,1.0,0.0,0.6666666666666666,11.0,14.0,8.0,11.0,61.0,1.9027777777777777,13,3,1
I03776,U015,F094,2026-03-02T15:20:00,Indian,Vegetarian,Creamy,High,Bread,Snack,1.0,1.0,0.0,0.0,0.0,0.0,0.3333333333333333,11.0,14.0,8.0,11.0,62.0,4.05625,15,0,1
I04513,U015,F030,2026-03-02T22:43:00,Pakistani,Beef,Creamy,Low,Rice,Snack,0.0,0.0,0.0,0.0,1.0,0.0,0.16666666666666666,12.0,14.0,8.0,11.0,63.0,0.3076388888888889,22,0,0
I02071,U010,F088,2026-01-01T16:17:00,Pakistani,Beef,Sweet,Low,Noodles,Lunch,0.0,0.0,0.0,1.0,0.0,1.0,0.3333333333333333,0.0,0.0,0.0,0.0,0.0,-1.0,16,3,0
I02638,U010,F069,2026-01-02T11:06:00,Mexican,Chicken,Sweet,High,Pasta,Lunch,1.0,1.0,0.0,1.0,0.0,1.0,0.6666666666666666,0.0,0.0,0.0,1.0,1.0,0.7840277777777778,11,4,0
I00489,U010,F072,2026-01-02T21:57:00,Chinese,Chicken,Sour,Low,Pasta,Lunch,0.0,1.0,1.0,1.0,0.0,1.0,0.6666666666666666,0.0,1.0,0.0,1.0,3.0,0.3861111111111111,21,4,0
I01783,U010,F002,2026-01-03T06:03:00,Chinese,Beef,Savory,High,Curry,Breakfast,0.0,0.0,0.0,1.0,1.0,0.0,0.3333333333333333,0.0,1.0,0.0,2.0,4.0,0.3375,6,5,0
I02455,U010,F076,2026-01-03T13:21:00,Pakistani,Chicken,Sweet,Low,Curry,Dinner,0.0,1.0,0.0,1.0,1.0,1.0,0.6666666666666666,0.0,1.0,0.0,3.0,5.0,0.30416666666666664,13,5,0
I02659,U010,F096,2026-01-04T17:23:00,Mexican,Fish,Sour,Medium,Noodles,Dinner,1.0,0.0,1.0,1.0,0.0,1.0,0.6666666666666666,0.0,2.0,0.0,3.0,6.0,1.1680555555555556,17,6,0
I04419,U010,F055,2026-01-04T19:37:00,Chinese,Mutton,Sour,Medium,Rice,Breakfast,0.0,0.0,1.0,1.0,0.0,0.0,0.3333333333333333,0.0,3.0,0.0,3.0,7.0,0.09305555555555556,19,6,0
I04147,U010,F026,2026-01-05T13:00:00,Indian,Chicken,Sweet,High,Noodles,Breakfast,1.0,1.0,0.0,1.0,0.0,0.0,0.5,0.0,3.0,0.0,4.0,8.0,0.7243055555555555,13,0,0
I00965,U010,F074,2026-01-06T01:22:00,Pakistani,Beef,Sour,Medium,Bread,Breakfast,0.0,0.0,1.0,1.0,1.0,0.0,0.5,0.0,4.0,0.0,4.0,9.0,0.5152777777777777,1,1,0
I00747,U010,F097,2026-01-07T08:17:00,Thai,Fish,Spicy,Medium,Pasta,Breakfast,1.0,0.0,1.0,1.0,0.0,0.0,0.5,0.0,4.0,0.0,5.0,10.0,1.2881944444444444,8,2,0
I03346,U010,F006,2026-01-08T13:54:00,Pakistani,Beef,Sour,Medium,Bread,Lunch,0.0,0.0,1.0,1.0,1.0,1.0,0.6666666666666666,0.0,5.0,0.0,5.0,11.0,1.2340277777777777,13,3,1
I02431,U010,F074,2026-01-10T00:19:00,Pakistani,Beef,Sour,Medium,Bread,Breakfast,0.0,0.0,1.0,1.0,1.0,0.0,0.5,1.0,5.0,0.0,5.0,12.0,1.4340277777777777,0,5,0
I01237,U010,F092,2026-01-12T02:07:00,Indian,Beef,Spicy,High,Curry,Snack,1.0,0.0,1.0,1.0,1.0,0.0,0.6666666666666666,1.0,5.0,0.0,6.0,13.0,2.075,2,0,1
I02196,U010,F076,2026-01-12T14:57:00,Pakistani,Chicken,Sweet,Low,Curry,Dinner,0.0,1.0,0.0,1.0,1.0,1.0,0.6666666666666666,2.0,5.0,0.0,6.0,14.0,0.5347222222222222,14,0,1
I01661,U010,F099,2026-01-12T17:01:00,Thai,Chicken,Spicy,Low,Noodles,Snack,1.0,1.0,1.0,1.0,0.0,0.0,0.6666666666666666,3.0,5.0,0.0,6.0,15.0,0.08611111111111111,17,0,0
I00473,U010,F012,2026-01-13T08:44:00,Indian,Mutton,Sour,High,Bread,Lunch,1.0,0.0,1.0,1.0,1.0,1.0,0.8333333333333334,3.0,5.0,0.0,7.0,16.0,0.6548611111111111,8,1,1
I01562,U010,F094,2026-01-15T08:59:00,Indian,Vegetarian,Creamy,High,Bread,Snack,1.0,0.0,0.0,1.0,1.0,0.0,0.5,4.0,5.0,0.0,7.0,17.0,2.0104166666666665,8,3,0
I04647,U010,F087,2026-01-17T15:16:00,Mexican,Chicken,Sweet,High,Curry,Dinner,1.0,1.0,0.0,1.0,1.0,1.0,0.8333333333333334,4.0,6.0,0.0,7.0,18.0,2.2618055555555556,15,5,1
I02688,U010,F007,2026-01-18T09:56:00,Chinese,Mutton,Savory,Low,Pasta,Breakfast,0.0,0.0,0.0,1.0,0.0,0.0,0.16666666666666666,5.0,6.0,0.0,7.0,20.0,0.7666666666666667,9,6,1
I02389,U010,F059,2026-01-19T09:47:00,Thai,Vegetarian,Savory,High,Curry,Dinner,1.0,0.0,0.0,1.0,1.0,1.0,0.6666666666666666,6.0,6.0,0.0,7.0,21.0,0.99375,9,0,1
I01792,U010,F053,2026-01-19T12:11:00,Thai,Chicken,Sour,High,Curry,Dinner,1.0,1.0,1.0,1.0,1.0,1.0,1.0,7.0,6.0,0.0,7.0,22.0,0.1,12,0,1
I04902,U010,F075,2026-01-22T04:22:00,Italian,Mutton,Creamy,Medium,Curry,Dinner,0.0,0.0,0.0,1.0,1.0,1.0,0.5,7.0,6.0,1.0,7.0,23.0,2.6743055555555557,4,3,1
I02528,U010,F042,2026-01-23T19:48:00,Pakistani,Beef,Spicy,Low,Curry,Snack,0.0,0.0,1.0,1.0,1.0,0.0,0.5,7.0,6.0,2.0,7.0,26.0,0.22569444444444445,19,4,0
I00009,U010,F031,2026-01-23T20:33:00,Pakistani,Vegetarian,Spicy,Low,Pasta,Lunch,0.0,0.0,1.0,1.0,0.0,1.0,0.5,7.0,7.0,2.0,7.0,27.0,0.03125,20,4,1
I01617,U010,F023,2026-01-24T23:11:00,Indian,Fish,Creamy,Medium,Curry,Dinner,1.0,0.0,0.0,1.0,1.0,1.0,0.6666666666666666,8.0,7.0,2.0,7.0,28.0,1.1097222222222223,23,5,1
I04119,U010,F084,2026-01-26T15:19:00,Indian,Vegetarian,Savory,Medium,Bread,Lunch,1.0,0.0,0.0,1.0,1.0,1.0,0.6666666666666666,9.0,7.0,2.0,7.0,30.0,0.38263888888888886,15,0,1
I04297,U010,F054,2026-01-28T04:21:00,Italian,Beef,Sweet,Low,Bread,Snack,0.0,0.0,0.0,1.0,1.0,0.0,0.3333333333333333,10.0,7.0,2.0,7.0,31.0,1.5430555555555556,4,2,0
I04492,U010,F038,2026-01-31T21:01:00,Chinese,Vegetarian,Spicy,High,Curry,Snack,0.0,0.0,1.0,1.0,1.0,0.0,0.5,10.0,7.0,2.0,8.0,34.0,1.7479166666666666,21,5,0
I03492,U010,F040,2026-02-01T14:40:00,Mexican,Fish,Sweet,Medium,Pasta,Snack,1.0,0.0,0.0,1.0,0.0,0.0,0.3333333333333333,10.0,7.0,2.0,9.0,35.0,0.7354166666666667,14,6,1
I00194,U010,F026,2026-02-01T17:02:00,Indian,Chicken,Sweet,High,Noodles,Breakfast,1.0,1.0,0.0,1.0,0.0,0.0,0.5,11.0,7.0,2.0,9.0,36.0,0.09861111111111111,17,6,1
I04023,U010,F012,2026-02-02T21:26:00,Indian,Mutton,Sour,High,Bread,Lunch,1.0,0.0,1.0,1.0,1.0,1.0,0.8333333333333334,12.0,7.0,2.0,9.0,38.0,0.44375,21,0,1
I02014,U010,F014,2026-02-03T19:14:00,Thai,Beef,Creamy,High,Noodles,Lunch,1.0,0.0,0.0,1.0,0.0,1.0,0.5,13.0,7.0,2.0,9.0,39.0,0.9083333333333333,19,1,0
I03315,U010,F054,2026-02-04T18:37:00,Italian,Beef,Sweet,Low,Bread,Snack,0.0,0.0,0.0,1.0,1.0,0.0,0.3333333333333333,13.0,8.0,2.0,9.0,40.0,0.9743055555555555,18,2,0
I01517,U010,F069,2026-02-04T21:36:00,Mexican,Chicken,Sweet,High,Pasta,Lunch,1.0,1.0,0.0,1.0,0.0,1.0,0.6666666666666666,13.0,8.0,2.0,10.0,41.0,0.12430555555555556,21,2,1
I01337,U010,F042,2026-02-05T04:18:00,Pakistani,Beef,Spicy,Low,Curry,Snack,0.0,0.0,1.0,1.0,1.0,0.0,0.5,13.0,8.0,3.0,10.0,42.0,0.2791666666666667,4,3,1
I00013,U010,F057,2026-02-08T09:22:00,Thai,Mutton,Spicy,Medium,Rice,Lunch,1.0,0.0,1.0,1.0,0.0,1.0,0.6666666666666666,13.0,8.0,4.0,10.0,43.0,3.2111111111111112,9,6,1
I01094,U010,F031,2026-02-08T14:51:00,Pakistani,Vegetarian,Spicy,Low,Pasta,Lunch,0.0,0.0,1.0,1.0,0.0,1.0,0.5,14.0,8.0,4.0,10.0,44.0,0.22847222222222222,14,6,1
I03614,U010,F023,2026-02-09T23:33:00,Indian,Fish,Creamy,Medium,Curry,Dinner,1.0,0.0,0.0,1.0,1.0,1.0,0.6666666666666666,14.0,8.0,5.0,10.0,45.0,1.3625,23,0,1
I01686,U010,F059,2026-02-10T03:52:00,Thai,Vegetarian,Savory,High,Curry,Dinner,1.0,0.0,0.0,1.0,1.0,1.0,0.6666666666666666,15.0,8.0,5.0,10.0,46.0,0.1798611111111111,3,1,0
I00995,U010,F021,2026-02-10T19:36:00,Chinese,Beef,Creamy,Medium,Rice,Breakfast,0.0,0.0,0.0,1.0,0.0,0.0,0.16666666666666666,15.0,8.0,5.0,11.0,47.0,0.6555555555555556,19,1,0
I03176,U010,F034,2026-02-10T22:11:00,Thai,Fish,Savory,Low,Noodles,Breakfast,1.0,0.0,0.0,1.0,0.0,0.0,0.3333333333333333,15.0,9.0,5.0,11.0,48.0,0.1076388888888889,22,1,1
I04556,U010,F037,2026-02-11T05:18:00,Italian,Chicken,Creamy,Low,Bread,Snack,0.0,1.0,0.0,1.0,1.0,0.0,0.5,16.0,9.0,5.0,11.0,49.0,0.2965277777777778,5,2,1
I04126,U010,F067,2026-02-13T19:17:00,Thai,Vegetarian,Spicy,Medium,Noodles,Breakfast,1.0,0.0,1.0,1.0,0.0,0.0,0.5,17.0,9.0,5.0,11.0,51.0,0.6840277777777778,19,4,0
I01766,U010,F065,2026-02-16T13:09:00,Mexican,Fish,Creamy,High,Pasta,Breakfast,1.0,0.0,0.0,1.0,0.0,0.0,0.3333333333333333,17.0,9.0,5.0,12.0,53.0,2.5680555555555555,13,0,1
I00702,U010,F058,2026-02-16T15:29:00,Italian,Mutton,Spicy,Medium,Curry,Dinner,0.0,0.0,1.0,1.0,1.0,1.0,0.6666666666666666,18.0,9.0,5.0,12.0,54.0,0.09722222222222222,15,0,1
I03095,U010,F062,2026-02-16T20:57:00,Mexican,Mutton,Spicy,High,Bread,Snack,1.0,0.0,1.0,1.0,1.0,0.0,0.6666666666666666,19.0,9.0,5.0,12.0,55.0,0.22777777777777777,20,0,0
I01318,U010,F061,2026-02-17T00:16:00,Mexican,Vegetarian,Spicy,Medium,Bread,Lunch,1.0,0.0,1.0,1.0,1.0,1.0,0.8333333333333334,19.0,9.0,5.0,13.0,56.0,0.13819444444444445,0,1,1
I02682,U010,F054,2026-02-17T04:02:00,Italian,Beef,Sweet,Low,Bread,Snack,0.0,0.0,0.0,1.0,1.0,0.0,0.3333333333333333,20.0,9.0,5.0,13.0,57.0,0.15694444444444444,4,1,0
I00824,U010,F036,2026-02-18T21:23:00,Pakistani,Chicken,Savory,Low,Rice,Breakfast,0.0,1.0,0.0,1.0,0.0,0.0,0.3333333333333333,20.0,10.0,5.0,13.0,59.0,1.6805555555555556,21,2,0
I00891,U010,F064,2026-02-19T08:07:00,Pakistani,Chicken,Sweet,Low,Bread,Lunch,0.0,1.0,0.0,1.0,1.0,1.0,0.6666666666666666,20.0,11.0,5.0,13.0,60.0,0.44722222222222224,8,3,0
I00957,U010,F028,2026-02-19T12:44:00,Italian,Beef,Creamy,High,Rice,Dinner,0.0,0.0,0.0,1.0,0.0,1.0,0.3333333333333333,20.0,11.0,5.0,14.0,61.0,0.19236111111111112,12,3,0
I00345,U010,F014,2026-02-22T04:07:00,Thai,Beef,Creamy,High,Noodles,Lunch,1.0,0.0,0.0,1.0,0.0,1.0,0.5,20.0,11.0,5.0,15.0,62.0,2.640972222222222,4,6,1
I02918,U010,F051,2026-02-23T01:02:00,Chinese,Chicken,Creamy,Low,Noodles,Snack,0.0,1.0,0.0,1.0,0.0,0.0,0.3333333333333333,20.0,11.0,6.0,15.0,63.0,0.8715277777777778,1,0,0
I02362,U010,F077,2026-02-24T23:13:00,Pakistani,Chicken,Creamy,Medium,Bread,Dinner,0.0,1.0,0.0,1.0,1.0,1.0,0.6666666666666666,20.0,11.0,6.0,16.0,65.0,0.6125,23,1,1
I02309,U010,F002,2026-02-26T14:08:00,Chinese,Beef,Savory,High,Curry,Breakfast,0.0,0.0,0.0,1.0,1.0,0.0,0.3333333333333333,20.0,11.0,7.0,16.0,66.0,1.6215277777777777,14,3,1
I03389,U010,F029,2026-02-26T16:59:00,Indian,Chicken,Savory,Medium,Bread,Lunch,1.0,1.0,0.0,1.0,1.0,1.0,0.8333333333333334,20.0,11.0,7.0,16.0,67.0,0.11875,16,3,0
I04344,U010,F006,2026-02-26T22:41:00,Pakistani,Beef,Sour,Medium,Bread,Lunch,0.0,0.0,1.0,1.0,1.0,1.0,0.6666666666666666,20.0,12.0,7.0,16.0,68.0,0.2375,22,3,1
I01621,U010,F041,2026-03-03T02:17:00,Mexican,Chicken,Savory,Low,Pasta,Dinner,1.0,1.0,0.0,1.0,0.0,1.0,0.6666666666666666,20.0,12.0,8.0,16.0,74.0,1.0673611111111112,2,1,1
I03904,U030,F068,2026-01-02T21:27:00,Italian,Mutton,Savory,Medium,Noodles,Lunch,0.0,0.0,0.0,1.0,1.0,0.0,0.3333333333333333,0.0,0.0,0.0,0.0,0.0,-1.0,21,4,1
I04592,U030,F037,2026-01-04T13:06:00,Italian,Chicken,Creamy,Low,Bread,Snack,0.0,0.0,0.0,1.0,0.0,1.0,0.3333333333333333,1.0,0.0,0.0,0.0,1.0,1.6520833333333333,13,6,0
I02137,U030,F093,2026-01-05T23:16:00,Pakistani,Vegetarian,Spicy,Low,Pasta,Lunch,0.0,0.0,1.0,1.0,0.0,0.0,0.3333333333333333,1.0,0.0,0.0,1.0,2.0,1.4236111111111112,23,0,0
I00948,U030,F099,2026-01-07T06:36:00,Thai,Chicken,Spicy,Low,Noodles,Snack,1.0,0.0,1.0,1.0,1.0,1.0,0.8333333333333334,1.0,1.0,0.0,1.0,3.0,1.3055555555555556,6,2,1
I00103,U030,F031,2026-01-07T09:36:00,Pakistani,Vegetarian,Spicy,Low,Pasta,Lunch,0.0,0.0,1.0,1.0,0.0,0.0,0.3333333333333333,2.0,1.0,0.0,1.0,4.0,0.125,9,2,1
I03113,U030,F092,2026-01-07T09:49:00,Indian,Beef,Spicy,High,Curry,Snack,0.0,0.0,1.0,1.0,1.0,1.0,0.6666666666666666,3.0,1.0,0.0,1.0,5.0,0.009027777777777777,9,2,1
I00159,U030,F017,2026-01-08T19:04:00,Indian,Mutton,Savory,Low,Curry,Dinner,0.0,0.0,0.0,1.0,1.0,1.0,0.5,4.0,1.0,0.0,1.0,6.0,1.3854166666666667,19,3,0
I00559,U030,F083,2026-01-09T08:33:00,Indian,Fish,Spicy,High,Curry,Dinner,0.0,1.0,1.0,1.0,1.0,1.0,0.8333333333333334,4.0,1.0,0.0,2.0,7.0,0.5618055555555556,8,4,1
I04163,U030,F052,2026-01-09T10:24:00,Pakistani,Vegetarian,Spicy,High,Curry,Breakfast,0.0,0.0,1.0,1.0,1.0,0.0,0.5,5.0,1.0,0.0,2.0,8.0,0.07708333333333334,10,4,1
I02601,U030,F069,2026-01-10T08:37:00,Mexican,Chicken,Sweet,High,Pasta,Lunch,0.0,0.0,1.0,1.0,0.0,0.0,0.3333333333333333,5.0,1.0,1.0,2.0,9.0,0.9256944444444445,8,5,1
I02670,U030,F022,2026-01-11T22:50:00,Pakistani,Beef,Spicy,High,Pasta,Breakfast,0.0,0.0,1.0,1.0,0.0,0.0,0.3333333333333333,6.0,1.0,1.0,2.0,10.0,1.5923611111111111,22,6,0
I00169,U030,F045,2026-01-15T01:05:00,Pakistani,Beef,Spicy,Medium,Pasta,Snack,0.0,0.0,1.0,1.0,0.0,1.0,0.5,6.0,1.0,1.0,3.0,12.0,0.07708333333333334,1,3,1
I03514,U030,F093,2026-01-15T05:30:00,Pakistani,Vegetarian,Spicy,Low,Pasta,Lunch,0.0,0.0,1.0,1.0,0.0,0.0,0.3333333333333333,7.0,1.0,1.0,3.0,13.0,0.1840277777777778,5,3,1
I04601,U030,F070,2026-01-16T12:15:00,Chinese,Beef,Spicy,Medium,Rice,Lunch,1.0,0.0,1.0,1.0,1.0,0.0,0.6666666666666666,8.0,1.0,1.0,3.0,14.0,1.28125,12,4,0
I02812,U030,F008,2026-01-18T01:04:00,Italian,Mutton,Creamy,Medium,Rice,Snack,0.0,0.0,0.0,1.0,1.0,1.0,0.5,8.0,2.0,1.0,3.0,15.0,1.5340277777777778,1,6,0
I00057,U030,F090,2026-01-18T02:09:00,Indian,Fish,Creamy,Low,Pasta,Snack,0.0,1.0,0.0,1.0,0.0,1.0,0.5,8.0,3.0,1.0,3.0,16.0,0.04513888888888889,2,6,1
I00142,U030,F083,2026-01-18T17:12:00,Indian,Fish,Spicy,High,Curry,Dinner,0.0,1.0,1.0,1.0,1.0,1.0,0.8333333333333334,9.0,3.0,1.0,3.0,18.0,0.2902777777777778,17,6,1
I00667,U030,F070,2026-01-18T23:48:00,Chinese,Beef,Spicy,Medium,Rice,Lunch,1.0,0.0,1.0,1.0,1.0,0.0,0.6666666666666666,9.0,3.0,2.0,3.0,19.0,0.275,23,6,0
I04356,U030,F070,2026-01-19T13:01:00,Chinese,Beef,Spicy,Medium,Rice,Lunch,1.0,0.0,1.0,1.0,1.0,0.0,0.6666666666666666,9.0,3.0,2.0,4.0,20.0,0.5506944444444445,13,0,1
I02098,U030,F006,2026-01-19T20:47:00,Pakistani,Beef,Sour,Medium,Bread,Lunch,0.0,0.0,1.0,1.0,0.0,0.0,0.3333333333333333,10.0,3.0,2.0,4.0,21.0,0.3236111111111111,20,0,1
I03939,U030,F021,2026-01-20T10:05:00,Chinese,Beef,Creamy,Medium,Rice,Breakfast,1.0,0.0,0.0,1.0,1.0,0.0,0.5,11.0,3.0,2.0,4.0,22.0,0.5541666666666667,10,1,1
I01170,U030,F087,2026-01-20T16:54:00,Mexican,Chicken,Sweet,High,Curry,Dinner,0.0,0.0,1.0,1.0,1.0,1.0,0.6666666666666666,12.0,3.0,2.0,4.0,23.0,0.28402777777777777,16,1,1
I01836,U030,F093,2026-01-21T12:12:00,Pakistani,Vegetarian,Spicy,Low,Pasta,Lunch,0.0,0.0,1.0,1.0,0.0,0.0,0.3333333333333333,12.0,3.0,3.0,4.0,24.0,0.8041666666666667,12,2,0
I00143,U030,F035,2026-01-21T15:39:00,Italian,Chicken,Creamy,High,Noodles,Lunch,0.0,0.0,0.0,1.0,1.0,0.0,0.3333333333333333,12.0,4.0,3.0,4.0,25.0,0.14375,15,2,1
I01694,U030,F055,2026-01-21T18:31:00,Chinese,Mutton,Sour,Medium,Rice,Breakfast,1.0,0.0,1.0,1.0,1.0,0.0,0.6666666666666666,13.0,4.0,3.0,4.0,26.0,0.11944444444444445,18,2,1
I04268,U030,F049,2026-01-24T08:48:00,Mexican,Mutton,Savory,Low,Curry,Snack,0.0,0.0,0.0,1.0,1.0,1.0,0.5,13.0,4.0,4.0,4.0,27.0,2.595138888888889,8,5,0
I02949,U030,F070,2026-01-27T05:36:00,Chinese,Beef,Spicy,Medium,Rice,Lunch,1.0,0.0,1.0,1.0,1.0,0.0,0.6666666666666666,13.0,4.0,4.0,5.0,29.0,0.9368055555555556,5,1,0
I03548,U030,F034,2026-01-27T10:52:00,Thai,Fish,Savory,Low,Noodles,Breakfast,1.0,1.0,0.0,1.0,1.0,0.0,0.6666666666666666,13.0,4.0,4.0,6.0,30.0,0.21944444444444444,10,1,1
I04496,U030,F012,2026-01-27T16:10:00,Indian,Mutton,Sour,High,Bread,Lunch,0.0,0.0,1.0,1.0,0.0,0.0,0.3333333333333333,14.0,4.0,4.0,6.0,31.0,0.22083333333333333,16,1,1
I03988,U030,F022,2026-01-27T20:04:00,Pakistani,Beef,Spicy,High,Pasta,Breakfast,0.0,0.0,1.0,1.0,0.0,0.0,0.3333333333333333,15.0,4.0,4.0,6.0,32.0,0.1625,20,1,0
I01287,U030,F048,2026-01-29T00:40:00,Chinese,Beef,Sweet,Low,Rice,Breakfast,1.0,0.0,1.0,1.0,1.0,0.0,0.6666666666666666,15.0,5.0,4.0,6.0,33.0,1.1916666666666667,0,3,0
I04022,U030,F078,2026-02-02T04:28:00,Indian,Vegetarian,Creamy,Low,Pasta,Lunch,0.0,0.0,0.0,1.0,0.0,0.0,0.16666666666666666,15.0,5.0,4.0,7.0,34.0,4.158333333333333,4,0,0
I02506,U030,F007,2026-02-02T07:24:00,Chinese,Mutton,Savory,Low,Pasta,Breakfast,1.0,0.0,0.0,1.0,0.0,0.0,0.3333333333333333,15.0,6.0,4.0,7.0,35.0,0.12222222222222222,7,0,0
I02276,U030,F020,2026-02-04T01:23:00,Mexican,Vegetarian,Sour,High,Pasta,Dinner,0.0,0.0,1.0,1.0,0.0,1.0,0.5,15.0,7.0,4.0,7.0,36.0,1.7493055555555554,1,2,1
I04138,U030,F047,2026-02-04T19:27:00,Indian,Mutton,Sour,Medium,Pasta,Snack,0.0,0.0,1.0,1.0,0.0,1.0,0.5,15.0,7.0,4.0,7.0,37.0,0.7527777777777778,19,2,1
I04050,U030,F063,2026-02-05T13:39:00,Italian,Chicken,Savory,High,Pasta,Dinner,0.0,0.0,0.0,1.0,0.0,1.0,0.3333333333333333,16.0,7.0,4.0,7.0,38.0,0.7583333333333333,13,3,0
I01799,U030,F073,2026-02-06T03:45:00,Chinese,Fish,Sweet,Medium,Noodles,Lunch,1.0,1.0,1.0,1.0,1.0,0.0,0.8333333333333334,16.0,8.0,4.0,7.0,39.0,0.5875,3,4,0
I01833,U030,F054,2026-02-06T15:36:00,Italian,Beef,Sweet,Low,Bread,Snack,0.0,0.0,1.0,1.0,0.0,1.0,0.5,16.0,8.0,4.0,8.0,40.0,0.49375,15,4,0
I00805,U030,F096,2026-02-08T11:01:00,Mexican,Fish,Sour,Medium,Noodles,Dinner,0.0,1.0,1.0,1.0,1.0,1.0,0.8333333333333334,16.0,9.0,4.0,8.0,42.0,1.0180555555555555,11,6,1
I00262,U030,F080,2026-02-08T20:58:00,Italian,Fish,Savory,High,Bread,Dinner,0.0,1.0,0.0,1.0,0.0,1.0,0.5,16.0,9.0,4.0,8.0,43.0,0.41458333333333336,20,6,1
I01532,U030,F065,2026-02-09T21:41:00,Mexican,Fish,Creamy,High,Pasta,Breakfast,0.0,1.0,0.0,1.0,0.0,0.0,0.3333333333333333,16.0,9.0,5.0,8.0,45.0,0.6597222222222222,21,0,1
I02947,U030,F030,2026-02-10T12:12:00,Pakistani,Beef,Creamy,Low,Rice,Snack,0.0,0.0,0.0,1.0,1.0,1.0,0.5,16.0,9.0,5.0,8.0,46.0,0.6048611111111111,12,1,1
I04590,U030,F091,2026-02-12T11:40:00,Indian,Beef,Spicy,High,Rice,Breakfast,0.0,0.0,1.0,1.0,1.0,0.0,0.5,17.0,9.0,5.0,8.0,47.0,1.9777777777777779,11,3,1
I01325,U030,F080,2026-02-12T12:49:00,Italian,Fish,Savory,High,Bread,Dinner,0.0,1.0,0.0,1.0,0.0,1.0,0.5,18.0,9.0,5.0,8.0,48.0,0.04791666666666667,12,3,1
I01050,U030,F015,2026-02-16T09:50:00,Indian,Fish,Sweet,High,Curry,Lunch,0.0,1.0,1.0,1.0,1.0,0.0,0.6666666666666666,18.0,9.0,6.0,8.0,50.0,3.3673611111111112,9,0,1
I04345,U030,F061,2026-02-16T20:48:00,Mexican,Vegetarian,Spicy,Medium,Bread,Lunch,0.0,0.0,1.0,1.0,0.0,0.0,0.3333333333333333,18.0,9.0,7.0,8.0,51.0,0.45694444444444443,20,0,1
I04048,U030,F012,2026-02-18T00:11:00,Indian,Mutton,Sour,High,Bread,Lunch,0.0,0.0,1.0,1.0,0.0,0.0,0.3333333333333333,19.0,9.0,7.0,8.0,52.0,1.1409722222222223,0,2,1
I03919,U030,F034,2026-02-19T15:06:00,Thai,Fish,Savory,Low,Noodles,Breakfast,1.0,1.0,0.0,1.0,1.0,0.0,0.6666666666666666,19.0,9.0,8.0,8.0,53.0,1.6215277777777777,15,3,1
I00160,U030,F087,2026-02-20T08:41:00,Mexican,Chicken,Sweet,High,Curry,Dinner,0.0,0.0,1.0,1.0,1.0,1.0,0.6666666666666666,19.0,9.0,9.0,8.0,54.0,0.7326388888888888,8,4,0
I02061,U030,F076,2026-02-21T16:09:00,Pakistani,Chicken,Sweet,Low,Curry,Dinner,0.0,0.0,1.0,1.0,1.0,1.0,0.6666666666666666,19.0,9.0,9.0,9.0,56.0,0.41041666666666665,16,5,1
I03308,U030,F053,2026-02-22T11:45:00,Thai,Chicken,Sour,High,Curry,Dinner,1.0,0.0,1.0,1.0,1.0,1.0,0.8333333333333334,20.0,9.0,9.0,9.0,57.0,0.8166666666666667,11,6,1
I01814,U030,F046,2026-02-22T15:44:00,Chinese,Fish,Savory,Low,Pasta,Breakfast,1.0,1.0,0.0,1.0,0.0,0.0,0.5,20.0,9.0,10.0,9.0,58.0,0.16597222222222222,15,6,1
I03556,U030,F047,2026-02-24T04:50:00,Indian,Mutton,Sour,Medium,Pasta,Snack,0.0,0.0,1.0,1.0,0.0,1.0,0.5,21.0,9.0,10.0,9.0,59.0,1.5458333333333334,4,1,0
I04762,U030,F052,2026-02-24T14:45:00,Pakistani,Vegetarian,Spicy,High,Curry,Breakfast,0.0,0.0,1.0,1.0,1.0,0.0,0.5,21.0,10.0,10.0,9.0,60.0,0.4131944444444444,14,1,1
I03506,U030,F051,2026-02-25T16:56:00,Chinese,Chicken,Creamy,Low,Noodles,Snack,1.0,0.0,0.0,1.0,1.0,1.0,0.6666666666666666,22.0,10.0,10.0,9.0,62.0,0.5694444444444444,16,2,1
I03181,U030,F071,2026-02-26T09:14:00,Mexican,Mutton,Sour,High,Noodles,Dinner,0.0,0.0,1.0,1.0,1.0,1.0,0.6666666666666666,22.0,10.0,11.0,9.0,63.0,0.6791666666666667,9,3,1
I02343,U030,F085,2026-02-27T03:58:00,Indian,Vegetarian,Creamy,High,Bread,Snack,0.0,0.0,0.0,1.0,0.0,1.0,0.3333333333333333,23.0,10.0,11.0,9.0,64.0,0.7805555555555556,3,4,0
I02553,U030,F049,2026-03-02T01:10:00,Mexican,Mutton,Savory,Low,Curry,Snack,0.0,0.0,0.0,1.0,1.0,1.0,0.5,23.0,11.0,11.0,9.0,65.0,2.8833333333333333,1,0,0
I03787,U030,F004,2026-03-02T05:09:00,Chinese,Vegetarian,Creamy,Low,Curry,Lunch,1.0,0.0,0.0,1.0,1.0,0.0,0.5,23.0,12.0,11.0,9.0,66.0,0.16597222222222222,5,0,0
I03040,U030,F045,2026-03-02T13:47:00,Pakistani,Beef,Spicy,Medium,Pasta,Snack,0.0,0.0,1.0,1.0,0.0,1.0,0.5,23.0,12.0,11.0,10.0,68.0,0.2076388888888889,13,0,1
I00498,U030,F043,2026-03-02T22:25:00,Chinese,Fish,Spicy,Medium,Pasta,Lunch,1.0,1.0,1.0,1.0,0.0,0.0,0.6666666666666666,24.0,12.0,11.0,10.0,69.0,0.3597222222222222,22,0,1
I00493,U030,F057,2026-03-05T15:15:00,Thai,Mutton,Spicy,Medium,Rice,Lunch,1.0,0.0,1.0,1.0,1.0,0.0,0.6666666666666666,24.0,12.0,12.0,10.0,70.0,2.701388888888889,15,3,0
I01478,U030,F041,2026-03-05T23:12:00,Mexican,Chicken,Savory,Low,Pasta,Dinner,0.0,0.0,0.0,1.0,0.0,1.0,0.3333333333333333,24.0,12.0,12.0,11.0,71.0,0.33125,23,3,1
I04115,U030,F093,2026-03-06T00:11:00,Pakistani,Vegetarian,Spicy,Low,Pasta,Lunch,0.0,0.0,1.0,1.0,0.0,0.0,0.3333333333333333,24.0,12.0,12.0,11.0,72.0,0.04097222222222222,0,4,0
I04208,U030,F039,2026-03-06T01:49:00,Chinese,Fish,Sour,Low,Rice,Breakfast,1.0,1.0,1.0,1.0,1.0,0.0,0.8333333333333334,24.0,12.0,12.0,12.0,73.0,0.06805555555555555,1,4,1
I01099,U042,F005,2026-01-04T08:49:00,Mexican,Vegetarian,Sour,Low,Pasta,Dinner,0.0,1.0,0.0,1.0,0.0,1.0,0.5,0.0,0.0,0.0,0.0,1.0,0.8145833333333333,8,6,1
I00387,U042,F098,2026-01-10T01:08:00,Mexican,Mutton,Spicy,Medium,Bread,Dinner,0.0,0.0,1.0,0.0,1.0,1.0,0.5,1.0,0.0,0.0,0.0,3.0,2.0652777777777778,1,5,0
I00025,U042,F090,2026-01-11T10:34:00,Indian,Fish,Creamy,Low,Pasta,Snack,1.0,1.0,1.0,1.0,0.0,0.0,0.6666666666666666,1.0,1.0,0.0,0.0,4.0,1.3930555555555555,10,6,0
I02328,U042,F064,2026-01-13T13:46:00,Pakistani,Chicken,Sweet,Low,Bread,Lunch,0.0,1.0,0.0,1.0,1.0,1.0,0.6666666666666666,1.0,2.0,0.0,0.0,5.0,2.1333333333333333,13,1,0
I04375,U042,F050,2026-01-13T17:26:00,Thai,Vegetarian,Spicy,Low,Curry,Breakfast,0.0,1.0,1.0,1.0,1.0,0.0,0.6666666666666666,1.0,3.0,0.0,0.0,6.0,0.1527777777777778,17,1,0
I00434,U042,F077,2026-01-14T16:26:00,Pakistani,Chicken,Creamy,Medium,Bread,Dinner,0.0,1.0,1.0,0.0,1.0,1.0,0.6666666666666666,1.0,3.0,0.0,1.0,7.0,0.9583333333333334,16,2,1
I02398,U042,F040,2026-01-14T18:31:00,Mexican,Fish,Sweet,Medium,Pasta,Snack,0.0,1.0,0.0,0.0,0.0,0.0,0.16666666666666666,2.0,3.0,0.0,1.0,8.0,0.08680555555555555,18,2,0
I02771,U042,F075,2026-01-17T01:22:00,Italian,Mutton,Creamy,Medium,Curry,Dinner,0.0,0.0,1.0,0.0,1.0,1.0,0.5,2.0,4.0,0.0,1.0,10.0,0.9069444444444444,1,5,1
I00696,U042,F020,2026-01-17T16:39:00,Mexican,Vegetarian,Sour,High,Pasta,Dinner,0.0,1.0,0.0,0.0,0.0,1.0,0.3333333333333333,2.0,4.0,1.0,1.0,11.0,0.6368055555555555,16,5,0
I03916,U042,F033,2026-01-18T07:16:00,Mexican,Mutton,Sour,High,Bread,Snack,0.0,0.0,0.0,0.0,1.0,0.0,0.16666666666666666,2.0,4.0,1.0,2.0,12.0,0.6090277777777777,7,6,0
I00567,U042,F078,2026-01-18T18:23:00,Indian,Vegetarian,Creamy,Low,Pasta,Lunch,1.0,1.0,1.0,1.0,0.0,1.0,0.8333333333333334,2.0,5.0,1.0,2.0,13.0,0.46319444444444446,18,6,1
I02142,U042,F057,2026-01-19T08:57:00,Thai,Mutton,Spicy,Medium,Rice,Lunch,0.0,0.0,1.0,0.0,0.0,1.0,0.3333333333333333,3.0,5.0,1.0,2.0,14.0,0.6069444444444444,8,0,0
I02479,U042,F098,2026-01-19T15:14:00,Mexican,Mutton,Spicy,Medium,Bread,Dinner,0.0,0.0,1.0,0.0,1.0,1.0,0.5,3.0,6.0,1.0,2.0,15.0,0.26180555555555557,15,0,1
I03603,U042,F011,2026-01-23T02:36:00,Pakistani,Beef,Sweet,Low,Noodles,Breakfast,0.0,0.0,0.0,1.0,0.0,0.0,0.16666666666666666,4.0,6.0,1.0,2.0,17.0,2.265972222222222,2,4,1
I04405,U042,F021,2026-01-23T10:14:00,Chinese,Beef,Creamy,Medium,Rice,Breakfast,0.0,0.0,1.0,0.0,0.0,0.0,0.16666666666666666,5.0,6.0,1.0,2.0,18.0,0.31805555555555554,10,4,0
I00787,U042,F058,2026-01-24T19:58:00,Italian,Mutton,Spicy,Medium,Curry,Dinner,0.0,0.0,1.0,0.0,1.0,1.0,0.5,5.0,7.0,1.0,2.0,19.0,1.4055555555555554,19,5,1
I02541,U042,F059,2026-01-25T00:01:00,Thai,Vegetarian,Savory,High,Curry,Dinner,0.0,1.0,0.0,0.0,1.0,1.0,0.5,5.0,7.0,2.0,2.0,20.0,0.16875,0,6,1
I00436,U042,F092,2026-01-25T05:07:00,Indian,Beef,Spicy,High,Curry,Snack,1.0,0.0,1.0,0.0,1.0,0.0,0.5,5.0,7.0,3.0,2.0,21.0,0.2125,5,6,0
I01975,U042,F007,2026-01-26T05:21:00,Chinese,Mutton,Savory,Low,Pasta,Breakfast,0.0,0.0,0.0,1.0,0.0,0.0,0.16666666666666666,5.0,7.0,3.0,3.0,22.0,1.0097222222222222,5,0,0
I03674,U042,F005,2026-01-27T14:35:00,Mexican,Vegetarian,Sour,Low,Pasta,Dinner,0.0,1.0,0.0,1.0,0.0,1.0,0.5,5.0,8.0,3.0,3.0,23.0,1.3847222222222222,14,1,1
I00377,U042,F041,2026-01-29T22:43:00,Mexican,Chicken,Savory,Low,Pasta,Dinner,0.0,1.0,0.0,1.0,0.0,1.0,0.5,5.0,8.0,4.0,3.0,24.0,2.338888888888889,22,3,1
I01870,U042,F045,2026-01-30T00:43:00,Pakistani,Beef,Spicy,Medium,Pasta,Snack,0.0,0.0,1.0,0.0,0.0,0.0,0.16666666666666666,5.0,8.0,4.0,3.0,25.0,0.08333333333333333,0,4,0
I04572,U042,F091,2026-01-30T15:51:00,Indian,Beef,Spicy,High,Rice,Breakfast,1.0,0.0,1.0,0.0,0.0,0.0,0.3333333333333333,5.0,9.0,4.0,3.0,26.0,0.6305555555555555,15,4,0
I00317,U042,F009,2026-01-31T01:58:00,Thai,Chicken,Sour,Low,Curry,Dinner,0.0,1.0,0.0,1.0,1.0,1.0,0.6666666666666666,5.0,9.0,4.0,4.0,27.0,0.4215277777777778,1,5,1
I01433,U042,F050,2026-02-01T16:18:00,Thai,Vegetarian,Spicy,Low,Curry,Breakfast,0.0,1.0,1.0,1.0,1.0,0.0,0.6666666666666666,6.0,9.0,4.0,4.0,29.0,0.8479166666666667,16,6,0
I00254,U042,F014,2026-02-01T17:36:00,Thai,Beef,Creamy,High,Noodles,Lunch,0.0,0.0,1.0,0.0,0.0,1.0,0.3333333333333333,6.0,9.0,4.0,5.0,30.0,0.05416666666666667,17,6,0
I04792,U042,F039,2026-02-02T11:16:00,Chinese,Fish,Sour,Low,Rice,Breakfast,0.0,1.0,0.0,1.0,0.0,0.0,0.3333333333333333,6.0,10.0,4.0,5.0,31.0,0.7361111111111112,11,0,1
I03565,U042,F082,2026-02-03T14:07:00,Italian,Fish,Sweet,High,Noodles,Lunch,0.0,1.0,0.0,0.0,0.0,1.0,0.3333333333333333,7.0,10.0,4.0,5.0,32.0,1.11875,14,1,0
I04958,U042,F026,2026-02-04T06:11:00,Indian,Chicken,Sweet,High,Noodles,Breakfast,1.0,1.0,0.0,0.0,0.0,0.0,0.3333333333333333,7.0,11.0,4.0,5.0,34.0,0.5979166666666667,6,2,1
I02600,U042,F064,2026-02-04T19:23:00,Pakistani,Chicken,Sweet,Low,Bread,Lunch,0.0,1.0,0.0,1.0,1.0,1.0,0.6666666666666666,8.0,11.0,4.0,5.0,35.0,0.55,19,2,1
I01274,U042,F022,2026-02-04T20:24:00,Pakistani,Beef,Spicy,High,Pasta,Breakfast,0.0,0.0,1.0,0.0,0.0,0.0,0.16666666666666666,9.0,11.0,4.0,5.0,36.0,0.04236111111111111,20,2,1
I00618,U042,F001,2026-02-05T13:38:00,Mexican,Chicken,Savory,High,Bread,Lunch,0.0,1.0,0.0,0.0,1.0,1.0,0.5,9.0,11.0,4.0,5.0,37.0,0.7180555555555556,13,3,0
I04197,U042,F063,2026-02-06T00:23:00,Italian,Chicken,Savory,High,Pasta,Dinner,0.0,1.0,0.0,0.0,0.0,1.0,0.3333333333333333,9.0,12.0,4.0,5.0,38.0,0.4479166666666667,0,4,0
I00136,U042,F061,2026-02-06T10:57:00,Mexican,Vegetarian,Spicy,Medium,Bread,Lunch,0.0,1.0,1.0,0.0,1.0,1.0,0.6666666666666666,9.0,13.0,4.0,5.0,39.0,0.44027777777777777,10,4,1
I04906,U042,F033,2026-02-06T19:51:00,Mexican,Mutton,Sour,High,Bread,Snack,0.0,0.0,0.0,0.0,1.0,0.0,0.16666666666666666,10.0,13.0,4.0,5.0,40.0,0.37083333333333335,19,4,0
I02386,U042,F061,2026-02-06T23:24:00,Mexican,Vegetarian,Spicy,Medium,Bread,Lunch,0.0,1.0,1.0,0.0,1.0,1.0,0.6666666666666666,10.0,13.0,4.0,6.0,41.0,0.14791666666666667,23,4,0
I00144,U042,F033,2026-02-13T10:04:00,Mexican,Mutton,Sour,High,Bread,Snack,0.0,0.0,0.0,0.0,1.0,0.0,0.16666666666666666,10.0,13.0,4.0,7.0,43.0,4.863888888888889,10,4,0
I01835,U042,F085,2026-02-15T04:45:00,Indian,Vegetarian,Creamy,High,Bread,Snack,1.0,1.0,1.0,0.0,1.0,0.0,0.6666666666666666,10.0,14.0,4.0,7.0,44.0,1.7784722222222222,4,6,1
I04937,U042,F076,2026-02-16T19:46:00,Pakistani,Chicken,Sweet,Low,Curry,Dinner,0.0,1.0,0.0,1.0,1.0,1.0,0.6666666666666666,11.0,14.0,4.0,7.0,45.0,1.6256944444444446,19,0,1
I01702,U042,F091,2026-02-17T07:38:00,Indian,Beef,Spicy,High,Rice,Breakfast,1.0,0.0,1.0,0.0,0.0,0.0,0.3333333333333333,11.0,14.0,5.0,7.0,46.0,0.49444444444444446,7,1,0
I00398,U042,F070,2026-02-18T12:36:00,Chinese,Beef,Spicy,Medium,Rice,Lunch,0.0,0.0,1.0,0.0,0.0,1.0,0.3333333333333333,11.0,15.0,5.0,7.0,48.0,0.41388888888888886,12,2,0
I04549,U042,F036,2026-02-18T17:22:00,Pakistani,Chicken,Savory,Low,Rice,Breakfast,0.0,1.0,0.0,1.0,0.0,0.0,0.3333333333333333,11.0,16.0,5.0,7.0,49.0,0.1986111111111111,17,2,1
I00208,U042,F098,2026-02-18T18:51:00,Mexican,Mutton,Spicy,Medium,Bread,Dinner,0.0,0.0,1.0,0.0,1.0,1.0,0.5,12.0,16.0,5.0,7.0,50.0,0.06180555555555556,18,2,1
I00852,U042,F010,2026-02-21T20:09:00,Mexican,Vegetarian,Sweet,High,Noodles,Breakfast,0.0,1.0,0.0,0.0,0.0,0.0,0.16666666666666666,13.0,16.0,5.0,7.0,52.0,1.8583333333333334,20,5,0
I04454,U042,F071,2026-02-24T19:44:00,Mexican,Mutton,Sour,High,Noodles,Dinner,0.0,0.0,0.0,0.0,0.0,1.0,0.16666666666666666,13.0,16.0,5.0,8.0,53.0,2.982638888888889,19,1,0
I00246,U042,F052,2026-02-25T03:36:00,Pakistani,Vegetarian,Spicy,High,Curry,Breakfast,0.0,1.0,1.0,0.0,1.0,0.0,0.5,13.0,17.0,5.0,8.0,55.0,0.017361111111111112,3,2,0
I00782,U042,F091,2026-02-27T15:35:00,Indian,Beef,Spicy,High,Rice,Breakfast,1.0,0.0,1.0,0.0,0.0,0.0,0.3333333333333333,13.0,18.0,5.0,8.0,57.0,1.1819444444444445,15,4,0
I00296,U042,F012,2026-03-03T02:39:00,Indian,Mutton,Sour,High,Bread,Lunch,1.0,0.0,0.0,0.0,1.0,1.0,0.5,13.0,18.0,5.0,9.0,59.0,1.1576388888888889,2,1,0
I03967,U042,F063,2026-03-04T03:38:00,Italian,Chicken,Savory,High,Pasta,Dinner,0.0,1.0,0.0,0.0,0.0,1.0,0.3333333333333333,13.0,19.0,5.0,9.0,60.0,1.0409722222222222,3,2,0
I04757,U042,F004,2026-03-04T14:34:00,Chinese,Vegetarian,Creamy,Low,Curry,Lunch,0.0,1.0,1.0,1.0,1.0,1.0,0.8333333333333334,13.0,20.0,5.0,9.0,61.0,0.45555555555555555,14,2,1
I01938,U042,F059,2026-03-07T20:04:00,Thai,Vegetarian,Savory,High,Curry,Dinner,0.0,1.0,0.0,0.0,1.0,1.0,0.5,14.0,20.0,5.0,9.0,63.0,0.04722222222222222,20,5,1
I04530,U042,F012,2026-03-10T15:40:00,Indian,Mutton,Sour,High,Bread,Lunch,1.0,0.0,0.0,0.0,1.0,1.0,0.5,15.0,20.0,5.0,9.0,65.0,1.4972222222222222,15,1,1
I01317,U042,F097,2026-03-11T04:58:00,Thai,Fish,Spicy,Medium,Pasta,Breakfast,0.0,1.0,1.0,0.0,0.0,0.0,0.3333333333333333,16.0,20.0,5.0,9.0,66.0,0.5541666666666667,4,2,0
I01597,U042,F033,2026-03-12T07:02:00,Mexican,Mutton,Sour,High,Bread,Snack,0.0,0.0,0.0,0.0,1.0,0.0,0.16666666666666666,16.0,20.0,5.0,10.0,67.0,1.086111111111111,7,3,0
I04948,U042,F040,2026-03-12T09:14:00,Mexican,Fish,Sweet,Medium,Pasta,Snack,0.0,1.0,0.0,0.0,0.0,0.0,0.16666666666666666,16.0,20.0,5.0,11.0,68.0,0.09166666666666666,9,3,0
I02919,U042,F057,2026-03-13T07:47:00,Thai,Mutton,Spicy,Medium,Rice,Lunch,0.0,0.0,1.0,0.0,0.0,1.0,0.3333333333333333,16.0,21.0,5.0,11.0,69.0,0.9395833333333333,7,4,1
I00768,U042,F073,2026-03-13T18:11:00,Chinese,Fish,Sweet,Medium,Noodles,Lunch,0.0,1.0,0.0,0.0,0.0,1.0,0.3333333333333333,17.0,21.0,5.0,11.0,70.0,0.43333333333333335,18,4,0
I04786,U042,F091,2026-03-15T15:24:00,Indian,Beef,Spicy,High,Rice,Breakfast,1.0,0.0,1.0,0.0,0.0,0.0,0.3333333333333333,17.0,22.0,5.0,11.0,71.0,1.8840277777777779,15,6,0
I03254,U003,F015,2026-01-01T00:33:00,Indian,Fish,Sweet,High,Curry,Lunch,1.0,0.0,1.0,0.0,0.0,1.0,0.5,0.0,0.0,0.0,0.0,0.0,-1.0,0,3,1
I02691,U003,F075,2026-01-01T06:33:00,Italian,Mutton,Creamy,Medium,Curry,Dinner,0.0,0.0,0.0,1.0,0.0,0.0,0.16666666666666666,1.0,0.0,0.0,0.0,1.0,0.25,6,3,1
I02383,U003,F019,2026-01-01T13:00:00,Italian,Beef,Spicy,High,Curry,Dinner,0.0,0.0,0.0,0.0,0.0,0.0,0.0,2.0,0.0,0.0,0.0,2.0,0.26875,13,3,0
I02743,U003,F058,2026-01-03T22:41:00,Italian,Mutton,Spicy,Medium,Curry,Dinner,0.0,0.0,0.0,1.0,0.0,0.0,0.16666666666666666,2.0,0.0,0.0,1.0,6.0,1.1298611111111112,22,5,1
I04564,U003,F077,2026-01-04T04:21:00,Pakistani,Chicken,Creamy,Medium,Bread,Dinner,0.0,1.0,0.0,1.0,1.0,0.0,0.5,2.0,0.0,1.0,1.0,7.0,0.2361111111111111,4,6,0
I03324,U003,F064,2026-01-04T22:44:00,Pakistani,Chicken,Sweet,Low,Bread,Lunch,0.0,1.0,1.0,0.0,1.0,1.0,0.6666666666666666,2.0,0.0,1.0,2.0,8.0,0.7659722222222223,22,6,1
I00708,U003,F026,2026-01-05T19:29:00,Indian,Chicken,Sweet,High,Noodles,Breakfast,1.0,1.0,1.0,0.0,0.0,0.0,0.5,3.0,0.0,1.0,2.0,9.0,0.8645833333333334,19,0,1
I00783,U003,F032,2026-01-06T19:02:00,Italian,Vegetarian,Creamy,Medium,Noodles,Lunch,0.0,0.0,0.0,1.0,0.0,1.0,0.3333333333333333,4.0,0.0,1.0,2.0,12.0,0.21666666666666667,19,1,0
I02091,U003,F016,2026-01-07T20:27:00,Mexican,Mutton,Savory,Low,Rice,Dinner,0.0,0.0,0.0,0.0,0.0,0.0,0.0,4.0,1.0,1.0,2.0,13.0,1.0590277777777777,20,2,0
I01877,U003,F002,2026-01-08T02:36:00,Chinese,Beef,Savory,High,Curry,Breakfast,0.0,0.0,0.0,0.0,0.0,0.0,0.0,4.0,1.0,1.0,3.0,14.0,0.25625,2,3,0
I03494,U003,F073,2026-01-10T05:37:00,Chinese,Fish,Sweet,Medium,Noodles,Lunch,0.0,0.0,1.0,1.0,0.0,1.0,0.5,4.0,2.0,1.0,3.0,17.0,1.0527777777777778,5,5,0
I04075,U003,F075,2026-01-10T08:56:00,Italian,Mutton,Creamy,Medium,Curry,Dinner,0.0,0.0,0.0,1.0,0.0,0.0,0.16666666666666666,4.0,2.0,1.0,4.0,18.0,0.13819444444444445,8,5,0
I01507,U003,F017,2026-01-12T19:11:00,Indian,Mutton,Savory,Low,Curry,Dinner,1.0,0.0,0.0,0.0,0.0,0.0,0.16666666666666666,4.0,2.0,1.0,5.0,19.0,2.4270833333333335,19,0,0
I01385,U003,F002,2026-01-18T11:09:00,Chinese,Beef,Savory,High,Curry,Breakfast,0.0,0.0,0.0,0.0,0.0,0.0,0.0,4.0,2.0,1.0,6.0,23.0,0.7583333333333333,11,6,0
I01606,U003,F017,2026-01-19T21:24:00,Indian,Mutton,Savory,Low,Curry,Dinner,1.0,0.0,0.0,0.0,0.0,0.0,0.16666666666666666,4.0,2.0,1.0,7.0,25.0,0.925,21,0,0
I03541,U003,F032,2026-01-24T09:02:00,Italian,Vegetarian,Creamy,Medium,Noodles,Lunch,0.0,0.0,0.0,1.0,0.0,1.0,0.3333333333333333,4.0,3.0,1.0,7.0,28.0,0.4027777777777778,9,5,1
I00588,U003,F074,2026-01-24T17:38:00,Pakistani,Beef,Sour,Medium,Bread,Breakfast,0.0,0.0,1.0,1.0,1.0,0.0,0.5,4.0,3.0,2.0,7.0,29.0,0.35833333333333334,17,5,1
I04389,U003,F040,2026-01-27T03:34:00,Mexican,Fish,Sweet,Medium,Pasta,Snack,0.0,0.0,1.0,1.0,1.0,1.0,0.6666666666666666,5.0,3.0,2.0,7.0,30.0,2.4138888888888888,3,1,1
I03233,U003,F050,2026-01-30T11:05:00,Thai,Vegetarian,Spicy,Low,Curry,Breakfast,0.0,0.0,0.0,0.0,0.0,0.0,0.0,5.0,3.0,3.0,7.0,32.0,2.2715277777777776,11,4,0
I03026,U003,F020,2026-01-30T20:00:00,Mexican,Vegetarian,Sour,High,Pasta,Dinner,0.0,0.0,1.0,0.0,1.0,0.0,0.3333333333333333,5.0,3.0,3.0,8.0,33.0,0.3715277777777778,20,4,0
I03125,U003,F003,2026-01-31T18:33:00,Thai,Fish,Savory,Low,Rice,Lunch,0.0,0.0,0.0,0.0,0.0,1.0,0.16666666666666666,5.0,4.0,3.0,8.0,34.0,0.9395833333333333,18,5,0
I01668,U003,F080,2026-02-01T23:53:00,Italian,Fish,Savory,High,Bread,Dinner,0.0,0.0,0.0,0.0,1.0,0.0,0.16666666666666666,5.0,5.0,3.0,8.0,35.0,1.2222222222222223,23,6,0
I00575,U003,F029,2026-02-03T12:36:00,Indian,Chicken,Savory,Medium,Bread,Lunch,1.0,1.0,0.0,1.0,1.0,1.0,0.8333333333333334,5.0,6.0,3.0,8.0,36.0,1.5298611111111111,12,1,1
I03599,U003,F056,2026-02-03T21:16:00,Indian,Vegetarian,Creamy,Low,Rice,Lunch,1.0,0.0,0.0,0.0,0.0,1.0,0.3333333333333333,6.0,6.0,3.0,8.0,37.0,0.3611111111111111,21,1,0
I03161,U003,F078,2026-02-06T20:48:00,Indian,Vegetarian,Creamy,Low,Pasta,Lunch,1.0,0.0,0.0,0.0,1.0,1.0,0.5,6.0,7.0,3.0,8.0,38.0,2.9805555555555556,20,4,0
I04452,U003,F079,2026-02-10T14:26:00,Italian,Chicken,Sour,Low,Curry,Lunch,0.0,1.0,1.0,0.0,0.0,1.0,0.5,6.0,7.0,3.0,9.0,40.0,2.3680555555555554,14,1,0
I01177,U003,F011,2026-02-10T20:02:00,Pakistani,Beef,Sweet,Low,Noodles,Breakfast,0.0,0.0,1.0,0.0,0.0,0.0,0.16666666666666666,6.0,7.0,3.0,10.0,41.0,0.23333333333333334,20,1,0
I03304,U003,F060,2026-02-10T23:13:00,Mexican,Chicken,Spicy,Medium,Rice,Breakfast,0.0,1.0,0.0,1.0,0.0,0.0,0.3333333333333333,6.0,7.0,3.0,11.0,42.0,0.1326388888888889,23,1,1
I02711,U003,F099,2026-02-13T20:59:00,Thai,Chicken,Spicy,Low,Noodles,Snack,0.0,1.0,0.0,0.0,0.0,1.0,0.3333333333333333,7.0,7.0,3.0,11.0,45.0,2.075,20,4,1
I04510,U003,F014,2026-02-14T19:29:00,Thai,Beef,Creamy,High,Noodles,Lunch,0.0,0.0,0.0,0.0,0.0,1.0,0.16666666666666666,8.0,7.0,3.0,11.0,46.0,0.9375,19,5,0
I02497,U003,F027,2026-02-14T23:57:00,Mexican,Mutton,Creamy,High,Noodles,Lunch,0.0,0.0,0.0,0.0,0.0,1.0,0.16666666666666666,8.0,8.0,3.0,11.0,47.0,0.18611111111111112,23,5,0
I03101,U003,F032,2026-02-16T13:50:00,Italian,Vegetarian,Creamy,Medium,Noodles,Lunch,0.0,0.0,0.0,1.0,0.0,1.0,0.3333333333333333,8.0,8.0,3.0,12.0,48.0,1.5784722222222223,13,0,1
I00727,U003,F059,2026-02-16T19:52:00,Thai,Vegetarian,Savory,High,Curry,Dinner,0.0,0.0,0.0,0.0,0.0,0.0,0.0,9.0,8.0,3.0,12.0,49.0,0.2513888888888889,19,0,0
I03465,U003,F013,2026-02-20T03:24:00,Italian,Mutton,Spicy,High,Bread,Breakfast,0.0,0.0,0.0,0.0,1.0,0.0,0.16666666666666666,9.0,9.0,3.0,12.0,50.0,3.313888888888889,3,4,1
I00356,U003,F060,2026-02-20T16:56:00,Mexican,Chicken,Spicy,Medium,Rice,Breakfast,0.0,1.0,0.0,1.0,0.0,0.0,0.3333333333333333,10.0,9.0,3.0,12.0,52.0,0.11666666666666667,16,4,1
I03391,U003,F100,2026-02-23T11:27:00,Mexican,Beef,Spicy,Low,Pasta,Snack,0.0,0.0,0.0,0.0,1.0,1.0,0.3333333333333333,10.0,9.0,3.0,12.0,53.0,2.7715277777777776,11,0,0
I03122,U003,F008,2026-02-24T03:25:00,Italian,Mutton,Creamy,Medium,Rice,Snack,0.0,0.0,0.0,1.0,0.0,1.0,0.3333333333333333,10.0,9.0,3.0,13.0,55.0,0.5493055555555556,3,1,0
I04142,U003,F046,2026-02-24T08:43:00,Chinese,Fish,Savory,Low,Pasta,Breakfast,0.0,0.0,0.0,0.0,1.0,0.0,0.16666666666666666,10.0,9.0,3.0,14.0,56.0,0.22083333333333333,8,1,0
I02290,U003,F052,2026-02-25T22:50:00,Pakistani,Vegetarian,Spicy,High,Curry,Breakfast,0.0,0.0,0.0,0.0,0.0,0.0,0.0,10.0,9.0,3.0,15.0,57.0,1.5881944444444445,22,2,0
I00130,U003,F037,2026-02-26T22:23:00,Italian,Chicken,Creamy,Low,Bread,Snack,0.0,1.0,0.0,0.0,1.0,1.0,0.5,10.0,9.0,3.0,16.0,58.0,0.98125,22,3,0
I01249,U003,F054,2026-02-27T11:31:00,Italian,Beef,Sweet,Low,Bread,Snack,0.0,0.0,1.0,0.0,1.0,1.0,0.5,10.0,10.0,3.0,16.0,59.0,0.5472222222222223,11,4,1
I04282,U003,F051,2026-03-03T00:57:00,Chinese,Chicken,Creamy,Low,Noodles,Snack,0.0,1.0,0.0,0.0,0.0,1.0,0.3333333333333333,11.0,10.0,3.0,16.0,60.0,3.5597222222222222,0,1,0
I03168,U003,F056,2026-03-03T05:09:00,Indian,Vegetarian,Creamy,Low,Rice,Lunch,1.0,0.0,0.0,0.0,0.0,1.0,0.3333333333333333,11.0,11.0,3.0,16.0,61.0,0.175,5,1,1
I01947,U003,F070,2026-03-04T00:52:00,Chinese,Beef,Spicy,Medium,Rice,Lunch,0.0,0.0,0.0,1.0,0.0,1.0,0.3333333333333333,12.0,11.0,3.0,16.0,62.0,0.8215277777777777,0,2,0
I02192,U003,F100,2026-03-04T08:31:00,Mexican,Beef,Spicy,Low,Pasta,Snack,0.0,0.0,0.0,0.0,1.0,1.0,0.3333333333333333,12.0,12.0,3.0,16.0,63.0,0.31875,8,2,0
I00926,U003,F025,2026-03-04T13:16:00,Mexican,Mutton,Savory,Medium,Pasta,Lunch,0.0,0.0,0.0,1.0,1.0,1.0,0.5,12.0,12.0,3.0,17.0,64.0,0.19791666666666666,13,2,1
I04237,U003,F018,2026-03-05T10:04:00,Chinese,Fish,Sour,High,Pasta,Lunch,0.0,0.0,1.0,0.0,1.0,1.0,0.5,12.0,12.0,3.0,17.0,65.0,0.8666666666666667,10,3,0
I04284,U003,F043,2026-03-06T10:23:00,Chinese,Fish,Spicy,Medium,Pasta,Lunch,0.0,0.0,0.0,1.0,1.0,1.0,0.5,12.0,12.0,3.0,18.0,66.0,1.0131944444444445,10,4,0
I03878,U003,F053,2026-03-07T10:21:00,Thai,Chicken,Sour,High,Curry,Dinner,0.0,1.0,1.0,0.0,0.0,0.0,0.3333333333333333,12.0,13.0,3.0,18.0,67.0,0.9986111111111111,10,5,0
I04173,U003,F084,2026-03-10T04:29:00,Indian,Vegetarian,Savory,Medium,Bread,Lunch,1.0,0.0,0.0,1.0,1.0,1.0,0.6666666666666666,12.0,14.0,3.0,18.0,69.0,2.34375,4,1,0
I01510,U003,F067,2026-03-10T15:11:00,Thai,Vegetarian,Spicy,Medium,Noodles,Breakfast,0.0,0.0,0.0,1.0,0.0,0.0,0.16666666666666666,12.0,15.0,3.0,18.0,70.0,0.44583333333333336,15,1,0
I00462,U003,F049,2026-03-10T21:16:00,Mexican,Mutton,Savory,Low,Curry,Snack,0.0,0.0,0.0,0.0,0.0,1.0,0.16666666666666666,12.0,16.0,3.0,18.0,71.0,0.2534722222222222,21,1,0
I03665,U003,F043,2026-03-11T18:48:00,Chinese,Fish,Spicy,Medium,Pasta,Lunch,0.0,0.0,0.0,1.0,1.0,1.0,0.5,12.0,17.0,3.0,18.0,72.0,0.8972222222222223,18,2,1
I02018,U040,F019,2026-01-01T11:02:00,Italian,Beef,Spicy,High,Curry,Dinner,1.0,1.0,1.0,0.0,0.0,1.0,0.6666666666666666,0.0,0.0,0.0,0.0,0.0,-1.0,11,3,1
I01594,U040,F038,2026-01-02T12:08:00,Chinese,Vegetarian,Spicy,High,Curry,Snack,1.0,1.0,1.0,0.0,0.0,1.0,0.6666666666666666,0.0,0.0,1.0,0.0,2.0,0.017361111111111112,12,4,1
I03273,U040,F052,2026-01-02T18:01:00,Pakistani,Vegetarian,Spicy,High,Curry,Breakfast,1.0,1.0,1.0,0.0,0.0,1.0,0.6666666666666666,1.0,0.0,1.0,0.0,3.0,0.24513888888888888,18,4,1
I02975,U040,F078,2026-01-03T05:24:00,Indian,Vegetarian,Creamy,Low,Pasta,Lunch,0.0,1.0,0.0,1.0,0.0,0.0,0.3333333333333333,1.0,0.0,2.0,0.0,4.0,0.47430555555555554,5,5,0
I04942,U040,F061,2026-01-04T16:19:00,Mexican,Vegetarian,Spicy,Medium,Bread,Lunch,0.0,1.0,1.0,0.0,0.0,0.0,0.3333333333333333,1.0,0.0,2.0,1.0,6.0,0.6118055555555556,16,6,1
I02548,U040,F076,2026-01-05T17:03:00,Pakistani,Chicken,Sweet,Low,Curry,Dinner,1.0,1.0,1.0,1.0,0.0,1.0,0.8333333333333334,2.0,0.0,2.0,1.0,7.0,1.0305555555555554,17,0,1
I02666,U040,F050,2026-01-06T10:20:00,Thai,Vegetarian,Spicy,Low,Curry,Breakfast,0.0,1.0,1.0,1.0,0.0,1.0,0.6666666666666666,2.0,0.0,3.0,1.0,8.0,0.7201388888888889,10,1,1
I01616,U040,F043,2026-01-06T20:38:00,Chinese,Fish,Spicy,Medium,Pasta,Lunch,1.0,0.0,1.0,0.0,0.0,0.0,0.3333333333333333,3.0,0.0,3.0,1.0,9.0,0.42916666666666664,20,1,1
I00704,U040,F047,2026-01-09T22:28:00,Indian,Mutton,Sour,Medium,Pasta,Snack,0.0,0.0,0.0,0.0,0.0,1.0,0.16666666666666666,3.0,0.0,3.0,1.0,11.0,2.3777777777777778,22,4,0
I02190,U040,F065,2026-01-10T08:17:00,Mexican,Fish,Creamy,High,Pasta,Breakfast,0.0,0.0,0.0,0.0,0.0,1.0,0.16666666666666666,3.0,1.0,3.0,1.0,12.0,0.40902777777777777,8,5,0
I04152,U040,F017,2026-01-10T15:29:00,Indian,Mutton,Savory,Low,Curry,Dinner,0.0,0.0,0.0,1.0,0.0,1.0,0.3333333333333333,3.0,2.0,3.0,1.0,13.0,0.3,15,5,1
I00634,U040,F046,2026-01-11T23:04:00,Chinese,Fish,Savory,Low,Pasta,Breakfast,1.0,0.0,0.0,1.0,0.0,1.0,0.5,4.0,2.0,3.0,1.0,14.0,1.3159722222222223,23,6,1
I03931,U040,F043,2026-01-12T00:06:00,Chinese,Fish,Spicy,Medium,Pasta,Lunch,1.0,0.0,1.0,0.0,0.0,0.0,0.3333333333333333,5.0,2.0,3.0,1.0,15.0,0.043055555555555555,0,0,1
I04477,U040,F061,2026-01-12T11:25:00,Mexican,Vegetarian,Spicy,Medium,Bread,Lunch,0.0,1.0,1.0,0.0,0.0,0.0,0.3333333333333333,5.0,2.0,4.0,1.0,16.0,0.47152777777777777,11,0,0
I00303,U040,F088,2026-01-13T04:46:00,Pakistani,Beef,Sweet,Low,Noodles,Lunch,1.0,1.0,1.0,1.0,1.0,0.0,0.8333333333333334,5.0,3.0,4.0,1.0,17.0,0.7229166666666667,4,1,1
I00467,U040,F078,2026-01-14T17:27:00,Indian,Vegetarian,Creamy,Low,Pasta,Lunch,0.0,1.0,0.0,1.0,0.0,0.0,0.3333333333333333,6.0,3.0,4.0,1.0,18.0,1.5284722222222222,17,2,0
I00706,U040,F037,2026-01-15T03:17:00,Italian,Chicken,Creamy,Low,Bread,Snack,1.0,1.0,0.0,1.0,0.0,1.0,0.6666666666666666,6.0,3.0,4.0,2.0,19.0,0.4097222222222222,3,3,1
I03170,U040,F009,2026-01-15T20:01:00,Thai,Chicken,Sour,Low,Curry,Dinner,0.0,1.0,0.0,1.0,0.0,1.0,0.5,6.0,3.0,5.0,2.0,20.0,0.6972222222222222,20,3,1
I04880,U040,F051,2026-01-15T20:28:00,Chinese,Chicken,Creamy,Low,Noodles,Snack,1.0,1.0,0.0,1.0,1.0,1.0,0.8333333333333334,7.0,3.0,5.0,2.0,21.0,0.01875,20,3,1
I04140,U040,F049,2026-01-17T10:01:00,Mexican,Mutton,Savory,Low,Curry,Snack,0.0,0.0,0.0,1.0,0.0,1.0,0.3333333333333333,8.0,3.0,5.0,2.0,22.0,1.5645833333333334,10,5,0
I02924,U040,F056,2026-01-19T13:51:00,Indian,Vegetarian,Creamy,Low,Rice,Lunch,0.0,1.0,0.0,1.0,1.0,0.0,0.5,8.0,3.0,5.0,3.0,23.0,2.1597222222222223,13,0,1
I02986,U040,F074,2026-01-20T04:25:00,Pakistani,Beef,Sour,Medium,Bread,Breakfast,1.0,1.0,0.0,0.0,0.0,1.0,0.5,8.0,3.0,6.0,3.0,25.0,0.275,4,1,0
I04907,U040,F058,2026-01-21T04:36:00,Italian,Mutton,Spicy,Medium,Curry,Dinner,1.0,0.0,1.0,0.0,0.0,1.0,0.5,8.0,3.0,6.0,4.0,26.0,1.007638888888889,4,2,0
I04434,U040,F082,2026-01-21T21:49:00,Italian,Fish,Sweet,High,Noodles,Lunch,1.0,0.0,1.0,0.0,1.0,0.0,0.5,8.0,4.0,6.0,4.0,27.0,0.7173611111111111,21,2,1
I02634,U040,F007,2026-01-23T09:50:00,Chinese,Mutton,Savory,Low,Pasta,Breakfast,1.0,0.0,0.0,1.0,0.0,1.0,0.5,8.0,4.0,7.0,4.0,28.0,1.5006944444444446,9,4,0
I04064,U040,F073,2026-01-24T01:24:00,Chinese,Fish,Sweet,Medium,Noodles,Lunch,1.0,0.0,1.0,0.0,1.0,0.0,0.5,8.0,4.0,7.0,5.0,29.0,0.6486111111111111,1,5,1
I01829,U040,F016,2026-01-24T04:50:00,Mexican,Mutton,Savory,Low,Rice,Dinner,0.0,0.0,0.0,1.0,1.0,1.0,0.5,9.0,4.0,7.0,5.0,30.0,0.14305555555555555,4,5,1
I02790,U040,F074,2026-01-24T21:25:00,Pakistani,Beef,Sour,Medium,Bread,Breakfast,1.0,1.0,0.0,0.0,0.0,1.0,0.5,9.0,4.0,8.0,5.0,31.0,0.6909722222222222,21,5,0
I00983,U040,F048,2026-01-25T15:37:00,Chinese,Beef,Sweet,Low,Rice,Breakfast,1.0,1.0,1.0,1.0,1.0,1.0,1.0,9.0,4.0,8.0,6.0,32.0,0.7583333333333333,15,6,1
I04313,U040,F035,2026-01-25T23:09:00,Italian,Chicken,Creamy,High,Noodles,Lunch,1.0,1.0,0.0,0.0,1.0,0.0,0.5,9.0,4.0,8.0,6.0,33.0,0.3138888888888889,23,6,0
I00643,U040,F044,2026-01-27T14:18:00,Pakistani,Fish,Creamy,Low,Rice,Breakfast,1.0,0.0,0.0,1.0,1.0,1.0,0.6666666666666666,9.0,4.0,8.0,7.0,35.0,1.2194444444444446,14,1,1
I04366,U040,F088,2026-01-27T15:47:00,Pakistani,Beef,Sweet,Low,Noodles,Lunch,1.0,1.0,1.0,1.0,1.0,0.0,0.8333333333333334,9.0,4.0,9.0,7.0,36.0,0.06180555555555556,15,1,1
I00496,U040,F082,2026-01-27T22:20:00,Italian,Fish,Sweet,High,Noodles,Lunch,1.0,0.0,1.0,0.0,1.0,0.0,0.5,9.0,4.0,10.0,7.0,37.0,0.27291666666666664,22,1,1
I03183,U040,F024,2026-02-03T18:38:00,Thai,Chicken,Savory,High,Curry,Dinner,0.0,1.0,0.0,0.0,0.0,1.0,0.3333333333333333,9.0,4.0,11.0,7.0,39.0,4.074305555555555,18,1,0
I02592,U040,F081,2026-02-04T09:51:00,Mexican,Chicken,Sweet,High,Bread,Snack,0.0,1.0,1.0,0.0,0.0,1.0,0.5,9.0,4.0,11.0,8.0,40.0,0.6340277777777777,9,2,1
I00642,U040,F034,2026-02-04T16:05:00,Thai,Fish,Savory,Low,Noodles,Breakfast,0.0,0.0,0.0,1.0,1.0,1.0,0.5,9.0,4.0,12.0,8.0,41.0,0.25972222222222224,16,2,1
I04428,U040,F010,2026-02-05T13:46:00,Mexican,Vegetarian,Sweet,High,Noodles,Breakfast,0.0,1.0,1.0,0.0,1.0,1.0,0.6666666666666666,10.0,4.0,12.0,8.0,42.0,0.9034722222222222,13,3,1
I04964,U040,F030,2026-02-05T22:18:00,Pakistani,Beef,Creamy,Low,Rice,Snack,1.0,1.0,0.0,1.0,1.0,1.0,0.8333333333333334,10.0,4.0,13.0,8.0,43.0,0.35555555555555557,22,3,1
I04716,U040,F092,2026-02-06T04:43:00,Indian,Beef,Spicy,High,Curry,Snack,0.0,1.0,1.0,0.0,0.0,1.0,0.5,11.0,4.0,13.0,8.0,44.0,0.2673611111111111,4,4,1
I00537,U040,F032,2026-02-11T13:01:00,Italian,Vegetarian,Creamy,Medium,Noodles,Lunch,1.0,1.0,0.0,0.0,1.0,0.0,0.5,12.0,4.0,13.0,8.0,45.0,5.345833333333333,13,2,0
I03198,U040,F056,2026-02-11T14:52:00,Indian,Vegetarian,Creamy,Low,Rice,Lunch,0.0,1.0,0.0,1.0,1.0,0.0,0.5,12.0,4.0,13.0,9.0,46.0,0.07708333333333334,14,2,1
I04566,U040,F037,2026-02-12T08:16:00,Italian,Chicken,Creamy,Low,Bread,Snack,1.0,1.0,0.0,1.0,0.0,1.0,0.6666666666666666,13.0,4.0,13.0,9.0,47.0,0.725,8,3,0
I00945,U040,F012,2026-02-14T14:17:00,Indian,Mutton,Sour,High,Bread,Lunch,0.0,0.0,0.0,0.0,0.0,0.0,0.0,13.0,4.0,13.0,10.0,48.0,2.2506944444444446,14,5,0
I01934,U040,F014,2026-02-15T15:19:00,Thai,Beef,Creamy,High,Noodles,Lunch,0.0,1.0,0.0,0.0,1.0,0.0,0.3333333333333333,13.0,4.0,13.0,11.0,50.0,0.14652777777777778,15,6,0
I02661,U040,F059,2026-02-17T01:44:00,Thai,Vegetarian,Savory,High,Curry,Dinner,0.0,1.0,0.0,0.0,0.0,1.0,0.3333333333333333,13.0,5.0,13.0,11.0,51.0,1.4340277777777777,1,1,1
I01816,U040,F039,2026-02-17T04:20:00,Chinese,Fish,Sour,Low,Rice,Breakfast,1.0,0.0,0.0,1.0,1.0,1.0,0.6666666666666666,14.0,5.0,13.0,11.0,52.0,0.10833333333333334,4,1,0
I02265,U040,F055,2026-02-21T10:07:00,Chinese,Mutton,Sour,Medium,Rice,Breakfast,1.0,0.0,0.0,0.0,1.0,1.0,0.5,14.0,5.0,13.0,12.0,53.0,4.240972222222222,10,5,0
I01311,U040,F002,2026-02-24T21:10:00,Chinese,Beef,Savory,High,Curry,Breakfast,1.0,1.0,0.0,0.0,0.0,1.0,0.5,14.0,6.0,13.0,12.0,54.0,3.4604166666666667,21,1,1
I03227,U040,F094,2026-02-26T13:35:00,Indian,Vegetarian,Creamy,High,Bread,Snack,0.0,1.0,0.0,0.0,0.0,1.0,0.3333333333333333,14.0,6.0,14.0,12.0,55.0,1.6840277777777777,13,3,0
I02446,U040,F097,2026-02-27T00:24:00,Thai,Fish,Spicy,Medium,Pasta,Breakfast,0.0,0.0,1.0,0.0,0.0,1.0,0.3333333333333333,14.0,7.0,14.0,12.0,56.0,0.45069444444444445,0,4,0
I04011,U040,F013,2026-02-27T02:35:00,Italian,Mutton,Spicy,High,Bread,Breakfast,1.0,0.0,1.0,0.0,0.0,1.0,0.5,14.0,8.0,14.0,12.0,57.0,0.09097222222222222,2,4,0
I04971,U040,F018,2026-02-27T09:10:00,Chinese,Fish,Sour,High,Pasta,Lunch,1.0,0.0,0.0,0.0,0.0,0.0,0.16666666666666666,14.0,9.0,14.0,12.0,58.0,0.2743055555555556,9,4,0
I01323,U040,F039,2026-02-28T01:26:00,Chinese,Fish,Sour,Low,Rice,Breakfast,1.0,0.0,0.0,1.0,1.0,1.0,0.6666666666666666,14.0,10.0,14.0,12.0,59.0,0.6777777777777778,1,5,1
I03493,U040,F052,2026-02-28T13:51:00,Pakistani,Vegetarian,Spicy,High,Curry,Breakfast,1.0,1.0,1.0,0.0,0.0,1.0,0.6666666666666666,15.0,10.0,14.0,12.0,60.0,0.5173611111111112,13,5,1
I01312,U040,F013,2026-02-28T17:39:00,Italian,Mutton,Spicy,High,Bread,Breakfast,1.0,0.0,1.0,0.0,0.0,1.0,0.5,15.0,10.0,15.0,12.0,62.0,0.05416666666666667,17,5,1
I02090,U040,F094,2026-03-01T09:36:00,Indian,Vegetarian,Creamy,High,Bread,Snack,0.0,1.0,0.0,0.0,0.0,1.0,0.3333333333333333,15.0,10.0,15.0,12.0,63.0,0.6645833333333333,9,6,0
I03310,U040,F093,2026-03-02T06:54:00,Pakistani,Vegetarian,Spicy,Low,Pasta,Lunch,1.0,1.0,1.0,1.0,0.0,0.0,0.6666666666666666,15.0,10.0,15.0,13.0,64.0,0.8875,6,0,1
I01423,U040,F095,2026-03-03T00:40:00,Thai,Vegetarian,Sour,High,Pasta,Lunch,0.0,1.0,0.0,0.0,0.0,0.0,0.16666666666666666,16.0,10.0,15.0,13.0,65.0,0.7402777777777778,0,1,0
I00453,U040,F056,2026-03-03T13:05:00,Indian,Vegetarian,Creamy,Low,Rice,Lunch,0.0,1.0,0.0,1.0,1.0,0.0,0.5,16.0,11.0,15.0,13.0,66.0,0.5173611111111112,13,1,0
I00201,U040,F082,2026-03-03T22:30:00,Italian,Fish,Sweet,High,Noodles,Lunch,1.0,0.0,1.0,0.0,1.0,0.0,0.5,16.0,11.0,15.0,14.0,67.0,0.3923611111111111,22,1,0
I02821,U029,F036,2026-01-03T06:41:00,Pakistani,Chicken,Savory,Low,Rice,Breakfast,1.0,0.0,0.0,1.0,1.0,1.0,0.6666666666666666,0.0,0.0,0.0,0.0,2.0,1.3715277777777777,6,5,1
I00723,U029,F058,2026-01-05T09:42:00,Italian,Mutton,Spicy,Medium,Curry,Dinner,1.0,1.0,1.0,1.0,0.0,1.0,0.8333333333333334,0.0,0.0,1.0,0.0,3.0,2.1256944444444446,9,0,0
I01902,U029,F060,2026-01-05T12:14:00,Mexican,Chicken,Spicy,Medium,Rice,Breakfast,0.0,0.0,1.0,1.0,1.0,1.0,0.6666666666666666,0.0,1.0,1.0,0.0,4.0,0.10555555555555556,12,0,1
I02905,U029,F089,2026-01-07T17:19:00,Pakistani,Chicken,Spicy,Medium,Curry,Breakfast,1.0,0.0,1.0,1.0,0.0,1.0,0.6666666666666666,1.0,1.0,1.0,0.0,6.0,1.0840277777777778,17,2,0
I04307,U029,F068,2026-01-08T11:15:00,Italian,Mutton,Savory,Medium,Noodles,Lunch,1.0,1.0,0.0,1.0,0.0,0.0,0.5,1.0,1.0,1.0,1.0,8.0,0.11388888888888889,11,3,0
I04221,U029,F097,2026-01-10T21:04:00,Thai,Fish,Spicy,Medium,Pasta,Breakfast,0.0,1.0,1.0,1.0,0.0,1.0,0.6666666666666666,1.0,1.0,1.0,2.0,9.0,2.4090277777777778,21,5,1
I03841,U029,F011,2026-01-11T10:51:00,Pakistani,Beef,Sweet,Low,Noodles,Breakfast,1.0,0.0,0.0,1.0,0.0,1.0,0.5,2.0,1.0,1.0,2.0,10.0,0.5743055555555555,10,6,0
I02830,U029,F010,2026-01-11T10:59:00,Mexican,Vegetarian,Sweet,High,Noodles,Breakfast,0.0,0.0,0.0,1.0,0.0,1.0,0.3333333333333333,2.0,1.0,1.0,3.0,11.0,0.005555555555555556,10,6,0
I00224,U029,F047,2026-01-12T06:23:00,Indian,Mutton,Sour,Medium,Pasta,Snack,0.0,1.0,0.0,1.0,0.0,1.0,0.5,2.0,1.0,1.0,4.0,12.0,0.8083333333333333,6,0,0
I04384,U029,F002,2026-01-13T05:49:00,Chinese,Beef,Savory,High,Curry,Breakfast,0.0,0.0,0.0,1.0,0.0,1.0,0.3333333333333333,2.0,2.0,1.0,4.0,14.0,0.6694444444444444,5,1,0
I04559,U029,F078,2026-01-14T03:56:00,Indian,Vegetarian,Creamy,Low,Pasta,Lunch,0.0,0.0,0.0,1.0,0.0,0.0,0.16666666666666666,2.0,2.0,1.0,5.0,15.0,0.9215277777777777,3,2,0
I00566,U029,F046,2026-01-14T05:59:00,Chinese,Fish,Savory,Low,Pasta,Breakfast,0.0,1.0,0.0,1.0,0.0,1.0,0.5,2.0,3.0,1.0,5.0,16.0,0.08541666666666667,5,2,0
I02583,U029,F078,2026-01-17T16:21:00,Indian,Vegetarian,Creamy,Low,Pasta,Lunch,0.0,0.0,0.0,1.0,0.0,0.0,0.16666666666666666,2.0,3.0,1.0,6.0,18.0,1.2381944444444444,16,5,0
I04021,U029,F063,2026-01-18T08:54:00,Italian,Chicken,Savory,High,Pasta,Dinner,1.0,0.0,0.0,1.0,0.0,1.0,0.5,2.0,4.0,1.0,6.0,19.0,0.6895833333333333,8,6,0
I03033,U029,F093,2026-01-20T00:13:00,Pakistani,Vegetarian,Spicy,Low,Pasta,Lunch,1.0,0.0,1.0,1.0,0.0,0.0,0.5,2.0,4.0,1.0,7.0,20.0,1.6381944444444445,0,1,0
I02971,U029,F014,2026-01-20T02:29:00,Thai,Beef,Creamy,High,Noodles,Lunch,0.0,0.0,0.0,1.0,0.0,0.0,0.16666666666666666,2.0,4.0,1.0,8.0,21.0,0.09444444444444444,2,1,0
I01254,U029,F095,2026-01-22T00:50:00,Thai,Vegetarian,Sour,High,Pasta,Lunch,0.0,0.0,0.0,1.0,0.0,0.0,0.16666666666666666,2.0,4.0,1.0,9.0,22.0,1.93125,0,3,0
I04643,U029,F066,2026-01-22T09:30:00,Pakistani,Chicken,Spicy,High,Rice,Dinner,1.0,0.0,1.0,1.0,1.0,1.0,0.8333333333333334,2.0,5.0,1.0,9.0,24.0,0.28680555555555554,9,3,1
I04834,U029,F030,2026-01-23T07:20:00,Pakistani,Beef,Creamy,Low,Rice,Snack,1.0,0.0,0.0,1.0,1.0,1.0,0.6666666666666666,3.0,5.0,1.0,9.0,25.0,0.9097222222222222,7,4,0
I00527,U029,F023,2026-01-23T17:32:00,Indian,Fish,Creamy,Medium,Curry,Dinner,0.0,1.0,0.0,1.0,0.0,1.0,0.5,3.0,6.0,1.0,9.0,27.0,0.29791666666666666,17,4,0
I00120,U029,F041,2026-01-27T14:00:00,Mexican,Chicken,Savory,Low,Pasta,Dinner,0.0,0.0,0.0,1.0,0.0,1.0,0.3333333333333333,3.0,7.0,1.0,9.0,29.0,2.486111111111111,14,1,0
I03936,U029,F064,2026-01-30T20:12:00,Pakistani,Chicken,Sweet,Low,Bread,Lunch,1.0,0.0,0.0,1.0,0.0,0.0,0.3333333333333333,3.0,7.0,1.0,10.0,30.0,3.2583333333333333,20,4,1
I04283,U029,F001,2026-01-31T12:55:00,Mexican,Chicken,Savory,High,Bread,Lunch,0.0,0.0,0.0,1.0,0.0,0.0,0.16666666666666666,4.0,7.0,1.0,10.0,32.0,0.6298611111111111,12,5,0
I04043,U029,F006,2026-02-03T11:41:00,Pakistani,Beef,Sour,Medium,Bread,Lunch,1.0,0.0,0.0,1.0,0.0,0.0,0.3333333333333333,4.0,8.0,1.0,10.0,34.0,0.6527777777777778,11,1,1
I03782,U029,F060,2026-02-05T02:15:00,Mexican,Chicken,Spicy,Medium,Rice,Breakfast,0.0,0.0,1.0,1.0,1.0,1.0,0.6666666666666666,5.0,8.0,1.0,10.0,35.0,1.6069444444444445,2,3,1
I04617,U029,F002,2026-02-07T12:02:00,Chinese,Beef,Savory,High,Curry,Breakfast,0.0,0.0,0.0,1.0,0.0,1.0,0.3333333333333333,6.0,8.0,1.0,10.0,39.0,0.3423611111111111,12,5,0
I01699,U029,F065,2026-02-07T14:21:00,Mexican,Fish,Creamy,High,Pasta,Breakfast,0.0,1.0,0.0,1.0,0.0,1.0,0.5,6.0,9.0,1.0,10.0,40.0,0.09652777777777778,14,5,0
I04006,U029,F100,2026-02-10T20:52:00,Mexican,Beef,Spicy,Low,Pasta,Snack,0.0,0.0,1.0,1.0,0.0,1.0,0.5,6.0,10.0,1.0,10.0,41.0,3.2715277777777776,20,1,1
I04204,U029,F069,2026-02-11T05:22:00,Mexican,Chicken,Sweet,High,Pasta,Lunch,0.0,0.0,0.0,1.0,0.0,0.0,0.16666666666666666,6.0,10.0,2.0,10.0,42.0,0.3541666666666667,5,2,0
I01911,U029,F015,2026-02-11T19:28:00,Indian,Fish,Sweet,High,Curry,Lunch,0.0,1.0,0.0,1.0,0.0,0.0,0.3333333333333333,6.0,11.0,2.0,10.0,43.0,0.5875,19,2,0
I01771,U029,F046,2026-02-15T14:43:00,Chinese,Fish,Savory,Low,Pasta,Breakfast,0.0,1.0,0.0,1.0,0.0,1.0,0.5,6.0,12.0,2.0,10.0,44.0,3.8020833333333335,14,6,1
I00073,U029,F098,2026-02-16T13:35:00,Mexican,Mutton,Spicy,Medium,Bread,Dinner,0.0,1.0,1.0,1.0,0.0,1.0,0.6666666666666666,6.0,12.0,2.0,10.0,45.0,0.9527777777777777,13,0,1
I03065,U029,F045,2026-02-17T22:46:00,Pakistani,Beef,Spicy,Medium,Pasta,Snack,1.0,0.0,1.0,1.0,0.0,1.0,0.6666666666666666,7.0,12.0,2.0,10.0,46.0,1.382638888888889,22,1,0
I01773,U029,F035,2026-02-18T14:25:00,Italian,Chicken,Creamy,High,Noodles,Lunch,1.0,0.0,0.0,1.0,0.0,0.0,0.3333333333333333,7.0,12.0,2.0,11.0,47.0,0.6520833333333333,14,2,0
I04546,U029,F082,2026-02-19T13:47:00,Italian,Fish,Sweet,High,Noodles,Lunch,1.0,1.0,0.0,1.0,0.0,0.0,0.5,7.0,13.0,2.0,11.0,49.0,0.075,13,3,0
I01189,U029,F075,2026-02-20T01:44:00,Italian,Mutton,Creamy,Medium,Curry,Dinner,1.0,1.0,0.0,1.0,0.0,1.0,0.6666666666666666,7.0,13.0,2.0,12.0,50.0,0.4979166666666667,1,4,1
I04483,U029,F100,2026-02-20T14:49:00,Mexican,Beef,Spicy,Low,Pasta,Snack,0.0,0.0,1.0,1.0,0.0,1.0,0.5,8.0,13.0,2.0,12.0,51.0,0.5451388888888888,14,4,0
I03444,U029,F060,2026-02-21T23:16:00,Mexican,Chicken,Spicy,Medium,Rice,Breakfast,0.0,0.0,1.0,1.0,1.0,1.0,0.6666666666666666,8.0,14.0,2.0,12.0,53.0,1.0180555555555555,23,5,1
I00239,U029,F038,2026-02-22T22:58:00,Chinese,Vegetarian,Spicy,High,Curry,Snack,0.0,0.0,1.0,1.0,0.0,1.0,0.5,8.0,14.0,3.0,12.0,54.0,0.9875,22,6,0
I02185,U029,F040,2026-02-23T00:11:00,Mexican,Fish,Sweet,Medium,Pasta,Snack,0.0,1.0,0.0,1.0,0.0,1.0,0.5,8.0,15.0,3.0,12.0,55.0,0.050694444444444445,0,0,1
I04711,U029,F061,2026-02-24T04:06:00,Mexican,Vegetarian,Spicy,Medium,Bread,Lunch,0.0,0.0,1.0,1.0,0.0,0.0,0.3333333333333333,9.0,15.0,3.0,12.0,56.0,1.1631944444444444,4,1,1
I04848,U029,F028,2026-02-24T04:49:00,Italian,Beef,Creamy,High,Rice,Dinner,1.0,0.0,0.0,1.0,1.0,1.0,0.6666666666666666,9.0,15.0,4.0,12.0,57.0,0.029861111111111113,4,1,0
I04619,U029,F064,2026-02-24T11:36:00,Pakistani,Chicken,Sweet,Low,Bread,Lunch,1.0,0.0,0.0,1.0,0.0,0.0,0.3333333333333333,9.0,15.0,4.0,13.0,58.0,0.2826388888888889,11,1,0
I00066,U029,F078,2026-02-26T11:59:00,Indian,Vegetarian,Creamy,Low,Pasta,Lunch,0.0,0.0,0.0,1.0,0.0,0.0,0.16666666666666666,9.0,15.0,4.0,14.0,61.0,0.3326388888888889,11,3,0
I04582,U029,F006,2026-02-26T14:08:00,Pakistani,Beef,Sour,Medium,Bread,Lunch,1.0,0.0,0.0,1.0,0.0,0.0,0.3333333333333333,9.0,16.0,4.0,14.0,62.0,0.08958333333333333,14,3,1
I02941,U029,F077,2026-02-27T04:46:00,Pakistani,Chicken,Creamy,Medium,Bread,Dinner,1.0,0.0,0.0,1.0,0.0,1.0,0.5,10.0,16.0,4.0,14.0,63.0,0.6097222222222223,4,4,1
I03435,U029,F073,2026-02-28T07:42:00,Chinese,Fish,Sweet,Medium,Noodles,Lunch,0.0,1.0,0.0,1.0,0.0,0.0,0.3333333333333333,11.0,16.0,4.0,14.0,65.0,0.9881944444444445,7,5,0
I02536,U033,F070,2026-01-01T08:41:00,Chinese,Beef,Spicy,Medium,Rice,Lunch,0.0,0.0,1.0,1.0,0.0,0.0,0.3333333333333333,0.0,0.0,0.0,0.0,1.0,0.15,8,3,1
I02807,U033,F075,2026-01-01T14:34:00,Italian,Mutton,Creamy,Medium,Curry,Dinner,1.0,1.0,1.0,1.0,0.0,1.0,0.8333333333333334,1.0,0.0,0.0,0.0,2.0,0.24513888888888888,14,3,1
I02864,U033,F074,2026-01-03T07:42:00,Pakistani,Beef,Sour,Medium,Bread,Breakfast,1.0,0.0,0.0,1.0,0.0,0.0,0.3333333333333333,1.0,0.0,1.0,0.0,3.0,1.7138888888888888,7,5,0
I01258,U033,F003,2026-01-03T09:23:00,Thai,Fish,Savory,Low,Rice,Lunch,0.0,0.0,1.0,0.0,0.0,0.0,0.16666666666666666,1.0,0.0,1.0,1.0,4.0,0.07013888888888889,9,5,1
I01090,U033,F059,2026-01-03T21:25:00,Thai,Vegetarian,Savory,High,Curry,Dinner,0.0,0.0,1.0,1.0,0.0,1.0,0.5,1.0,0.0,1.0,1.0,5.0,0.5013888888888889,21,5,0
I03754,U033,F031,2026-01-04T05:24:00,Pakistani,Vegetarian,Spicy,Low,Pasta,Lunch,1.0,0.0,1.0,0.0,0.0,0.0,0.3333333333333333,1.0,0.0,1.0,2.0,6.0,0.3326388888888889,5,6,0
I02931,U033,F035,2026-01-04T05:36:00,Italian,Chicken,Creamy,High,Noodles,Lunch,1.0,1.0,1.0,1.0,1.0,0.0,0.8333333333333334,1.0,1.0,1.0,2.0,7.0,0.008333333333333333,5,6,1
I03820,U033,F068,2026-01-04T17:26:00,Italian,Mutton,Savory,Medium,Noodles,Lunch,1.0,1.0,1.0,1.0,1.0,0.0,0.8333333333333334,2.0,1.0,1.0,2.0,8.0,0.4930555555555556,17,6,1
I00457,U033,F076,2026-01-06T10:10:00,Pakistani,Chicken,Sweet,Low,Curry,Dinner,1.0,1.0,0.0,0.0,0.0,1.0,0.5,2.0,1.0,2.0,2.0,9.0,1.6972222222222222,10,1,1
I02503,U033,F099,2026-01-06T13:13:00,Thai,Chicken,Spicy,Low,Noodles,Snack,0.0,1.0,1.0,0.0,1.0,0.0,0.5,3.0,1.0,2.0,2.0,10.0,0.12708333333333333,13,1,1
I02841,U033,F056,2026-01-07T00:05:00,Indian,Vegetarian,Creamy,Low,Rice,Lunch,0.0,0.0,1.0,0.0,0.0,0.0,0.16666666666666666,4.0,1.0,2.0,2.0,11.0,0.4527777777777778,0,2,0
I00121,U033,F100,2026-01-08T04:42:00,Mexican,Beef,Spicy,Low,Pasta,Snack,1.0,0.0,1.0,0.0,0.0,0.0,0.3333333333333333,4.0,2.0,2.0,2.0,12.0,1.1923611111111112,4,3,0
I03342,U033,F079,2026-01-09T02:27:00,Italian,Chicken,Sour,Low,Curry,Lunch,1.0,1.0,0.0,0.0,0.0,0.0,0.3333333333333333,4.0,2.0,2.0,3.0,13.0,0.90625,2,4,0
I04413,U033,F086,2026-01-10T22:02:00,Indian,Fish,Spicy,High,Pasta,Lunch,0.0,0.0,1.0,1.0,0.0,0.0,0.3333333333333333,4.0,2.0,2.0,4.0,14.0,1.8159722222222223,22,5,1
I02734,U033,F016,2026-01-11T12:09:00,Mexican,Mutton,Savory,Low,Rice,Dinner,1.0,1.0,1.0,0.0,0.0,1.0,0.6666666666666666,4.0,2.0,3.0,4.0,15.0,0.5881944444444445,12,6,1
I01338,U033,F075,2026-01-11T16:03:00,Italian,Mutton,Creamy,Medium,Curry,Dinner,1.0,1.0,1.0,1.0,0.0,1.0,0.8333333333333334,4.0,2.0,4.0,4.0,16.0,0.1625,16,6,0
I03462,U033,F045,2026-01-12T01:40:00,Pakistani,Beef,Spicy,Medium,Pasta,Snack,1.0,0.0,1.0,1.0,0.0,0.0,0.5,4.0,3.0,4.0,4.0,17.0,0.40069444444444446,1,0,0
I00533,U033,F021,2026-01-12T11:55:00,Chinese,Beef,Creamy,Medium,Rice,Breakfast,0.0,0.0,1.0,1.0,0.0,0.0,0.3333333333333333,4.0,3.0,4.0,5.0,18.0,0.4270833333333333,11,0,0
I03600,U033,F004,2026-01-13T06:38:00,Chinese,Vegetarian,Creamy,Low,Curry,Lunch,0.0,0.0,1.0,0.0,0.0,0.0,0.16666666666666666,4.0,3.0,4.0,6.0,19.0,0.7798611111111111,6,1,0
I03709,U033,F007,2026-01-14T12:09:00,Chinese,Mutton,Savory,Low,Pasta,Breakfast,0.0,1.0,1.0,0.0,0.0,0.0,0.3333333333333333,4.0,3.0,4.0,7.0,20.0,1.229861111111111,12,2,1
I03024,U033,F017,2026-01-16T02:49:00,Indian,Mutton,Savory,Low,Curry,Dinner,0.0,1.0,1.0,0.0,0.0,1.0,0.5,4.0,3.0,5.0,7.0,21.0,1.6111111111111112,2,4,1
I04306,U033,F100,2026-01-17T06:59:00,Mexican,Beef,Spicy,Low,Pasta,Snack,1.0,0.0,1.0,0.0,0.0,0.0,0.3333333333333333,4.0,3.0,6.0,7.0,22.0,1.1736111111111112,6,5,0
I00596,U033,F097,2026-01-17T20:35:00,Thai,Fish,Spicy,Medium,Pasta,Breakfast,0.0,0.0,1.0,1.0,0.0,0.0,0.3333333333333333,4.0,4.0,6.0,7.0,23.0,0.5666666666666667,20,5,1
I03879,U033,F073,2026-01-19T04:17:00,Chinese,Fish,Sweet,Medium,Noodles,Lunch,0.0,0.0,0.0,1.0,1.0,0.0,0.3333333333333333,4.0,4.0,7.0,7.0,24.0,1.3208333333333333,4,0,0
I02837,U033,F083,2026-01-21T02:54:00,Indian,Fish,Spicy,High,Curry,Dinner,0.0,0.0,1.0,1.0,0.0,1.0,0.5,4.0,5.0,7.0,7.0,25.0,1.9423611111111112,2,2,1
I03660,U033,F051,2026-01-22T04:02:00,Chinese,Chicken,Creamy,Low,Noodles,Snack,0.0,1.0,1.0,0.0,1.0,0.0,0.5,5.0,5.0,7.0,7.0,27.0,0.34097222222222223,4,3,0
I01419,U033,F011,2026-01-22T06:44:00,Pakistani,Beef,Sweet,Low,Noodles,Breakfast,1.0,0.0,0.0,0.0,1.0,0.0,0.3333333333333333,5.0,6.0,7.0,7.0,28.0,0.1125,6,3,0
I03148,U033,F048,2026-01-23T02:06:00,Chinese,Beef,Sweet,Low,Rice,Breakfast,0.0,0.0,0.0,0.0,0.0,0.0,0.0,5.0,6.0,7.0,8.0,29.0,0.8069444444444445,2,4,0
I02507,U033,F004,2026-01-24T11:23:00,Chinese,Vegetarian,Creamy,Low,Curry,Lunch,0.0,0.0,1.0,0.0,0.0,0.0,0.16666666666666666,5.0,7.0,7.0,8.0,30.0,1.3868055555555556,11,5,0
I04157,U033,F060,2026-01-24T12:42:00,Mexican,Chicken,Spicy,Medium,Rice,Breakfast,1.0,1.0,1.0,1.0,0.0,0.0,0.6666666666666666,5.0,8.0,7.0,8.0,31.0,0.05486111111111111,12,5,0
I00775,U033,F078,2026-01-24T13:13:00,Indian,Vegetarian,Creamy,Low,Pasta,Lunch,0.0,0.0,1.0,0.0,0.0,0.0,0.16666666666666666,5.0,8.0,7.0,9.0,32.0,0.021527777777777778,13,5,0
I04506,U033,F086,2026-01-24T21:54:00,Indian,Fish,Spicy,High,Pasta,Lunch,0.0,0.0,1.0,1.0,0.0,0.0,0.3333333333333333,5.0,8.0,7.0,10.0,33.0,0.36180555555555555,21,5,1
I04903,U033,F021,2026-01-25T00:41:00,Chinese,Beef,Creamy,Medium,Rice,Breakfast,0.0,0.0,1.0,1.0,0.0,0.0,0.3333333333333333,5.0,8.0,8.0,10.0,34.0,0.11597222222222223,0,6,1
I04966,U033,F096,2026-01-26T10:14:00,Mexican,Fish,Sour,Medium,Noodles,Dinner,1.0,0.0,0.0,1.0,1.0,1.0,0.6666666666666666,6.0,8.0,8.0,10.0,35.0,1.3979166666666667,10,0,1
I04249,U033,F047,2026-01-26T23:14:00,Indian,Mutton,Sour,Medium,Pasta,Snack,0.0,1.0,0.0,1.0,0.0,0.0,0.3333333333333333,7.0,8.0,8.0,10.0,36.0,0.5416666666666666,23,0,1
I01730,U033,F052,2026-01-26T23:27:00,Pakistani,Vegetarian,Spicy,High,Curry,Breakfast,1.0,0.0,1.0,1.0,0.0,0.0,0.5,8.0,8.0,8.0,10.0,37.0,0.009027777777777777,23,0,0
I01588,U033,F091,2026-01-29T10:06:00,Indian,Beef,Spicy,High,Rice,Breakfast,0.0,0.0,1.0,1.0,0.0,0.0,0.3333333333333333,8.0,9.0,8.0,10.0,39.0,0.6027777777777777,10,3,0
I00492,U033,F029,2026-01-31T02:41:00,Indian,Chicken,Savory,Medium,Bread,Lunch,0.0,1.0,1.0,1.0,0.0,0.0,0.5,8.0,10.0,8.0,10.0,40.0,1.6909722222222223,2,5,0
I02542,U033,F014,2026-01-31T13:51:00,Thai,Beef,Creamy,High,Noodles,Lunch,0.0,0.0,1.0,1.0,1.0,0.0,0.5,8.0,11.0,8.0,10.0,41.0,0.4652777777777778,13,5,1
I04523,U033,F096,2026-02-03T05:19:00,Mexican,Fish,Sour,Medium,Noodles,Dinner,1.0,0.0,0.0,1.0,1.0,1.0,0.6666666666666666,8.0,11.0,8.0,10.0,43.0,2.390277777777778,5,1,0
I03288,U033,F076,2026-02-03T12:30:00,Pakistani,Chicken,Sweet,Low,Curry,Dinner,1.0,1.0,0.0,0.0,0.0,1.0,0.5,8.0,12.0,8.0,10.0,44.0,0.29930555555555555,12,1,1
I03763,U033,F014,2026-02-04T15:28:00,Thai,Beef,Creamy,High,Noodles,Lunch,0.0,0.0,1.0,1.0,1.0,0.0,0.5,9.0,12.0,8.0,10.0,45.0,1.1236111111111111,15,2,1
I01884,U033,F014,2026-02-05T02:40:00,Thai,Beef,Creamy,High,Noodles,Lunch,0.0,0.0,1.0,1.0,1.0,0.0,0.5,10.0,12.0,8.0,10.0,46.0,0.4666666666666667,2,3,1
I03889,U033,F023,2026-02-05T20:01:00,Indian,Fish,Creamy,Medium,Curry,Dinner,0.0,0.0,1.0,1.0,0.0,1.0,0.5,10.0,12.0,8.0,10.0,47.0,0.7229166666666667,20,3,0
I01703,U033,F037,2026-02-09T14:09:00,Italian,Chicken,Creamy,Low,Bread,Snack,1.0,1.0,1.0,0.0,0.0,0.0,0.5,10.0,12.0,8.0,11.0,48.0,3.7555555555555555,14,0,1
I02375,U033,F099,2026-02-10T01:29:00,Thai,Chicken,Spicy,Low,Noodles,Snack,0.0,1.0,1.0,0.0,1.0,0.0,0.5,10.0,12.0,9.0,11.0,49.0,0.4722222222222222,1,1,0
I01049,U033,F030,2026-02-10T04:13:00,Pakistani,Beef,Creamy,Low,Rice,Snack,1.0,0.0,1.0,0.0,0.0,0.0,0.3333333333333333,10.0,12.0,9.0,12.0,50.0,0.11388888888888889,4,1,0
I00363,U033,F042,2026-02-10T20:22:00,Pakistani,Beef,Spicy,Low,Curry,Snack,1.0,0.0,1.0,0.0,0.0,0.0,0.3333333333333333,10.0,12.0,9.0,13.0,52.0,0.23194444444444445,20,1,0
I03585,U033,F067,2026-02-12T00:24:00,Thai,Vegetarian,Spicy,Medium,Noodles,Breakfast,0.0,0.0,1.0,1.0,1.0,0.0,0.5,10.0,13.0,9.0,13.0,53.0,1.1680555555555556,0,3,1
I02443,U033,F082,2026-02-14T08:13:00,Italian,Fish,Sweet,High,Noodles,Lunch,1.0,0.0,0.0,1.0,1.0,0.0,0.5,10.0,13.0,10.0,13.0,54.0,2.3256944444444443,8,5,1
I01542,U033,F046,2026-02-18T05:49:00,Chinese,Fish,Savory,Low,Pasta,Breakfast,0.0,0.0,1.0,0.0,0.0,0.0,0.16666666666666666,11.0,13.0,10.0,13.0,55.0,3.9,5,2,0
I01529,U033,F092,2026-02-18T19:22:00,Indian,Beef,Spicy,High,Curry,Snack,0.0,0.0,1.0,1.0,0.0,0.0,0.3333333333333333,11.0,13.0,10.0,14.0,56.0,0.5645833333333333,19,2,1
I03243,U033,F085,2026-02-19T21:14:00,Indian,Vegetarian,Creamy,High,Bread,Snack,0.0,0.0,1.0,1.0,0.0,0.0,0.3333333333333333,12.0,13.0,10.0,14.0,58.0,0.08541666666666667,21,3,1
I03066,U033,F046,2026-02-20T02:04:00,Chinese,Fish,Savory,Low,Pasta,Breakfast,0.0,0.0,1.0,0.0,0.0,0.0,0.16666666666666666,12.0,13.0,11.0,14.0,59.0,0.2013888888888889,2,4,1
I04290,U033,F085,2026-02-21T08:57:00,Indian,Vegetarian,Creamy,High,Bread,Snack,0.0,0.0,1.0,1.0,0.0,0.0,0.3333333333333333,12.0,13.0,12.0,14.0,61.0,0.18055555555555555,8,5,0
I00569,U033,F081,2026-02-21T20:08:00,Mexican,Chicken,Sweet,High,Bread,Snack,1.0,1.0,0.0,1.0,0.0,0.0,0.5,12.0,13.0,12.0,15.0,62.0,0.46597222222222223,20,5,1
I00281,U033,F087,2026-02-22T02:01:00,Mexican,Chicken,Sweet,High,Curry,Dinner,1.0,1.0,0.0,1.0,0.0,1.0,0.6666666666666666,12.0,13.0,13.0,15.0,63.0,0.24513888888888888,2,6,0
I00313,U033,F037,2026-02-23T14:27:00,Italian,Chicken,Creamy,Low,Bread,Snack,1.0,1.0,1.0,0.0,0.0,0.0,0.5,12.0,14.0,13.0,15.0,64.0,1.5180555555555555,14,0,0
I00217,U033,F096,2026-02-25T07:55:00,Mexican,Fish,Sour,Medium,Noodles,Dinner,1.0,0.0,0.0,1.0,1.0,1.0,0.6666666666666666,12.0,14.0,13.0,16.0,65.0,1.7277777777777779,7,2,0
I03020,U033,F054,2026-02-26T09:32:00,Italian,Beef,Sweet,Low,Bread,Snack,1.0,0.0,0.0,0.0,0.0,0.0,0.16666666666666666,12.0,15.0,13.0,16.0,66.0,1.0673611111111112,9,3,0
I04143,U033,F097,2026-02-26T12:32:00,Thai,Fish,Spicy,Medium,Pasta,Breakfast,0.0,0.0,1.0,1.0,0.0,0.0,0.3333333333333333,12.0,15.0,13.0,17.0,67.0,0.125,12,3,1
I00019,U033,F083,2026-02-26T14:59:00,Indian,Fish,Spicy,High,Curry,Dinner,0.0,0.0,1.0,1.0,0.0,1.0,0.5,12.0,15.0,14.0,17.0,68.0,0.10208333333333333,14,3,1
I03907,U034,F087,2026-01-01T16:05:00,Mexican,Chicken,Sweet,High,Curry,Dinner,0.0,0.0,1.0,0.0,0.0,1.0,0.3333333333333333,0.0,0.0,0.0,0.0,0.0,-1.0,16,3,0
I02203,U034,F008,2026-01-03T19:18:00,Italian,Mutton,Creamy,Medium,Rice,Snack,1.0,1.0,0.0,0.0,0.0,0.0,0.3333333333333333,0.0,0.0,0.0,1.0,3.0,0.2604166666666667,19,5,0
I04655,U034,F038,2026-01-04T06:56:00,Chinese,Vegetarian,Spicy,High,Curry,Snack,1.0,0.0,1.0,0.0,0.0,0.0,0.3333333333333333,0.0,0.0,0.0,2.0,4.0,0.4847222222222222,6,6,0
I02629,U034,F077,2026-01-05T13:01:00,Pakistani,Chicken,Creamy,Medium,Bread,Dinner,0.0,0.0,0.0,0.0,0.0,1.0,0.16666666666666666,0.0,1.0,0.0,2.0,5.0,1.2534722222222223,13,0,0
I04922,U034,F043,2026-01-06T10:35:00,Chinese,Fish,Spicy,Medium,Pasta,Lunch,1.0,1.0,1.0,0.0,1.0,1.0,0.8333333333333334,0.0,2.0,0.0,2.0,6.0,0.8986111111111111,10,1,1
I01680,U034,F028,2026-01-07T03:09:00,Italian,Beef,Creamy,High,Rice,Dinner,1.0,0.0,0.0,0.0,0.0,1.0,0.3333333333333333,1.0,2.0,0.0,2.0,7.0,0.6902777777777778,3,2,0
I04444,U034,F060,2026-01-09T04:34:00,Mexican,Chicken,Spicy,Medium,Rice,Breakfast,0.0,0.0,1.0,0.0,0.0,1.0,0.3333333333333333,1.0,3.0,0.0,2.0,8.0,2.0590277777777777,4,4,0
I02198,U034,F038,2026-01-09T23:52:00,Chinese,Vegetarian,Spicy,High,Curry,Snack,1.0,0.0,1.0,0.0,0.0,0.0,0.3333333333333333,1.0,4.0,0.0,2.0,10.0,0.01597222222222222,23,4,0
I01013,U034,F043,2026-01-12T00:13:00,Chinese,Fish,Spicy,Medium,Pasta,Lunch,1.0,1.0,1.0,0.0,1.0,1.0,0.8333333333333334,1.0,5.0,0.0,2.0,11.0,2.0145833333333334,0,0,1
I01787,U034,F065,2026-01-13T03:24:00,Mexican,Fish,Creamy,High,Pasta,Breakfast,0.0,1.0,0.0,0.0,1.0,1.0,0.5,1.0,5.0,0.0,2.0,12.0,1.132638888888889,3,1,1
I00365,U034,F046,2026-01-13T08:27:00,Chinese,Fish,Savory,Low,Pasta,Breakfast,1.0,1.0,1.0,1.0,1.0,1.0,1.0,2.0,5.0,0.0,2.0,13.0,0.21041666666666667,8,1,1
I02753,U034,F078,2026-01-15T03:14:00,Indian,Vegetarian,Creamy,Low,Pasta,Lunch,0.0,0.0,0.0,1.0,1.0,1.0,0.5,2.0,5.0,0.0,2.0,14.0,1.7826388888888889,3,3,0
I02066,U034,F026,2026-01-18T04:26:00,Indian,Chicken,Sweet,High,Noodles,Breakfast,0.0,0.0,1.0,0.0,0.0,1.0,0.3333333333333333,2.0,6.0,0.0,2.0,18.0,0.3402777777777778,4,6,0
I00890,U034,F005,2026-01-19T20:19:00,Mexican,Vegetarian,Sour,Low,Pasta,Dinner,0.0,0.0,0.0,1.0,1.0,1.0,0.5,2.0,6.0,0.0,3.0,20.0,1.2215277777777778,20,0,1
I02854,U034,F083,2026-01-20T22:58:00,Indian,Fish,Spicy,High,Curry,Dinner,0.0,1.0,1.0,0.0,0.0,1.0,0.5,3.0,6.0,0.0,3.0,21.0,1.1104166666666666,22,1,1
I01444,U034,F054,2026-01-22T06:01:00,Italian,Beef,Sweet,Low,Bread,Snack,1.0,0.0,1.0,1.0,0.0,0.0,0.5,4.0,6.0,0.0,3.0,22.0,1.29375,6,3,0
I00321,U034,F067,2026-01-22T12:41:00,Thai,Vegetarian,Spicy,Medium,Noodles,Breakfast,1.0,0.0,1.0,0.0,0.0,1.0,0.5,4.0,6.0,0.0,4.0,23.0,0.2777777777777778,12,3,0
I00501,U034,F048,2026-01-22T16:48:00,Chinese,Beef,Sweet,Low,Rice,Breakfast,1.0,0.0,1.0,1.0,0.0,1.0,0.6666666666666666,4.0,6.0,0.0,5.0,24.0,0.17152777777777778,16,3,0
I03906,U034,F022,2026-01-22T19:03:00,Pakistani,Beef,Spicy,High,Pasta,Breakfast,0.0,0.0,1.0,0.0,1.0,1.0,0.5,4.0,7.0,0.0,5.0,25.0,0.09375,19,3,0
I04252,U034,F057,2026-01-23T08:43:00,Thai,Mutton,Spicy,Medium,Rice,Lunch,1.0,1.0,1.0,0.0,0.0,1.0,0.6666666666666666,4.0,8.0,0.0,5.0,26.0,0.5694444444444444,8,4,1
I03041,U034,F091,2026-01-24T11:56:00,Indian,Beef,Spicy,High,Rice,Breakfast,0.0,0.0,1.0,0.0,0.0,1.0,0.3333333333333333,5.0,8.0,0.0,5.0,27.0,1.1340277777777779,11,5,1
I02765,U034,F035,2026-01-25T16:48:00,Italian,Chicken,Creamy,High,Noodles,Lunch,1.0,0.0,0.0,0.0,0.0,1.0,0.3333333333333333,5.0,8.0,1.0,5.0,28.0,1.2027777777777777,16,6,0
I01005,U034,F029,2026-01-26T00:46:00,Indian,Chicken,Savory,Medium,Bread,Lunch,0.0,0.0,1.0,0.0,0.0,1.0,0.3333333333333333,5.0,8.0,1.0,6.0,29.0,0.33194444444444443,0,0,0
I03619,U034,F013,2026-01-26T03:47:00,Italian,Mutton,Spicy,High,Bread,Breakfast,1.0,1.0,1.0,0.0,0.0,1.0,0.6666666666666666,5.0,8.0,1.0,7.0,30.0,0.12569444444444444,3,0,0
I03039,U034,F032,2026-01-27T18:52:00,Italian,Vegetarian,Creamy,Medium,Noodles,Lunch,1.0,0.0,0.0,0.0,0.0,1.0,0.3333333333333333,5.0,8.0,1.0,8.0,31.0,1.6284722222222223,18,1,0
I04918,U034,F022,2026-01-27T21:56:00,Pakistani,Beef,Spicy,High,Pasta,Breakfast,0.0,0.0,1.0,0.0,1.0,1.0,0.5,5.0,8.0,1.0,9.0,32.0,0.12777777777777777,21,1,0
I04469,U034,F049,2026-01-28T05:24:00,Mexican,Mutton,Savory,Low,Curry,Snack,0.0,1.0,1.0,1.0,0.0,0.0,0.5,5.0,9.0,1.0,9.0,33.0,0.3111111111111111,5,2,0
I02721,U034,F030,2026-01-31T13:33:00,Pakistani,Beef,Creamy,Low,Rice,Snack,0.0,0.0,0.0,1.0,0.0,0.0,0.16666666666666666,5.0,10.0,1.0,9.0,35.0,3.328472222222222,13,5,1
I01319,U034,F076,2026-01-31T17:18:00,Pakistani,Chicken,Sweet,Low,Curry,Dinner,0.0,0.0,1.0,1.0,0.0,1.0,0.5,5.0,10.0,1.0,9.0,36.0,0.15625,17,5,0
I02929,U034,F041,2026-02-02T06:33:00,Mexican,Chicken,Savory,Low,Pasta,Dinner,0.0,0.0,1.0,1.0,1.0,1.0,0.6666666666666666,5.0,11.0,1.0,9.0,37.0,1.5520833333333333,6,0,1
I00205,U034,F020,2026-02-02T12:05:00,Mexican,Vegetarian,Sour,High,Pasta,Dinner,0.0,0.0,0.0,0.0,1.0,1.0,0.3333333333333333,5.0,11.0,1.0,9.0,39.0,0.10347222222222222,12,0,1
I00075,U034,F050,2026-02-03T15:13:00,Thai,Vegetarian,Spicy,Low,Curry,Breakfast,1.0,0.0,1.0,1.0,0.0,1.0,0.6666666666666666,5.0,11.0,2.0,9.0,40.0,1.1305555555555555,15,1,0
I04637,U034,F018,2026-02-05T22:46:00,Chinese,Fish,Sour,High,Pasta,Lunch,1.0,1.0,0.0,0.0,1.0,1.0,0.6666666666666666,5.0,12.0,2.0,9.0,41.0,2.314583333333333,22,3,1
I02781,U034,F038,2026-02-06T04:48:00,Chinese,Vegetarian,Spicy,High,Curry,Snack,1.0,0.0,1.0,0.0,0.0,0.0,0.3333333333333333,6.0,12.0,2.0,9.0,42.0,0.2513888888888889,4,4,1
I00020,U034,F067,2026-02-06T13:13:00,Thai,Vegetarian,Spicy,Medium,Noodles,Breakfast,1.0,0.0,1.0,0.0,0.0,1.0,0.5,7.0,12.0,2.0,9.0,43.0,0.3506944444444444,13,4,0
I00179,U034,F041,2026-02-08T12:50:00,Mexican,Chicken,Savory,Low,Pasta,Dinner,0.0,0.0,1.0,1.0,1.0,1.0,0.6666666666666666,7.0,13.0,2.0,9.0,44.0,1.9840277777777777,12,6,0
I04257,U034,F082,2026-02-08T13:48:00,Italian,Fish,Sweet,High,Noodles,Lunch,1.0,1.0,1.0,0.0,0.0,1.0,0.6666666666666666,7.0,13.0,2.0,10.0,45.0,0.04027777777777778,13,6,1
I02751,U034,F047,2026-02-08T13:53:00,Indian,Mutton,Sour,Medium,Pasta,Snack,0.0,1.0,0.0,0.0,1.0,0.0,0.3333333333333333,8.0,13.0,2.0,10.0,46.0,0.003472222222222222,13,6,1
I01801,U034,F038,2026-02-08T16:37:00,Chinese,Vegetarian,Spicy,High,Curry,Snack,1.0,0.0,1.0,0.0,0.0,0.0,0.3333333333333333,9.0,13.0,2.0,10.0,47.0,0.11388888888888889,16,6,0
I02856,U034,F074,2026-02-09T13:54:00,Pakistani,Beef,Sour,Medium,Bread,Breakfast,0.0,0.0,0.0,0.0,0.0,1.0,0.16666666666666666,9.0,13.0,2.0,11.0,48.0,0.8868055555555555,13,0,0
I03099,U034,F084,2026-02-10T08:54:00,Indian,Vegetarian,Savory,Medium,Bread,Lunch,0.0,0.0,1.0,0.0,0.0,1.0,0.3333333333333333,9.0,13.0,2.0,12.0,49.0,0.7916666666666666,8,1,0
I00666,U034,F022,2026-02-11T16:15:00,Pakistani,Beef,Spicy,High,Pasta,Breakfast,0.0,0.0,1.0,0.0,1.0,1.0,0.5,9.0,14.0,2.0,12.0,50.0,1.30625,16,2,1
I04031,U034,F025,2026-02-11T23:52:00,Mexican,Mutton,Savory,Medium,Pasta,Lunch,0.0,1.0,1.0,0.0,1.0,1.0,0.6666666666666666,9.0,14.0,3.0,12.0,51.0,0.3173611111111111,23,2,0
I02006,U034,F078,2026-02-12T04:37:00,Indian,Vegetarian,Creamy,Low,Pasta,Lunch,0.0,0.0,0.0,1.0,1.0,1.0,0.5,9.0,14.0,3.0,13.0,52.0,0.19791666666666666,4,3,1
I03607,U034,F042,2026-02-19T10:33:00,Pakistani,Beef,Spicy,Low,Curry,Snack,0.0,0.0,1.0,1.0,0.0,0.0,0.3333333333333333,9.0,14.0,4.0,13.0,54.0,4.522222222222222,10,3,1
I01239,U034,F052,2026-02-20T09:00:00,Pakistani,Vegetarian,Spicy,High,Curry,Breakfast,0.0,0.0,1.0,0.0,0.0,1.0,0.3333333333333333,9.0,14.0,5.0,13.0,55.0,0.9354166666666667,9,4,0
I02646,U034,F046,2026-02-21T08:34:00,Chinese,Fish,Savory,Low,Pasta,Breakfast,1.0,1.0,1.0,1.0,1.0,1.0,1.0,9.0,14.0,5.0,14.0,56.0,0.9819444444444444,8,5,1
I03637,U034,F062,2026-02-21T16:27:00,Mexican,Mutton,Spicy,High,Bread,Snack,0.0,1.0,1.0,0.0,0.0,0.0,0.3333333333333333,9.0,14.0,6.0,14.0,57.0,0.3284722222222222,16,5,1
I04998,U034,F083,2026-02-22T19:05:00,Indian,Fish,Spicy,High,Curry,Dinner,0.0,1.0,1.0,0.0,0.0,1.0,0.5,9.0,14.0,6.0,14.0,58.0,1.1097222222222223,19,6,1
I04628,U034,F093,2026-02-23T07:31:00,Pakistani,Vegetarian,Spicy,Low,Pasta,Lunch,0.0,0.0,1.0,1.0,1.0,1.0,0.6666666666666666,10.0,14.0,6.0,14.0,59.0,0.5180555555555556,7,0,1
I03515,U034,F021,2026-02-24T10:13:00,Chinese,Beef,Creamy,Medium,Rice,Breakfast,1.0,0.0,0.0,0.0,0.0,1.0,0.3333333333333333,10.0,14.0,7.0,14.0,60.0,1.1125,10,1,0
I00487,U034,F067,2026-02-25T22:35:00,Thai,Vegetarian,Spicy,Medium,Noodles,Breakfast,1.0,0.0,1.0,0.0,0.0,1.0,0.5,10.0,14.0,7.0,15.0,62.0,0.5298611111111111,22,2,0
I03726,U034,F070,2026-02-27T02:47:00,Chinese,Beef,Spicy,Medium,Rice,Lunch,1.0,0.0,1.0,0.0,0.0,1.0,0.5,10.0,14.0,7.0,16.0,63.0,1.175,2,4,1
I04750,U034,F009,2026-02-28T23:48:00,Thai,Chicken,Sour,Low,Curry,Dinner,1.0,0.0,0.0,1.0,0.0,1.0,0.5,10.0,14.0,8.0,16.0,65.0,0.8527777777777777,23,5,1
I01357,U034,F076,2026-03-01T11:37:00,Pakistani,Chicken,Sweet,Low,Curry,Dinner,0.0,0.0,1.0,1.0,0.0,1.0,0.5,10.0,14.0,8.0,16.0,66.0,0.49236111111111114,11,6,0
I01171,U034,F081,2026-03-01T14:55:00,Mexican,Chicken,Sweet,High,Bread,Snack,0.0,0.0,1.0,0.0,0.0,0.0,0.16666666666666666,10.0,14.0,8.0,17.0,67.0,0.1375,14,6,0
I02880,U034,F002,2026-03-02T21:44:00,Chinese,Beef,Savory,High,Curry,Breakfast,1.0,0.0,1.0,0.0,0.0,1.0,0.5,10.0,15.0,8.0,17.0,68.0,1.2840277777777778,21,0,1
I03621,U027,F003,2026-01-01T02:07:00,Thai,Fish,Savory,Low,Rice,Lunch,0.0,1.0,1.0,0.0,1.0,1.0,0.6666666666666666,0.0,0.0,0.0,0.0,0.0,-1.0,2,3,0
I01459,U027,F085,2026-01-03T21:37:00,Indian,Vegetarian,Creamy,High,Bread,Snack,0.0,0.0,1.0,1.0,1.0,1.0,0.6666666666666666,0.0,0.0,0.0,1.0,3.0,1.1020833333333333,21,5,1
I02709,U027,F012,2026-01-06T04:47:00,Indian,Mutton,Sour,High,Bread,Lunch,0.0,0.0,0.0,1.0,1.0,1.0,0.5,0.0,0.0,0.0,1.0,5.0,0.7423611111111111,4,1,1
I04121,U027,F081,2026-01-07T06:56:00,Mexican,Chicken,Sweet,High,Bread,Snack,1.0,0.0,0.0,1.0,1.0,1.0,0.6666666666666666,0.0,0.0,0.0,1.0,6.0,1.0895833333333333,6,2,1
I03819,U027,F017,2026-01-08T00:19:00,Indian,Mutton,Savory,Low,Curry,Dinner,0.0,0.0,1.0,0.0,0.0,1.0,0.3333333333333333,1.0,0.0,0.0,1.0,7.0,0.7243055555555555,0,3,1
I02816,U027,F014,2026-01-10T05:14:00,Thai,Beef,Creamy,High,Noodles,Lunch,0.0,0.0,1.0,1.0,0.0,1.0,0.5,2.0,0.0,0.0,1.0,8.0,2.204861111111111,5,5,1
I03575,U027,F096,2026-01-10T15:30:00,Mexican,Fish,Sour,Medium,Noodles,Dinner,1.0,1.0,0.0,1.0,0.0,1.0,0.6666666666666666,3.0,0.0,0.0,1.0,9.0,0.42777777777777776,15,5,1
I04091,U027,F061,2026-01-11T20:58:00,Mexican,Vegetarian,Spicy,Medium,Bread,Lunch,1.0,0.0,1.0,1.0,1.0,1.0,0.8333333333333334,3.0,0.0,1.0,1.0,10.0,1.2277777777777779,20,6,0
I01155,U027,F010,2026-01-13T11:13:00,Mexican,Vegetarian,Sweet,High,Noodles,Breakfast,1.0,0.0,0.0,1.0,0.0,0.0,0.3333333333333333,3.0,0.0,1.0,2.0,11.0,1.59375,11,1,1
I03077,U027,F060,2026-01-15T20:40:00,Mexican,Chicken,Spicy,Medium,Rice,Breakfast,1.0,0.0,1.0,1.0,1.0,0.0,0.6666666666666666,3.0,0.0,2.0,2.0,12.0,2.39375,20,3,0
I03631,U027,F096,2026-01-15T21:32:00,Mexican,Fish,Sour,Medium,Noodles,Dinner,1.0,1.0,0.0,1.0,0.0,1.0,0.6666666666666666,3.0,1.0,2.0,2.0,13.0,0.03611111111111111,21,3,1
I03760,U027,F034,2026-01-16T01:16:00,Thai,Fish,Savory,Low,Noodles,Breakfast,0.0,1.0,1.0,0.0,0.0,0.0,0.3333333333333333,4.0,1.0,2.0,2.0,14.0,0.15555555555555556,1,4,1
I02106,U027,F027,2026-01-17T09:22:00,Mexican,Mutton,Creamy,High,Noodles,Lunch,1.0,0.0,1.0,1.0,0.0,1.0,0.6666666666666666,5.0,1.0,2.0,2.0,16.0,0.44027777777777777,9,5,1
I01631,U027,F032,2026-01-18T04:00:00,Italian,Vegetarian,Creamy,Medium,Noodles,Lunch,0.0,0.0,1.0,1.0,0.0,1.0,0.5,6.0,1.0,2.0,2.0,19.0,0.3840277777777778,4,6,1
I03779,U027,F003,2026-01-18T11:54:00,Thai,Fish,Savory,Low,Rice,Lunch,0.0,1.0,1.0,0.0,1.0,1.0,0.6666666666666666,7.0,1.0,2.0,2.0,20.0,0.32916666666666666,11,6,1
I00096,U027,F062,2026-01-19T10:40:00,Mexican,Mutton,Spicy,High,Bread,Snack,1.0,0.0,1.0,1.0,1.0,1.0,0.8333333333333334,8.0,1.0,2.0,2.0,22.0,0.04652777777777778,10,0,1
I01653,U027,F095,2026-01-20T00:48:00,Thai,Vegetarian,Sour,High,Pasta,Lunch,0.0,0.0,0.0,1.0,1.0,1.0,0.5,9.0,1.0,2.0,2.0,24.0,0.5840277777777778,0,1,0
I02461,U027,F063,2026-01-21T11:33:00,Italian,Chicken,Savory,High,Pasta,Dinner,0.0,0.0,1.0,1.0,1.0,1.0,0.6666666666666666,9.0,1.0,2.0,3.0,25.0,1.4479166666666667,11,2,1
I01682,U027,F062,2026-01-21T23:46:00,Mexican,Mutton,Spicy,High,Bread,Snack,1.0,0.0,1.0,1.0,1.0,1.0,0.8333333333333334,10.0,1.0,2.0,3.0,26.0,0.5090277777777777,23,2,1
I02817,U027,F014,2026-01-22T09:05:00,Thai,Beef,Creamy,High,Noodles,Lunch,0.0,0.0,1.0,1.0,0.0,1.0,0.5,10.0,1.0,3.0,3.0,27.0,0.38819444444444445,9,3,1
I02792,U027,F073,2026-01-24T03:42:00,Chinese,Fish,Sweet,Medium,Noodles,Lunch,0.0,1.0,0.0,1.0,0.0,1.0,0.5,10.0,1.0,4.0,3.0,29.0,1.54375,3,5,1
I00591,U027,F077,2026-01-24T21:16:00,Pakistani,Chicken,Creamy,Medium,Bread,Dinner,0.0,0.0,1.0,1.0,1.0,1.0,0.6666666666666666,10.0,1.0,5.0,3.0,30.0,0.7319444444444444,21,5,1
I04039,U027,F025,2026-01-24T22:03:00,Mexican,Mutton,Savory,Medium,Pasta,Lunch,1.0,0.0,1.0,1.0,1.0,1.0,0.8333333333333334,10.0,1.0,6.0,3.0,31.0,0.03263888888888889,22,5,1
I00448,U027,F007,2026-01-26T11:41:00,Chinese,Mutton,Savory,Low,Pasta,Breakfast,0.0,0.0,1.0,0.0,1.0,0.0,0.3333333333333333,11.0,1.0,6.0,3.0,32.0,1.5680555555555555,11,0,0
I04941,U027,F052,2026-01-27T07:21:00,Pakistani,Vegetarian,Spicy,High,Curry,Breakfast,0.0,0.0,1.0,1.0,0.0,0.0,0.3333333333333333,11.0,2.0,6.0,3.0,33.0,0.8194444444444444,7,1,0
I02144,U027,F085,2026-01-27T09:01:00,Indian,Vegetarian,Creamy,High,Bread,Snack,0.0,0.0,1.0,1.0,1.0,1.0,0.6666666666666666,11.0,3.0,6.0,3.0,34.0,0.06944444444444445,9,1,1
I03812,U027,F083,2026-01-29T04:27:00,Indian,Fish,Spicy,High,Curry,Dinner,0.0,1.0,1.0,1.0,0.0,1.0,0.6666666666666666,11.0,3.0,6.0,3.0,35.0,1.8097222222222222,4,3,1
I03182,U027,F067,2026-01-29T11:08:00,Thai,Vegetarian,Spicy,Medium,Noodles,Breakfast,0.0,0.0,1.0,1.0,0.0,0.0,0.3333333333333333,12.0,3.0,6.0,3.0,36.0,0.27847222222222223,11,3,0
I02465,U027,F032,2026-01-30T10:40:00,Italian,Vegetarian,Creamy,Medium,Noodles,Lunch,0.0,0.0,1.0,1.0,0.0,1.0,0.5,12.0,4.0,6.0,3.0,37.0,0.9805555555555555,10,4,1
I02718,U027,F060,2026-01-30T10:45:00,Mexican,Chicken,Spicy,Medium,Rice,Breakfast,1.0,0.0,1.0,1.0,1.0,0.0,0.6666666666666666,13.0,4.0,6.0,3.0,38.0,0.003472222222222222,10,4,0
I04326,U027,F069,2026-01-30T10:51:00,Mexican,Chicken,Sweet,High,Pasta,Lunch,1.0,0.0,0.0,1.0,1.0,1.0,0.6666666666666666,13.0,4.0,6.0,4.0,39.0,0.004166666666666667,10,4,0
I04648,U027,F092,2026-01-30T10:54:00,Indian,Beef,Spicy,High,Curry,Snack,0.0,0.0,1.0,1.0,0.0,1.0,0.5,13.0,5.0,6.0,4.0,40.0,0.0020833333333333333,10,4,1
I01413,U027,F083,2026-01-30T11:18:00,Indian,Fish,Spicy,High,Curry,Dinner,0.0,1.0,1.0,1.0,0.0,1.0,0.6666666666666666,13.0,5.0,7.0,4.0,41.0,0.016666666666666666,11,4,0
I03542,U027,F027,2026-01-30T22:38:00,Mexican,Mutton,Creamy,High,Noodles,Lunch,1.0,0.0,1.0,1.0,0.0,1.0,0.6666666666666666,13.0,5.0,7.0,5.0,42.0,0.4722222222222222,22,4,0
I02117,U027,F098,2026-01-31T12:48:00,Mexican,Mutton,Spicy,Medium,Bread,Dinner,1.0,0.0,1.0,1.0,1.0,1.0,0.8333333333333334,13.0,6.0,7.0,5.0,43.0,0.5902777777777778,12,5,1
I04946,U027,F087,2026-01-31T14:48:00,Mexican,Chicken,Sweet,High,Curry,Dinner,1.0,0.0,0.0,1.0,0.0,1.0,0.5,13.0,6.0,7.0,5.0,44.0,0.08333333333333333,14,5,0
I00182,U027,F072,2026-02-02T06:56:00,Chinese,Chicken,Sour,Low,Pasta,Lunch,0.0,0.0,0.0,0.0,1.0,1.0,0.3333333333333333,13.0,7.0,7.0,5.0,45.0,1.6722222222222223,6,0,0
I00230,U027,F039,2026-02-02T08:25:00,Chinese,Fish,Sour,Low,Rice,Breakfast,0.0,1.0,0.0,0.0,1.0,0.0,0.3333333333333333,13.0,8.0,7.0,5.0,46.0,0.06180555555555556,8,0,0
I01096,U027,F035,2026-02-02T23:26:00,Italian,Chicken,Creamy,High,Noodles,Lunch,0.0,0.0,1.0,1.0,0.0,1.0,0.5,13.0,9.0,7.0,5.0,47.0,0.6256944444444444,23,0,0
I03890,U027,F069,2026-02-03T00:37:00,Mexican,Chicken,Sweet,High,Pasta,Lunch,1.0,0.0,0.0,1.0,1.0,1.0,0.6666666666666666,13.0,9.0,7.0,6.0,48.0,0.049305555555555554,0,1,1
I01969,U027,F051,2026-02-03T01:51:00,Chinese,Chicken,Creamy,Low,Noodles,Snack,0.0,0.0,1.0,0.0,0.0,1.0,0.3333333333333333,14.0,9.0,7.0,6.0,49.0,0.05138888888888889,1,1,0
I02183,U027,F100,2026-02-03T16:06:00,Mexican,Beef,Spicy,Low,Pasta,Snack,1.0,0.0,1.0,0.0,1.0,1.0,0.6666666666666666,14.0,9.0,7.0,7.0,50.0,0.59375,16,1,0
I04552,U027,F053,2026-02-04T03:25:00,Thai,Chicken,Sour,High,Curry,Dinner,0.0,0.0,0.0,1.0,0.0,1.0,0.3333333333333333,14.0,10.0,7.0,7.0,51.0,0.47152777777777777,3,2,0
I04291,U027,F094,2026-02-04T10:45:00,Indian,Vegetarian,Creamy,High,Bread,Snack,0.0,0.0,1.0,1.0,1.0,1.0,0.6666666666666666,14.0,11.0,7.0,7.0,52.0,0.3055555555555556,10,2,1
I00678,U027,F025,2026-02-07T03:46:00,Mexican,Mutton,Savory,Medium,Pasta,Lunch,1.0,0.0,1.0,1.0,1.0,1.0,0.8333333333333334,14.0,11.0,8.0,7.0,54.0,2.3694444444444445,3,5,0
I00623,U027,F065,2026-02-07T11:36:00,Mexican,Fish,Creamy,High,Pasta,Breakfast,1.0,1.0,1.0,1.0,1.0,0.0,0.8333333333333334,14.0,12.0,8.0,7.0,55.0,0.3263888888888889,11,5,1
I02679,U027,F096,2026-02-08T02:46:00,Mexican,Fish,Sour,Medium,Noodles,Dinner,1.0,1.0,0.0,1.0,0.0,1.0,0.6666666666666666,15.0,12.0,8.0,7.0,57.0,0.43680555555555556,2,6,1
I04861,U027,F088,2026-02-08T21:20:00,Pakistani,Beef,Sweet,Low,Noodles,Lunch,0.0,0.0,0.0,0.0,0.0,1.0,0.16666666666666666,15.0,12.0,9.0,7.0,58.0,0.7736111111111111,21,6,0
I01745,U027,F016,2026-02-11T20:10:00,Mexican,Mutton,Savory,Low,Rice,Dinner,1.0,0.0,1.0,0.0,1.0,1.0,0.6666666666666666,15.0,12.0,9.0,8.0,59.0,2.951388888888889,20,2,1
I03518,U027,F085,2026-02-12T08:56:00,Indian,Vegetarian,Creamy,High,Bread,Snack,0.0,0.0,1.0,1.0,1.0,1.0,0.6666666666666666,16.0,12.0,9.0,8.0,60.0,0.5319444444444444,8,3,1
I00419,U027,F095,2026-02-17T01:55:00,Thai,Vegetarian,Sour,High,Pasta,Lunch,0.0,0.0,0.0,1.0,1.0,1.0,0.5,17.0,12.0,9.0,8.0,63.0,0.07152777777777777,1,1,1
I04481,U027,F039,2026-02-17T07:28:00,Chinese,Fish,Sour,Low,Rice,Breakfast,0.0,1.0,0.0,0.0,1.0,0.0,0.3333333333333333,17.0,12.0,10.0,8.0,64.0,0.23125,7,1,1
I00164,U027,F048,2026-02-18T12:49:00,Chinese,Beef,Sweet,Low,Rice,Breakfast,0.0,0.0,0.0,0.0,1.0,0.0,0.16666666666666666,17.0,12.0,11.0,8.0,65.0,1.2229166666666667,12,2,0
I00139,U027,F023,2026-02-20T16:54:00,Indian,Fish,Creamy,Medium,Curry,Dinner,0.0,1.0,1.0,1.0,0.0,1.0,0.6666666666666666,17.0,13.0,11.0,8.0,66.0,2.170138888888889,16,4,0
I03401,U027,F063,2026-02-21T19:01:00,Italian,Chicken,Savory,High,Pasta,Dinner,0.0,0.0,1.0,1.0,1.0,1.0,0.6666666666666666,17.0,14.0,11.0,8.0,68.0,0.6145833333333334,19,5,1
I04382,U027,F063,2026-02-22T17:42:00,Italian,Chicken,Savory,High,Pasta,Dinner,0.0,0.0,1.0,1.0,1.0,1.0,0.6666666666666666,18.0,14.0,11.0,8.0,70.0,0.8944444444444445,17,6,1
I04645,U027,F081,2026-02-22T19:44:00,Mexican,Chicken,Sweet,High,Bread,Snack,1.0,0.0,0.0,1.0,1.0,1.0,0.6666666666666666,18.0,14.0,12.0,8.0,71.0,0.08472222222222223,19,6,1
I04246,U027,F018,2026-02-27T00:21:00,Chinese,Fish,Sour,High,Pasta,Lunch,0.0,1.0,0.0,1.0,1.0,1.0,0.6666666666666666,19.0,14.0,12.0,8.0,72.0,4.192361111111111,0,4,1
I02964,U027,F004,2026-02-27T00:46:00,Chinese,Vegetarian,Creamy,Low,Curry,Lunch,0.0,0.0,1.0,0.0,0.0,1.0,0.3333333333333333,20.0,14.0,12.0,8.0,73.0,0.017361111111111112,0,4,1
I00827,U027,F012,2026-02-27T10:19:00,Indian,Mutton,Sour,High,Bread,Lunch,0.0,0.0,0.0,1.0,1.0,1.0,0.5,20.0,14.0,13.0,8.0,74.0,0.39791666666666664,10,4,1
I04070,U027,F072,2026-03-01T05:54:00,Chinese,Chicken,Sour,Low,Pasta,Lunch,0.0,0.0,0.0,0.0,1.0,1.0,0.3333333333333333,21.0,14.0,13.0,8.0,75.0,1.8159722222222223,5,6,0
I01199,U027,F087,2026-03-02T05:31:00,Mexican,Chicken,Sweet,High,Curry,Dinner,1.0,0.0,0.0,1.0,0.0,1.0,0.5,21.0,15.0,13.0,8.0,76.0,0.9840277777777777,5,0,0
I04921,U027,F016,2026-03-02T20:57:00,Mexican,Mutton,Savory,Low,Rice,Dinner,1.0,0.0,1.0,0.0,1.0,1.0,0.6666666666666666,21.0,16.0,13.0,8.0,77.0,0.6430555555555556,20,0,0
I00853,U027,F031,2026-03-03T13:06:00,Pakistani,Vegetarian,Spicy,Low,Pasta,Lunch,0.0,0.0,1.0,0.0,1.0,1.0,0.5,21.0,17.0,13.0,8.0,78.0,0.6729166666666667,13,1,0
I00585,U027,F043,2026-03-03T16:21:00,Chinese,Fish,Spicy,Medium,Pasta,Lunch,0.0,1.0,1.0,1.0,1.0,1.0,0.8333333333333334,21.0,17.0,13.0,9.0,79.0,0.13541666666666666,16,1,1
I04494,U027,F013,2026-03-06T02:50:00,Italian,Mutton,Spicy,High,Bread,Breakfast,0.0,0.0,1.0,1.0,1.0,0.0,0.5,21.0,17.0,14.0,9.0,80.0,2.4368055555555554,2,4,1
I01967,U027,F088,2026-03-06T07:20:00,Pakistani,Beef,Sweet,Low,Noodles,Lunch,0.0,0.0,0.0,0.0,0.0,1.0,0.16666666666666666,22.0,17.0,14.0,9.0,81.0,0.1875,7,4,0
I04077,U027,F095,2026-03-06T17:50:00,Thai,Vegetarian,Sour,High,Pasta,Lunch,0.0,0.0,0.0,1.0,1.0,1.0,0.5,22.0,18.0,14.0,9.0,82.0,0.4375,17,4,1
I01281,U022,F003,2026-01-01T20:46:00,Thai,Fish,Savory,Low,Rice,Lunch,1.0,1.0,0.0,0.0,1.0,1.0,0.6666666666666666,0.0,0.0,0.0,0.0,1.0,0.75,20,3,0
I03426,U022,F037,2026-01-02T19:32:00,Italian,Chicken,Creamy,Low,Bread,Snack,1.0,1.0,1.0,0.0,0.0,0.0,0.5,0.0,1.0,0.0,0.0,3.0,0.7631944444444444,19,4,1
I02100,U022,F082,2026-01-03T06:16:00,Italian,Fish,Sweet,High,Noodles,Lunch,1.0,1.0,0.0,1.0,0.0,1.0,0.6666666666666666,0.0,1.0,1.0,0.0,4.0,0.44722222222222224,6,5,0
I01302,U022,F040,2026-01-04T16:22:00,Mexican,Fish,Sweet,Medium,Pasta,Snack,0.0,1.0,0.0,1.0,0.0,0.0,0.3333333333333333,0.0,1.0,1.0,1.0,5.0,1.4208333333333334,16,6,1
I02889,U022,F044,2026-01-05T23:44:00,Pakistani,Fish,Creamy,Low,Rice,Breakfast,0.0,1.0,1.0,0.0,1.0,1.0,0.6666666666666666,0.0,1.0,2.0,1.0,7.0,0.6680555555555555,23,0,1
I04339,U022,F075,2026-01-06T04:47:00,Italian,Mutton,Creamy,Medium,Curry,Dinner,1.0,0.0,1.0,1.0,0.0,1.0,0.6666666666666666,1.0,1.0,2.0,1.0,8.0,0.21041666666666667,4,1,0
I02489,U022,F097,2026-01-08T17:54:00,Thai,Fish,Spicy,Medium,Pasta,Breakfast,1.0,1.0,1.0,1.0,0.0,1.0,0.8333333333333334,1.0,1.0,2.0,2.0,9.0,2.546527777777778,17,3,1
I02979,U022,F095,2026-01-09T22:05:00,Thai,Vegetarian,Sour,High,Pasta,Lunch,1.0,1.0,0.0,1.0,0.0,1.0,0.6666666666666666,2.0,1.0,2.0,2.0,10.0,1.1743055555555555,22,4,1
I03224,U022,F095,2026-01-10T03:48:00,Thai,Vegetarian,Sour,High,Pasta,Lunch,1.0,1.0,0.0,1.0,0.0,1.0,0.6666666666666666,2.0,1.0,3.0,2.0,11.0,0.23819444444444443,3,5,1
I02560,U022,F055,2026-01-10T06:47:00,Chinese,Mutton,Sour,Medium,Rice,Breakfast,0.0,0.0,0.0,1.0,1.0,1.0,0.5,3.0,1.0,3.0,2.0,12.0,0.12430555555555556,6,5,1
I03427,U022,F080,2026-01-12T11:39:00,Italian,Fish,Savory,High,Bread,Dinner,1.0,1.0,0.0,1.0,0.0,1.0,0.6666666666666666,4.0,1.0,3.0,2.0,13.0,2.202777777777778,11,0,0
I00445,U022,F048,2026-01-16T16:03:00,Chinese,Beef,Sweet,Low,Rice,Breakfast,0.0,0.0,0.0,0.0,1.0,1.0,0.3333333333333333,4.0,2.0,3.0,2.0,14.0,4.183333333333334,16,4,1
I02501,U022,F026,2026-01-16T22:12:00,Indian,Chicken,Sweet,High,Noodles,Breakfast,1.0,1.0,0.0,1.0,0.0,1.0,0.6666666666666666,5.0,2.0,3.0,2.0,15.0,0.25625,22,4,1
I02434,U022,F086,2026-01-18T06:48:00,Indian,Fish,Spicy,High,Pasta,Lunch,1.0,1.0,1.0,1.0,0.0,1.0,0.8333333333333334,6.0,2.0,3.0,2.0,16.0,1.3583333333333334,6,6,1
I02407,U022,F012,2026-01-20T07:16:00,Indian,Mutton,Sour,High,Bread,Lunch,1.0,0.0,0.0,1.0,0.0,1.0,0.5,7.0,2.0,3.0,2.0,17.0,2.0194444444444444,7,1,1
I03502,U022,F024,2026-01-21T04:07:00,Thai,Chicken,Savory,High,Curry,Dinner,1.0,1.0,0.0,1.0,0.0,1.0,0.6666666666666666,7.0,2.0,3.0,2.0,19.0,0.5145833333333333,4,2,1
I01118,U022,F092,2026-01-21T23:50:00,Indian,Beef,Spicy,High,Curry,Snack,1.0,0.0,1.0,1.0,0.0,0.0,0.5,8.0,2.0,3.0,2.0,20.0,0.8215277777777777,23,2,1
I01427,U022,F018,2026-01-25T00:08:00,Chinese,Fish,Sour,High,Pasta,Lunch,0.0,1.0,0.0,1.0,0.0,1.0,0.5,8.0,2.0,3.0,2.0,21.0,3.0125,0,6,0
I01031,U022,F021,2026-01-29T06:25:00,Chinese,Beef,Creamy,Medium,Rice,Breakfast,0.0,0.0,1.0,1.0,1.0,1.0,0.6666666666666666,8.0,3.0,3.0,2.0,22.0,4.261805555555555,6,3,1
I02297,U022,F046,2026-01-30T10:48:00,Chinese,Fish,Savory,Low,Pasta,Breakfast,0.0,1.0,0.0,0.0,0.0,1.0,0.3333333333333333,9.0,3.0,3.0,2.0,23.0,1.1826388888888888,10,4,0
I04995,U022,F008,2026-01-31T18:23:00,Italian,Mutton,Creamy,Medium,Rice,Snack,1.0,0.0,1.0,1.0,1.0,0.0,0.6666666666666666,9.0,3.0,3.0,3.0,24.0,1.3159722222222223,18,5,0
I03570,U022,F050,2026-02-02T17:18:00,Thai,Vegetarian,Spicy,Low,Curry,Breakfast,1.0,1.0,1.0,0.0,0.0,1.0,0.6666666666666666,9.0,3.0,3.0,4.0,26.0,1.9305555555555556,17,0,1
I02803,U022,F031,2026-02-02T20:25:00,Pakistani,Vegetarian,Spicy,Low,Pasta,Lunch,0.0,1.0,1.0,0.0,0.0,1.0,0.5,9.0,3.0,4.0,4.0,27.0,0.12986111111111112,20,0,0
I04581,U022,F054,2026-02-04T12:40:00,Italian,Beef,Sweet,Low,Bread,Snack,1.0,0.0,0.0,0.0,0.0,0.0,0.16666666666666666,9.0,4.0,4.0,4.0,28.0,1.6770833333333333,12,2,0
I04087,U022,F005,2026-02-04T14:30:00,Mexican,Vegetarian,Sour,Low,Pasta,Dinner,0.0,1.0,0.0,0.0,0.0,1.0,0.3333333333333333,9.0,5.0,4.0,4.0,29.0,0.0763888888888889,14,2,1
I03320,U022,F007,2026-02-05T01:42:00,Chinese,Mutton,Savory,Low,Pasta,Breakfast,0.0,0.0,0.0,0.0,0.0,1.0,0.16666666666666666,10.0,5.0,4.0,4.0,30.0,0.4666666666666667,1,3,0
I00959,U022,F017,2026-02-05T04:39:00,Indian,Mutton,Savory,Low,Curry,Dinner,1.0,0.0,0.0,0.0,0.0,1.0,0.3333333333333333,10.0,5.0,4.0,5.0,31.0,0.12291666666666666,4,3,1
I02194,U022,F036,2026-02-06T03:47:00,Pakistani,Chicken,Savory,Low,Rice,Breakfast,0.0,1.0,0.0,0.0,1.0,1.0,0.5,10.0,5.0,5.0,5.0,32.0,0.9638888888888889,3,4,0
I03416,U022,F031,2026-02-06T15:43:00,Pakistani,Vegetarian,Spicy,Low,Pasta,Lunch,0.0,1.0,1.0,0.0,0.0,1.0,0.5,10.0,5.0,5.0,6.0,33.0,0.49722222222222223,15,4,0
I03843,U022,F065,2026-02-09T05:07:00,Mexican,Fish,Creamy,High,Pasta,Breakfast,0.0,1.0,1.0,1.0,0.0,1.0,0.6666666666666666,10.0,5.0,5.0,7.0,34.0,2.558333333333333,5,0,1
I00444,U022,F084,2026-02-09T14:21:00,Indian,Vegetarian,Savory,Medium,Bread,Lunch,1.0,1.0,0.0,1.0,0.0,1.0,0.6666666666666666,10.0,5.0,6.0,7.0,35.0,0.38472222222222224,14,0,1
I00115,U022,F087,2026-02-09T23:29:00,Mexican,Chicken,Sweet,High,Curry,Dinner,0.0,1.0,0.0,1.0,0.0,1.0,0.5,11.0,5.0,6.0,7.0,36.0,0.38055555555555554,23,0,1
I02254,U022,F044,2026-02-13T16:38:00,Pakistani,Fish,Creamy,Low,Rice,Breakfast,0.0,1.0,1.0,0.0,1.0,1.0,0.6666666666666666,12.0,5.0,6.0,7.0,37.0,3.714583333333333,16,4,0
I03354,U022,F042,2026-02-14T00:22:00,Pakistani,Beef,Spicy,Low,Curry,Snack,0.0,0.0,1.0,0.0,0.0,0.0,0.16666666666666666,12.0,6.0,6.0,7.0,38.0,0.32222222222222224,0,5,1
I00024,U022,F011,2026-02-14T10:35:00,Pakistani,Beef,Sweet,Low,Noodles,Breakfast,0.0,0.0,0.0,0.0,0.0,1.0,0.16666666666666666,13.0,6.0,6.0,7.0,39.0,0.42569444444444443,10,5,0
I02059,U022,F044,2026-02-15T10:27:00,Pakistani,Fish,Creamy,Low,Rice,Breakfast,0.0,1.0,1.0,0.0,1.0,1.0,0.6666666666666666,13.0,7.0,6.0,7.0,40.0,0.9944444444444445,10,6,1
I04690,U022,F069,2026-02-15T21:58:00,Mexican,Chicken,Sweet,High,Pasta,Lunch,0.0,1.0,0.0,1.0,0.0,1.0,0.5,14.0,7.0,6.0,7.0,41.0,0.4798611111111111,21,6,1
I03695,U022,F007,2026-02-16T10:31:00,Chinese,Mutton,Savory,Low,Pasta,Breakfast,0.0,0.0,0.0,0.0,0.0,1.0,0.16666666666666666,15.0,7.0,6.0,7.0,42.0,0.5229166666666667,10,0,0
I00183,U022,F083,2026-02-17T03:09:00,Indian,Fish,Spicy,High,Curry,Dinner,1.0,1.0,1.0,1.0,0.0,1.0,0.8333333333333334,15.0,7.0,6.0,8.0,43.0,0.6930555555555555,3,1,1
I03423,U022,F026,2026-02-17T19:15:00,Indian,Chicken,Sweet,High,Noodles,Breakfast,1.0,1.0,0.0,1.0,0.0,1.0,0.6666666666666666,16.0,7.0,6.0,8.0,44.0,0.6708333333333333,19,1,1
I04479,U022,F073,2026-02-19T05:22:00,Chinese,Fish,Sweet,Medium,Noodles,Lunch,0.0,1.0,0.0,1.0,0.0,1.0,0.5,17.0,7.0,6.0,8.0,45.0,1.4215277777777777,5,3,0
I00022,U022,F009,2026-02-19T09:41:00,Thai,Chicken,Sour,Low,Curry,Dinner,1.0,1.0,0.0,0.0,0.0,1.0,0.5,17.0,8.0,6.0,8.0,46.0,0.1798611111111111,9,3,1
I01494,U022,F076,2026-02-21T08:21:00,Pakistani,Chicken,Sweet,Low,Curry,Dinner,0.0,1.0,0.0,0.0,0.0,1.0,0.3333333333333333,17.0,8.0,7.0,8.0,47.0,1.9444444444444444,8,5,0
I01083,U022,F022,2026-02-25T06:53:00,Pakistani,Beef,Spicy,High,Pasta,Breakfast,0.0,0.0,1.0,1.0,0.0,1.0,0.5,17.0,9.0,7.0,8.0,50.0,0.23055555555555557,6,2,0
I04029,U022,F060,2026-02-25T09:23:00,Mexican,Chicken,Spicy,Medium,Rice,Breakfast,0.0,1.0,1.0,1.0,1.0,1.0,0.8333333333333334,17.0,10.0,7.0,8.0,51.0,0.10416666666666667,9,2,1
I01560,U022,F055,2026-02-25T16:23:00,Chinese,Mutton,Sour,Medium,Rice,Breakfast,0.0,0.0,0.0,1.0,1.0,1.0,0.5,17.0,10.0,8.0,8.0,53.0,0.09166666666666666,16,2,0
I02379,U022,F085,2026-02-26T02:22:00,Indian,Vegetarian,Creamy,High,Bread,Snack,1.0,1.0,1.0,1.0,0.0,0.0,0.6666666666666666,17.0,10.0,8.0,9.0,54.0,0.41597222222222224,2,3,0
I02209,U022,F010,2026-02-28T18:00:00,Mexican,Vegetarian,Sweet,High,Noodles,Breakfast,0.0,1.0,0.0,1.0,0.0,1.0,0.5,17.0,11.0,8.0,9.0,56.0,1.3618055555555555,18,5,1
I00044,U022,F019,2026-03-02T23:45:00,Italian,Beef,Spicy,High,Curry,Dinner,1.0,0.0,1.0,1.0,0.0,1.0,0.6666666666666666,17.0,11.0,9.0,9.0,57.0,2.2395833333333335,23,0,1
I01820,U022,F077,2026-03-03T23:34:00,Pakistani,Chicken,Creamy,Medium,Bread,Dinner,0.0,1.0,1.0,1.0,0.0,1.0,0.6666666666666666,18.0,11.0,9.0,9.0,58.0,0.9923611111111111,23,1,1
I00290,U022,F071,2026-03-04T11:43:00,Mexican,Mutton,Sour,High,Noodles,Dinner,0.0,0.0,0.0,1.0,0.0,1.0,0.3333333333333333,19.0,11.0,9.0,9.0,59.0,0.50625,11,2,0
I03335,U022,F005,2026-03-05T03:24:00,Mexican,Vegetarian,Sour,Low,Pasta,Dinner,0.0,1.0,0.0,0.0,0.0,1.0,0.3333333333333333,19.0,11.0,9.0,10.0,60.0,0.6534722222222222,3,3,0
I02913,U022,F073,2026-03-06T10:34:00,Chinese,Fish,Sweet,Medium,Noodles,Lunch,0.0,1.0,0.0,1.0,0.0,1.0,0.5,19.0,12.0,9.0,10.0,61.0,1.2986111111111112,10,4,1
I01821,U022,F008,2026-03-07T01:48:00,Italian,Mutton,Creamy,Medium,Rice,Snack,1.0,0.0,1.0,1.0,1.0,0.0,0.6666666666666666,20.0,12.0,9.0,10.0,62.0,0.6347222222222222,1,5,1
I04370,U036,F066,2026-01-03T05:18:00,Pakistani,Chicken,Spicy,High,Rice,Dinner,0.0,0.0,0.0,0.0,0.0,1.0,0.16666666666666666,0.0,0.0,0.0,0.0,1.0,0.6361111111111111,5,5,0
I04584,U036,F008,2026-01-03T17:28:00,Italian,Mutton,Creamy,Medium,Rice,Snack,1.0,0.0,0.0,1.0,0.0,1.0,0.5,0.0,1.0,0.0,0.0,2.0,0.5069444444444444,17,5,1
I02848,U036,F059,2026-01-03T21:18:00,Thai,Vegetarian,Savory,High,Curry,Dinner,0.0,0.0,1.0,0.0,0.0,1.0,0.3333333333333333,1.0,1.0,0.0,0.0,3.0,0.1597222222222222,21,5,0
I02371,U036,F064,2026-01-05T16:00:00,Pakistani,Chicken,Sweet,Low,Bread,Lunch,0.0,0.0,0.0,1.0,0.0,1.0,0.3333333333333333,1.0,1.0,0.0,1.0,4.0,1.7791666666666666,16,0,1
I04777,U036,F063,2026-01-07T21:22:00,Italian,Chicken,Savory,High,Pasta,Dinner,1.0,0.0,1.0,0.0,0.0,1.0,0.5,1.0,1.0,1.0,1.0,5.0,2.223611111111111,21,2,1
I02165,U036,F036,2026-01-09T04:31:00,Pakistani,Chicken,Savory,Low,Rice,Breakfast,0.0,0.0,1.0,1.0,0.0,0.0,0.3333333333333333,1.0,1.0,2.0,1.0,7.0,0.6916666666666667,4,4,1
I01711,U036,F021,2026-01-12T00:52:00,Chinese,Beef,Creamy,Medium,Rice,Breakfast,0.0,1.0,0.0,1.0,0.0,0.0,0.3333333333333333,2.0,1.0,2.0,1.0,9.0,1.7236111111111112,0,0,0
I04573,U036,F075,2026-01-13T07:34:00,Italian,Mutton,Creamy,Medium,Curry,Dinner,1.0,0.0,0.0,1.0,0.0,1.0,0.5,2.0,2.0,2.0,1.0,11.0,0.6145833333333334,7,1,0
I03411,U036,F090,2026-01-13T23:10:00,Indian,Fish,Creamy,Low,Pasta,Snack,1.0,0.0,0.0,1.0,0.0,1.0,0.5,2.0,2.0,2.0,2.0,12.0,0.65,23,1,1
I00351,U036,F096,2026-01-14T04:46:00,Mexican,Fish,Sour,Medium,Noodles,Dinner,1.0,0.0,0.0,1.0,1.0,1.0,0.6666666666666666,2.0,2.0,3.0,2.0,13.0,0.23333333333333334,4,2,1
I03970,U036,F030,2026-01-14T14:30:00,Pakistani,Beef,Creamy,Low,Rice,Snack,0.0,1.0,0.0,1.0,0.0,1.0,0.5,3.0,2.0,3.0,2.0,14.0,0.40555555555555556,14,2,1
I03159,U036,F029,2026-01-14T15:42:00,Indian,Chicken,Savory,Medium,Bread,Lunch,1.0,0.0,1.0,1.0,0.0,1.0,0.6666666666666666,4.0,2.0,3.0,2.0,15.0,0.05,15,2,1
I01472,U036,F056,2026-01-15T09:55:00,Indian,Vegetarian,Creamy,Low,Rice,Lunch,1.0,0.0,0.0,1.0,0.0,1.0,0.5,5.0,2.0,3.0,2.0,16.0,0.7590277777777777,9,3,0
I01051,U036,F093,2026-01-15T13:08:00,Pakistani,Vegetarian,Spicy,Low,Pasta,Lunch,0.0,0.0,0.0,1.0,0.0,1.0,0.3333333333333333,5.0,3.0,3.0,2.0,17.0,0.13402777777777777,13,3,1
I01209,U036,F006,2026-01-16T07:00:00,Pakistani,Beef,Sour,Medium,Bread,Lunch,0.0,1.0,0.0,1.0,0.0,1.0,0.5,6.0,3.0,3.0,2.0,18.0,0.7444444444444445,7,4,0
I00039,U036,F014,2026-01-16T09:43:00,Thai,Beef,Creamy,High,Noodles,Lunch,0.0,1.0,0.0,0.0,1.0,1.0,0.5,6.0,4.0,3.0,2.0,19.0,0.11319444444444444,9,4,0
I04421,U036,F025,2026-01-16T20:28:00,Mexican,Mutton,Savory,Medium,Pasta,Lunch,1.0,0.0,1.0,1.0,0.0,1.0,0.6666666666666666,6.0,4.0,3.0,3.0,20.0,0.4479166666666667,20,4,1
I00026,U036,F049,2026-01-17T22:52:00,Mexican,Mutton,Savory,Low,Curry,Snack,1.0,0.0,1.0,1.0,0.0,1.0,0.6666666666666666,6.0,4.0,4.0,3.0,21.0,1.1,22,5,1
I03018,U036,F099,2026-01-18T11:17:00,Thai,Chicken,Spicy,Low,Noodles,Snack,0.0,0.0,0.0,1.0,1.0,1.0,0.5,7.0,4.0,4.0,3.0,22.0,0.5173611111111112,11,6,1
I03361,U036,F053,2026-01-20T03:58:00,Thai,Chicken,Sour,High,Curry,Dinner,0.0,0.0,0.0,0.0,0.0,1.0,0.16666666666666666,8.0,4.0,4.0,3.0,26.0,0.03125,3,1,0
I04210,U036,F062,2026-01-22T01:24:00,Mexican,Mutton,Spicy,High,Bread,Snack,1.0,0.0,0.0,0.0,0.0,1.0,0.3333333333333333,8.0,5.0,4.0,3.0,27.0,1.8930555555555555,1,3,0
I01162,U036,F078,2026-01-23T08:11:00,Indian,Vegetarian,Creamy,Low,Pasta,Lunch,1.0,0.0,0.0,1.0,0.0,1.0,0.5,8.0,6.0,4.0,3.0,28.0,1.2826388888888889,8,4,1
I02310,U036,F071,2026-01-24T17:42:00,Mexican,Mutton,Sour,High,Noodles,Dinner,1.0,0.0,0.0,0.0,1.0,1.0,0.5,9.0,6.0,4.0,3.0,29.0,1.3965277777777778,17,5,0
I01148,U036,F085,2026-01-25T05:04:00,Indian,Vegetarian,Creamy,High,Bread,Snack,1.0,0.0,0.0,0.0,0.0,1.0,0.3333333333333333,9.0,7.0,4.0,3.0,31.0,0.1125,5,6,0
I02726,U036,F093,2026-01-26T00:29:00,Pakistani,Vegetarian,Spicy,Low,Pasta,Lunch,0.0,0.0,0.0,1.0,0.0,1.0,0.3333333333333333,9.0,7.0,4.0,4.0,32.0,0.8090277777777778,0,0,1
I04486,U036,F044,2026-01-26T13:15:00,Pakistani,Fish,Creamy,Low,Rice,Breakfast,0.0,0.0,0.0,1.0,0.0,0.0,0.16666666666666666,9.0,7.0,5.0,4.0,33.0,0.5319444444444444,13,0,0
I01320,U036,F007,2026-01-26T21:51:00,Chinese,Mutton,Savory,Low,Pasta,Breakfast,0.0,0.0,1.0,1.0,0.0,0.0,0.3333333333333333,9.0,8.0,5.0,4.0,34.0,0.35833333333333334,21,0,0
I04499,U036,F018,2026-01-27T04:01:00,Chinese,Fish,Sour,High,Pasta,Lunch,0.0,0.0,0.0,0.0,0.0,1.0,0.16666666666666666,9.0,9.0,5.0,4.0,35.0,0.2569444444444444,4,1,0
I02800,U036,F057,2026-01-28T07:27:00,Thai,Mutton,Spicy,Medium,Rice,Lunch,0.0,0.0,0.0,1.0,0.0,1.0,0.3333333333333333,9.0,10.0,5.0,4.0,37.0,0.12222222222222222,7,2,0
I04857,U036,F064,2026-01-28T10:34:00,Pakistani,Chicken,Sweet,Low,Bread,Lunch,0.0,0.0,0.0,1.0,0.0,1.0,0.3333333333333333,9.0,11.0,5.0,4.0,38.0,0.12986111111111112,10,2,0
I02974,U036,F076,2026-01-31T14:40:00,Pakistani,Chicken,Sweet,Low,Curry,Dinner,0.0,0.0,0.0,1.0,0.0,1.0,0.3333333333333333,9.0,12.0,5.0,4.0,40.0,0.5868055555555556,14,5,0
I01330,U036,F032,2026-02-03T03:27:00,Italian,Vegetarian,Creamy,Medium,Noodles,Lunch,1.0,0.0,0.0,1.0,1.0,1.0,0.6666666666666666,9.0,12.0,5.0,5.0,42.0,2.2555555555555555,3,1,1
I04124,U036,F023,2026-02-08T17:58:00,Indian,Fish,Creamy,Medium,Curry,Dinner,1.0,0.0,0.0,1.0,0.0,1.0,0.5,10.0,12.0,5.0,5.0,45.0,0.33819444444444446,17,6,0
I00082,U036,F017,2026-02-09T13:35:00,Indian,Mutton,Savory,Low,Curry,Dinner,1.0,0.0,1.0,1.0,0.0,1.0,0.6666666666666666,10.0,12.0,5.0,6.0,46.0,0.8173611111111111,13,0,1
I03019,U036,F100,2026-02-11T19:55:00,Mexican,Beef,Spicy,Low,Pasta,Snack,1.0,1.0,0.0,1.0,0.0,1.0,0.6666666666666666,11.0,12.0,5.0,6.0,48.0,2.1868055555555554,19,2,1
I03517,U036,F073,2026-02-14T09:36:00,Chinese,Fish,Sweet,Medium,Noodles,Lunch,0.0,0.0,0.0,1.0,1.0,1.0,0.5,12.0,12.0,5.0,6.0,50.0,1.9694444444444446,9,5,0
I01669,U036,F002,2026-02-18T05:24:00,Chinese,Beef,Savory,High,Curry,Breakfast,0.0,1.0,1.0,0.0,0.0,0.0,0.3333333333333333,12.0,12.0,5.0,7.0,51.0,3.825,5,2,1
I02853,U036,F061,2026-02-18T06:24:00,Mexican,Vegetarian,Spicy,Medium,Bread,Lunch,1.0,0.0,0.0,1.0,0.0,1.0,0.5,13.0,12.0,5.0,7.0,52.0,0.041666666666666664,6,2,1
I04432,U036,F050,2026-02-18T07:26:00,Thai,Vegetarian,Spicy,Low,Curry,Breakfast,0.0,0.0,0.0,1.0,0.0,0.0,0.16666666666666666,13.0,12.0,5.0,7.0,53.0,0.043055555555555555,7,2,0
I02483,U036,F062,2026-02-18T18:46:00,Mexican,Mutton,Spicy,High,Bread,Snack,1.0,0.0,0.0,0.0,0.0,1.0,0.3333333333333333,13.0,12.0,5.0,8.0,54.0,0.4722222222222222,18,2,0
I00394,U036,F063,2026-02-24T02:59:00,Italian,Chicken,Savory,High,Pasta,Dinner,1.0,0.0,1.0,0.0,0.0,1.0,0.5,13.0,13.0,5.0,8.0,57.0,0.36319444444444443,2,1,1
I02428,U036,F025,2026-02-27T22:55:00,Mexican,Mutton,Savory,Medium,Pasta,Lunch,1.0,0.0,1.0,1.0,0.0,1.0,0.6666666666666666,14.0,13.0,5.0,8.0,58.0,3.8305555555555557,22,4,1
I02828,U036,F018,2026-03-04T07:00:00,Chinese,Fish,Sour,High,Pasta,Lunch,0.0,0.0,0.0,0.0,0.0,1.0,0.16666666666666666,15.0,13.0,5.0,8.0,60.0,2.3715277777777777,7,2,0
I00269,U036,F065,2026-03-04T14:11:00,Mexican,Fish,Creamy,High,Pasta,Breakfast,1.0,0.0,0.0,0.0,0.0,0.0,0.16666666666666666,15.0,14.0,5.0,8.0,62.0,0.14444444444444443,14,2,0
I00195,U036,F084,2026-03-04T21:54:00,Indian,Vegetarian,Savory,Medium,Bread,Lunch,1.0,0.0,1.0,1.0,0.0,1.0,0.6666666666666666,15.0,14.0,5.0,9.0,63.0,0.3215277777777778,21,2,0
I02307,U036,F020,2026-03-05T07:39:00,Mexican,Vegetarian,Sour,High,Pasta,Dinner,1.0,0.0,0.0,0.0,0.0,1.0,0.3333333333333333,15.0,15.0,5.0,9.0,64.0,0.40625,7,3,0
I01477,U043,F078,2026-01-02T18:22:00,Indian,Vegetarian,Creamy,Low,Pasta,Lunch,1.0,0.0,0.0,0.0,0.0,0.0,0.16666666666666666,0.0,0.0,0.0,0.0,1.0,0.15,18,4,0
I00870,U043,F017,2026-01-03T04:54:00,Indian,Mutton,Savory,Low,Curry,Dinner,1.0,0.0,0.0,0.0,0.0,1.0,0.3333333333333333,0.0,1.0,0.0,0.0,2.0,0.4388888888888889,4,5,1
I03544,U043,F051,2026-01-04T01:06:00,Chinese,Chicken,Creamy,Low,Noodles,Snack,0.0,1.0,0.0,0.0,0.0,1.0,0.3333333333333333,1.0,1.0,0.0,0.0,4.0,0.7041666666666667,1,6,0
I00497,U043,F059,2026-01-07T07:36:00,Thai,Vegetarian,Savory,High,Curry,Dinner,1.0,0.0,0.0,1.0,0.0,1.0,0.5,1.0,1.0,0.0,1.0,6.0,2.859027777777778,7,2,0
I00794,U043,F020,2026-01-07T14:19:00,Mexican,Vegetarian,Sour,High,Pasta,Dinner,0.0,0.0,1.0,1.0,0.0,1.0,0.5,1.0,2.0,0.0,1.0,7.0,0.2798611111111111,14,2,1
I00176,U043,F067,2026-01-08T19:00:00,Thai,Vegetarian,Spicy,Medium,Noodles,Breakfast,1.0,0.0,1.0,1.0,0.0,0.0,0.5,2.0,2.0,0.0,1.0,9.0,0.4798611111111111,19,3,1
I02759,U043,F043,2026-01-09T03:13:00,Chinese,Fish,Spicy,Medium,Pasta,Lunch,0.0,1.0,1.0,1.0,0.0,0.0,0.5,3.0,2.0,0.0,1.0,10.0,0.3423611111111111,3,4,1
I02571,U043,F070,2026-01-09T22:24:00,Chinese,Beef,Spicy,Medium,Rice,Lunch,0.0,1.0,1.0,1.0,1.0,0.0,0.6666666666666666,4.0,2.0,0.0,1.0,11.0,0.7993055555555556,22,4,1
I00909,U043,F099,2026-01-10T09:27:00,Thai,Chicken,Spicy,Low,Noodles,Snack,1.0,1.0,1.0,0.0,0.0,1.0,0.6666666666666666,5.0,2.0,0.0,1.0,12.0,0.46041666666666664,9,5,0
I02418,U043,F026,2026-01-11T12:06:00,Indian,Chicken,Sweet,High,Noodles,Breakfast,1.0,1.0,0.0,1.0,0.0,0.0,0.5,5.0,3.0,0.0,1.0,14.0,0.975,12,6,0
I01386,U043,F096,2026-01-11T18:43:00,Mexican,Fish,Sour,Medium,Noodles,Dinner,0.0,1.0,1.0,1.0,0.0,1.0,0.6666666666666666,5.0,4.0,0.0,1.0,15.0,0.27569444444444446,18,6,1
I00802,U043,F074,2026-01-12T01:40:00,Pakistani,Beef,Sour,Medium,Bread,Breakfast,1.0,1.0,1.0,1.0,1.0,0.0,0.8333333333333334,5.0,4.0,1.0,1.0,16.0,0.28958333333333336,1,0,0
I02067,U043,F043,2026-01-12T10:33:00,Chinese,Fish,Spicy,Medium,Pasta,Lunch,0.0,1.0,1.0,1.0,0.0,0.0,0.5,5.0,5.0,1.0,1.0,17.0,0.3701388888888889,10,0,0
I02367,U043,F089,2026-01-15T05:25:00,Pakistani,Chicken,Spicy,Medium,Curry,Breakfast,1.0,1.0,1.0,1.0,0.0,0.0,0.6666666666666666,5.0,6.0,1.0,1.0,19.0,0.5486111111111112,5,3,1
I00905,U043,F028,2026-01-16T02:56:00,Italian,Beef,Creamy,High,Rice,Dinner,0.0,1.0,0.0,1.0,1.0,1.0,0.6666666666666666,5.0,6.0,2.0,1.0,20.0,0.8965277777777778,2,4,0
I02344,U043,F071,2026-01-19T08:10:00,Mexican,Mutton,Sour,High,Noodles,Dinner,0.0,0.0,1.0,1.0,0.0,1.0,0.5,5.0,6.0,2.0,2.0,23.0,0.9152777777777777,8,0,1
I04815,U043,F046,2026-01-22T13:41:00,Chinese,Fish,Savory,Low,Pasta,Breakfast,0.0,1.0,0.0,0.0,0.0,0.0,0.16666666666666666,6.0,6.0,2.0,2.0,25.0,2.9194444444444443,13,3,0
I03816,U043,F015,2026-01-22T14:40:00,Indian,Fish,Sweet,High,Curry,Lunch,1.0,1.0,0.0,1.0,0.0,0.0,0.5,6.0,7.0,2.0,2.0,26.0,0.04097222222222222,14,3,1
I03947,U043,F024,2026-01-23T11:20:00,Thai,Chicken,Savory,High,Curry,Dinner,1.0,1.0,0.0,1.0,0.0,1.0,0.6666666666666666,6.0,7.0,2.0,2.0,27.0,0.8611111111111112,11,4,1
I02820,U043,F073,2026-01-23T20:51:00,Chinese,Fish,Sweet,Medium,Noodles,Lunch,0.0,1.0,0.0,1.0,0.0,0.0,0.3333333333333333,7.0,7.0,2.0,2.0,28.0,0.39652777777777776,20,4,1
I03150,U043,F012,2026-01-25T12:58:00,Indian,Mutton,Sour,High,Bread,Lunch,1.0,0.0,1.0,1.0,1.0,0.0,0.6666666666666666,8.0,7.0,2.0,2.0,29.0,1.6715277777777777,12,6,0
I00307,U043,F039,2026-01-25T13:22:00,Chinese,Fish,Sour,Low,Rice,Breakfast,0.0,1.0,1.0,0.0,1.0,0.0,0.5,8.0,8.0,2.0,2.0,30.0,0.016666666666666666,13,6,1
I02157,U043,F009,2026-01-29T05:07:00,Thai,Chicken,Sour,Low,Curry,Dinner,1.0,1.0,1.0,0.0,0.0,1.0,0.6666666666666666,8.0,8.0,3.0,2.0,32.0,2.265972222222222,5,3,1
I04108,U043,F031,2026-01-31T11:09:00,Pakistani,Vegetarian,Spicy,Low,Pasta,Lunch,1.0,0.0,1.0,0.0,0.0,0.0,0.3333333333333333,9.0,8.0,3.0,2.0,34.0,1.4006944444444445,11,5,0
I04574,U043,F080,2026-02-02T08:10:00,Italian,Fish,Savory,High,Bread,Dinner,0.0,1.0,0.0,1.0,1.0,1.0,0.6666666666666666,9.0,9.0,3.0,2.0,35.0,1.8756944444444446,8,0,0
I01089,U043,F070,2026-02-02T21:19:00,Chinese,Beef,Spicy,Medium,Rice,Lunch,0.0,1.0,1.0,1.0,1.0,0.0,0.6666666666666666,9.0,9.0,3.0,3.0,37.0,0.5041666666666667,21,0,1
I03485,U043,F009,2026-02-04T02:27:00,Thai,Chicken,Sour,Low,Curry,Dinner,1.0,1.0,1.0,0.0,0.0,1.0,0.6666666666666666,10.0,9.0,3.0,3.0,39.0,0.34305555555555556,2,2,1
I01571,U043,F096,2026-02-05T20:42:00,Mexican,Fish,Sour,Medium,Noodles,Dinner,0.0,1.0,1.0,1.0,0.0,1.0,0.6666666666666666,11.0,9.0,3.0,3.0,40.0,1.7604166666666667,20,3,1
I03087,U043,F042,2026-02-06T12:49:00,Pakistani,Beef,Spicy,Low,Curry,Snack,1.0,1.0,1.0,0.0,0.0,1.0,0.6666666666666666,12.0,9.0,3.0,3.0,41.0,0.6715277777777777,12,4,0
I00885,U043,F038,2026-02-06T16:32:00,Chinese,Vegetarian,Spicy,High,Curry,Snack,0.0,0.0,1.0,1.0,0.0,1.0,0.5,12.0,10.0,3.0,3.0,42.0,0.15486111111111112,16,4,0
I00028,U043,F055,2026-02-09T06:09:00,Chinese,Mutton,Sour,Medium,Rice,Breakfast,0.0,0.0,1.0,1.0,1.0,0.0,0.5,12.0,10.0,3.0,4.0,43.0,2.567361111111111,6,0,0
I00688,U043,F027,2026-02-09T11:01:00,Mexican,Mutton,Creamy,High,Noodles,Lunch,0.0,0.0,0.0,1.0,0.0,0.0,0.16666666666666666,12.0,11.0,3.0,4.0,44.0,0.20277777777777778,11,0,0
I03221,U043,F072,2026-02-11T08:38:00,Chinese,Chicken,Sour,Low,Pasta,Lunch,0.0,1.0,1.0,0.0,0.0,0.0,0.3333333333333333,12.0,11.0,3.0,5.0,45.0,1.9006944444444445,8,2,0
I04900,U043,F083,2026-02-12T20:25:00,Indian,Fish,Spicy,High,Curry,Dinner,1.0,1.0,1.0,1.0,0.0,1.0,0.8333333333333334,12.0,12.0,3.0,5.0,46.0,1.4909722222222221,20,3,1
I02304,U043,F052,2026-02-13T18:11:00,Pakistani,Vegetarian,Spicy,High,Curry,Breakfast,1.0,0.0,1.0,1.0,0.0,0.0,0.5,12.0,12.0,3.0,5.0,48.0,0.11319444444444444,18,4,0
I00531,U043,F039,2026-02-15T02:29:00,Chinese,Fish,Sour,Low,Rice,Breakfast,0.0,1.0,1.0,0.0,1.0,0.0,0.5,12.0,13.0,3.0,5.0,49.0,1.3458333333333334,2,6,1
I03155,U043,F082,2026-02-15T07:49:00,Italian,Fish,Sweet,High,Noodles,Lunch,0.0,1.0,0.0,1.0,0.0,0.0,0.3333333333333333,12.0,13.0,4.0,5.0,50.0,0.2222222222222222,7,6,1
I03877,U043,F021,2026-02-16T00:30:00,Chinese,Beef,Creamy,Medium,Rice,Breakfast,0.0,1.0,0.0,1.0,1.0,0.0,0.5,13.0,13.0,4.0,5.0,51.0,0.6951388888888889,0,0,0
I04082,U043,F039,2026-02-17T17:39:00,Chinese,Fish,Sour,Low,Rice,Breakfast,0.0,1.0,1.0,0.0,1.0,0.0,0.5,13.0,13.0,4.0,6.0,52.0,1.7145833333333333,17,1,0
I04736,U043,F007,2026-02-18T00:35:00,Chinese,Mutton,Savory,Low,Pasta,Breakfast,0.0,0.0,0.0,0.0,0.0,0.0,0.0,13.0,14.0,4.0,6.0,53.0,0.28888888888888886,0,2,1
I00509,U043,F077,2026-02-19T14:17:00,Pakistani,Chicken,Creamy,Medium,Bread,Dinner,1.0,1.0,0.0,1.0,1.0,1.0,0.8333333333333334,13.0,14.0,5.0,6.0,54.0,1.5708333333333333,14,3,1
I04308,U043,F070,2026-02-19T17:49:00,Chinese,Beef,Spicy,Medium,Rice,Lunch,0.0,1.0,1.0,1.0,1.0,0.0,0.6666666666666666,14.0,14.0,5.0,6.0,55.0,0.14722222222222223,17,3,0
I00393,U043,F037,2026-02-20T19:30:00,Italian,Chicken,Creamy,Low,Bread,Snack,0.0,1.0,0.0,0.0,1.0,1.0,0.5,14.0,15.0,5.0,6.0,57.0,0.04722222222222222,19,4,1
I04179,U043,F025,2026-02-21T03:18:00,Mexican,Mutton,Savory,Medium,Pasta,Lunch,0.0,0.0,0.0,1.0,0.0,0.0,0.16666666666666666,15.0,15.0,5.0,6.0,58.0,0.325,3,5,0
I04756,U043,F055,2026-02-22T12:09:00,Chinese,Mutton,Sour,Medium,Rice,Breakfast,0.0,0.0,1.0,1.0,1.0,0.0,0.5,15.0,15.0,5.0,7.0,59.0,1.36875,12,6,0
I04826,U043,F041,2026-02-24T05:41:00,Mexican,Chicken,Savory,Low,Pasta,Dinner,0.0,1.0,0.0,0.0,0.0,1.0,0.3333333333333333,15.0,15.0,5.0,8.0,60.0,1.7305555555555556,5,1,0
I04490,U043,F037,2026-02-24T08:24:00,Italian,Chicken,Creamy,Low,Bread,Snack,0.0,1.0,0.0,0.0,1.0,1.0,0.5,15.0,16.0,5.0,8.0,61.0,0.11319444444444444,8,1,1
I00691,U043,F028,2026-02-25T11:04:00,Italian,Beef,Creamy,High,Rice,Dinner,0.0,1.0,0.0,1.0,1.0,1.0,0.6666666666666666,16.0,16.0,5.0,8.0,63.0,0.9354166666666667,11,2,0
I04801,U043,F084,2026-02-25T20:22:00,Indian,Vegetarian,Savory,Medium,Bread,Lunch,1.0,0.0,0.0,1.0,1.0,0.0,0.5,16.0,17.0,5.0,8.0,64.0,0.3875,20,2,1
I00997,U043,F041,2026-02-27T18:25:00,Mexican,Chicken,Savory,Low,Pasta,Dinner,0.0,1.0,0.0,0.0,0.0,1.0,0.3333333333333333,17.0,17.0,5.0,8.0,65.0,1.91875,18,4,0
I01065,U043,F097,2026-03-01T06:53:00,Thai,Fish,Spicy,Medium,Pasta,Breakfast,1.0,1.0,1.0,1.0,0.0,0.0,0.6666666666666666,17.0,18.0,5.0,8.0,66.0,1.5194444444444444,6,6,1
I01387,U043,F032,2026-03-02T09:31:00,Italian,Vegetarian,Creamy,Medium,Noodles,Lunch,0.0,0.0,0.0,1.0,0.0,0.0,0.16666666666666666,17.0,18.0,6.0,8.0,67.0,1.1097222222222223,9,0,0
I03381,U043,F013,2026-03-03T05:32:00,Italian,Mutton,Spicy,High,Bread,Breakfast,0.0,0.0,1.0,1.0,1.0,0.0,0.5,17.0,18.0,6.0,9.0,69.0,0.2965277777777778,5,1,0
I01760,U043,F063,2026-03-03T07:42:00,Italian,Chicken,Savory,High,Pasta,Dinner,0.0,1.0,0.0,1.0,0.0,1.0,0.5,17.0,19.0,6.0,9.0,70.0,0.09027777777777778,7,1,0
I00471,U014,F089,2026-01-01T00:26:00,Pakistani,Chicken,Spicy,Medium,Curry,Breakfast,1.0,1.0,0.0,0.0,1.0,0.0,0.5,0.0,0.0,0.0,0.0,0.0,-1.0,0,3,0
I01326,U014,F052,2026-01-02T02:31:00,Pakistani,Vegetarian,Spicy,High,Curry,Breakfast,1.0,1.0,0.0,1.0,1.0,0.0,0.6666666666666666,0.0,1.0,0.0,0.0,1.0,1.0868055555555556,2,4,1
I04335,U014,F047,2026-01-02T10:11:00,Indian,Mutton,Sour,Medium,Pasta,Snack,1.0,0.0,1.0,0.0,0.0,1.0,0.5,0.0,1.0,0.0,0.0,2.0,0.3194444444444444,10,4,1
I00963,U014,F076,2026-01-02T14:36:00,Pakistani,Chicken,Sweet,Low,Curry,Dinner,1.0,1.0,1.0,0.0,1.0,1.0,0.8333333333333334,1.0,1.0,0.0,0.0,3.0,0.1840277777777778,14,4,1
I01946,U014,F071,2026-01-04T20:25:00,Mexican,Mutton,Sour,High,Noodles,Dinner,0.0,0.0,1.0,1.0,1.0,1.0,0.6666666666666666,1.0,1.0,1.0,0.0,5.0,1.5041666666666667,20,6,0
I00828,U014,F068,2026-01-05T06:53:00,Italian,Mutton,Savory,Medium,Noodles,Lunch,0.0,0.0,1.0,0.0,1.0,1.0,0.5,1.0,1.0,1.0,1.0,6.0,0.4361111111111111,6,0,1
I04675,U014,F068,2026-01-05T09:45:00,Italian,Mutton,Savory,Medium,Noodles,Lunch,0.0,0.0,1.0,0.0,1.0,1.0,0.5,2.0,1.0,1.0,1.0,7.0,0.11944444444444445,9,0,0
I03601,U014,F093,2026-01-06T01:29:00,Pakistani,Vegetarian,Spicy,Low,Pasta,Lunch,1.0,1.0,0.0,0.0,0.0,1.0,0.5,2.0,1.0,1.0,2.0,8.0,0.6555555555555556,1,1,1
I02900,U014,F068,2026-01-06T03:57:00,Italian,Mutton,Savory,Medium,Noodles,Lunch,0.0,0.0,1.0,0.0,1.0,1.0,0.5,2.0,1.0,2.0,2.0,9.0,0.10277777777777777,3,1,0
I04061,U014,F033,2026-01-06T09:28:00,Mexican,Mutton,Sour,High,Bread,Snack,0.0,0.0,1.0,1.0,0.0,1.0,0.5,2.0,2.0,2.0,2.0,10.0,0.2298611111111111,9,1,0
I04329,U014,F066,2026-01-06T23:40:00,Pakistani,Chicken,Spicy,High,Rice,Dinner,1.0,1.0,0.0,1.0,0.0,1.0,0.6666666666666666,2.0,3.0,2.0,2.0,11.0,0.5916666666666667,23,1,1
I04227,U014,F050,2026-01-07T13:25:00,Thai,Vegetarian,Spicy,Low,Curry,Breakfast,0.0,1.0,0.0,0.0,1.0,0.0,0.3333333333333333,3.0,3.0,2.0,2.0,12.0,0.5729166666666666,13,2,0
I01161,U014,F007,2026-01-08T02:24:00,Chinese,Mutton,Savory,Low,Pasta,Breakfast,0.0,0.0,1.0,0.0,0.0,0.0,0.16666666666666666,3.0,4.0,2.0,2.0,13.0,0.5409722222222222,2,3,0
I00937,U014,F098,2026-01-09T04:07:00,Mexican,Mutton,Spicy,Medium,Bread,Dinner,0.0,0.0,0.0,0.0,0.0,1.0,0.16666666666666666,3.0,5.0,2.0,2.0,14.0,1.0715277777777779,4,4,1
I03375,U014,F069,2026-01-11T20:05:00,Mexican,Chicken,Sweet,High,Pasta,Lunch,0.0,1.0,1.0,1.0,0.0,1.0,0.6666666666666666,4.0,5.0,2.0,2.0,16.0,0.17152777777777778,20,6,1
I00913,U014,F079,2026-01-14T01:11:00,Italian,Chicken,Sour,Low,Curry,Lunch,0.0,1.0,1.0,0.0,1.0,1.0,0.6666666666666666,4.0,5.0,3.0,2.0,17.0,2.2125,1,2,1
I01700,U014,F029,2026-01-15T06:40:00,Indian,Chicken,Savory,Medium,Bread,Lunch,1.0,1.0,1.0,0.0,0.0,1.0,0.6666666666666666,4.0,5.0,3.0,2.0,18.0,1.2284722222222222,6,3,0
I03090,U014,F092,2026-01-17T23:42:00,Indian,Beef,Spicy,High,Curry,Snack,1.0,1.0,0.0,1.0,1.0,1.0,0.8333333333333334,4.0,5.0,3.0,3.0,19.0,2.709722222222222,23,5,1
I04463,U014,F095,2026-01-18T09:29:00,Thai,Vegetarian,Sour,High,Pasta,Lunch,0.0,1.0,1.0,1.0,0.0,1.0,0.6666666666666666,4.0,5.0,4.0,3.0,20.0,0.4076388888888889,9,6,1
I04545,U014,F047,2026-01-19T06:17:00,Indian,Mutton,Sour,Medium,Pasta,Snack,1.0,0.0,1.0,0.0,0.0,1.0,0.5,5.0,5.0,4.0,3.0,22.0,0.2111111111111111,6,0,1
I03613,U014,F038,2026-01-19T14:53:00,Chinese,Vegetarian,Spicy,High,Curry,Snack,0.0,1.0,0.0,1.0,1.0,1.0,0.6666666666666666,5.0,5.0,5.0,3.0,23.0,0.35833333333333334,14,0,0
I01134,U014,F037,2026-01-24T13:56:00,Italian,Chicken,Creamy,Low,Bread,Snack,0.0,1.0,0.0,0.0,0.0,1.0,0.3333333333333333,5.0,6.0,5.0,3.0,24.0,4.960416666666666,13,5,0
I00076,U014,F079,2026-01-26T04:11:00,Italian,Chicken,Sour,Low,Curry,Lunch,0.0,1.0,1.0,0.0,1.0,1.0,0.6666666666666666,5.0,7.0,5.0,3.0,25.0,1.59375,4,0,1
I00556,U014,F096,2026-01-28T14:05:00,Mexican,Fish,Sour,Medium,Noodles,Dinner,0.0,0.0,1.0,0.0,1.0,1.0,0.5,5.0,7.0,5.0,3.0,26.0,2.4125,14,2,0
I00029,U014,F044,2026-01-29T04:41:00,Pakistani,Fish,Creamy,Low,Rice,Breakfast,1.0,0.0,0.0,0.0,0.0,0.0,0.16666666666666666,5.0,7.0,5.0,4.0,27.0,0.6083333333333333,4,3,0
I04426,U014,F093,2026-01-29T14:22:00,Pakistani,Vegetarian,Spicy,Low,Pasta,Lunch,1.0,1.0,0.0,0.0,0.0,1.0,0.5,5.0,7.0,5.0,5.0,28.0,0.40347222222222223,14,3,1
I01740,U014,F060,2026-01-30T19:10:00,Mexican,Chicken,Spicy,Medium,Rice,Breakfast,0.0,1.0,0.0,0.0,0.0,0.0,0.16666666666666666,6.0,7.0,5.0,5.0,29.0,1.2,19,4,0
I02684,U014,F052,2026-02-01T20:50:00,Pakistani,Vegetarian,Spicy,High,Curry,Breakfast,1.0,1.0,0.0,1.0,1.0,0.0,0.6666666666666666,6.0,8.0,5.0,5.0,31.0,0.7319444444444444,20,6,1
I00816,U014,F002,2026-02-02T02:18:00,Chinese,Beef,Savory,High,Curry,Breakfast,0.0,1.0,1.0,1.0,1.0,0.0,0.6666666666666666,7.0,8.0,5.0,5.0,32.0,0.22777777777777777,2,0,1
I04894,U014,F054,2026-02-02T13:15:00,Italian,Beef,Sweet,Low,Bread,Snack,0.0,1.0,1.0,0.0,0.0,1.0,0.5,7.0,8.0,6.0,5.0,33.0,0.45625,13,0,1
I03554,U014,F002,2026-02-02T13:56:00,Chinese,Beef,Savory,High,Curry,Breakfast,0.0,1.0,1.0,1.0,1.0,0.0,0.6666666666666666,8.0,8.0,6.0,5.0,34.0,0.02847222222222222,13,0,1
I04266,U014,F073,2026-02-03T01:21:00,Chinese,Fish,Sweet,Medium,Noodles,Lunch,0.0,0.0,1.0,0.0,1.0,1.0,0.5,9.0,8.0,6.0,5.0,35.0,0.4756944444444444,1,1,0
I02218,U014,F026,2026-02-04T07:57:00,Indian,Chicken,Sweet,High,Noodles,Breakfast,1.0,1.0,1.0,1.0,1.0,0.0,0.8333333333333334,9.0,8.0,6.0,6.0,37.0,1.0083333333333333,7,2,1
I02499,U014,F020,2026-02-04T18:59:00,Mexican,Vegetarian,Sour,High,Pasta,Dinner,0.0,1.0,1.0,1.0,0.0,1.0,0.6666666666666666,10.0,8.0,6.0,6.0,38.0,0.4597222222222222,18,2,1
I04589,U014,F039,2026-02-05T02:43:00,Chinese,Fish,Sour,Low,Rice,Breakfast,0.0,0.0,1.0,0.0,0.0,0.0,0.16666666666666666,10.0,8.0,6.0,6.0,39.0,0.32222222222222224,2,3,0
I02755,U014,F075,2026-02-05T10:37:00,Italian,Mutton,Creamy,Medium,Curry,Dinner,0.0,0.0,0.0,0.0,1.0,1.0,0.3333333333333333,10.0,8.0,6.0,7.0,40.0,0.32916666666666666,10,3,0
I01107,U014,F019,2026-02-05T15:00:00,Italian,Beef,Spicy,High,Curry,Dinner,0.0,1.0,0.0,1.0,1.0,1.0,0.6666666666666666,10.0,9.0,6.0,7.0,41.0,0.18263888888888888,15,3,1
I02598,U014,F060,2026-02-07T21:47:00,Mexican,Chicken,Spicy,Medium,Rice,Breakfast,0.0,1.0,0.0,0.0,0.0,0.0,0.16666666666666666,11.0,9.0,6.0,7.0,42.0,2.282638888888889,21,5,0
I02648,U014,F010,2026-02-08T03:56:00,Mexican,Vegetarian,Sweet,High,Noodles,Breakfast,0.0,1.0,1.0,1.0,1.0,0.0,0.6666666666666666,11.0,10.0,6.0,7.0,43.0,0.25625,3,6,1
I03537,U014,F009,2026-02-08T06:27:00,Thai,Chicken,Sour,Low,Curry,Dinner,0.0,1.0,1.0,0.0,1.0,1.0,0.6666666666666666,12.0,10.0,6.0,7.0,44.0,0.10486111111111111,6,6,1
I01885,U014,F018,2026-02-09T18:52:00,Chinese,Fish,Sour,High,Pasta,Lunch,0.0,0.0,1.0,1.0,0.0,1.0,0.5,13.0,10.0,6.0,7.0,45.0,1.5173611111111112,18,0,0
I03590,U014,F021,2026-02-10T14:08:00,Chinese,Beef,Creamy,Medium,Rice,Breakfast,0.0,1.0,0.0,0.0,0.0,0.0,0.16666666666666666,13.0,10.0,6.0,8.0,46.0,0.8027777777777778,14,1,0
I00289,U014,F055,2026-02-11T09:40:00,Chinese,Mutton,Sour,Medium,Rice,Breakfast,0.0,0.0,1.0,0.0,0.0,0.0,0.16666666666666666,13.0,10.0,6.0,9.0,47.0,0.8138888888888889,9,2,0
I02295,U014,F072,2026-02-11T13:41:00,Chinese,Chicken,Sour,Low,Pasta,Lunch,0.0,1.0,1.0,0.0,0.0,1.0,0.5,13.0,10.0,6.0,10.0,48.0,0.1673611111111111,13,2,0
I02508,U014,F064,2026-02-11T15:37:00,Pakistani,Chicken,Sweet,Low,Bread,Lunch,1.0,1.0,1.0,0.0,0.0,1.0,0.6666666666666666,13.0,10.0,6.0,11.0,49.0,0.08055555555555556,15,2,0
I01772,U014,F020,2026-02-12T01:48:00,Mexican,Vegetarian,Sour,High,Pasta,Dinner,0.0,1.0,1.0,1.0,0.0,1.0,0.6666666666666666,13.0,11.0,6.0,11.0,50.0,0.42430555555555555,1,3,1
I03745,U014,F092,2026-02-13T23:47:00,Indian,Beef,Spicy,High,Curry,Snack,1.0,1.0,0.0,1.0,1.0,1.0,0.8333333333333334,14.0,11.0,6.0,11.0,51.0,1.9159722222222222,23,4,1
I04972,U014,F044,2026-02-14T05:34:00,Pakistani,Fish,Creamy,Low,Rice,Breakfast,1.0,0.0,0.0,0.0,0.0,0.0,0.16666666666666666,15.0,11.0,6.0,11.0,52.0,0.24097222222222223,5,5,0
I00823,U014,F074,2026-02-15T02:15:00,Pakistani,Beef,Sour,Medium,Bread,Breakfast,1.0,1.0,1.0,0.0,0.0,0.0,0.5,15.0,12.0,6.0,11.0,53.0,0.8618055555555556,2,6,0
I01359,U014,F057,2026-02-17T04:44:00,Thai,Mutton,Spicy,Medium,Rice,Lunch,0.0,0.0,0.0,0.0,0.0,1.0,0.16666666666666666,15.0,12.0,6.0,12.0,54.0,2.1034722222222224,4,1,0
I01332,U014,F040,2026-02-17T22:33:00,Mexican,Fish,Sweet,Medium,Pasta,Snack,0.0,0.0,1.0,0.0,0.0,1.0,0.3333333333333333,15.0,12.0,6.0,13.0,56.0,0.07152777777777777,22,1,0
I02660,U014,F081,2026-02-21T11:24:00,Mexican,Chicken,Sweet,High,Bread,Snack,0.0,1.0,1.0,1.0,0.0,1.0,0.6666666666666666,15.0,13.0,6.0,13.0,58.0,1.1604166666666667,11,5,1
I02774,U014,F092,2026-02-22T03:39:00,Indian,Beef,Spicy,High,Curry,Snack,1.0,1.0,0.0,1.0,1.0,1.0,0.8333333333333334,16.0,13.0,6.0,13.0,60.0,0.04791666666666667,3,6,1
I03952,U014,F094,2026-02-23T23:36:00,Indian,Vegetarian,Creamy,High,Bread,Snack,1.0,1.0,0.0,1.0,0.0,1.0,0.6666666666666666,16.0,13.0,7.0,13.0,61.0,1.83125,23,0,1
I02219,U014,F099,2026-02-26T04:12:00,Thai,Chicken,Spicy,Low,Noodles,Snack,0.0,1.0,0.0,0.0,1.0,1.0,0.5,16.0,13.0,7.0,13.0,62.0,2.191666666666667,4,3,1
I01674,U014,F090,2026-02-28T01:18:00,Indian,Fish,Creamy,Low,Pasta,Snack,1.0,0.0,0.0,0.0,0.0,1.0,0.3333333333333333,17.0,13.0,7.0,13.0,63.0,1.8791666666666667,1,5,0
I04255,U014,F013,2026-03-01T19:55:00,Italian,Mutton,Spicy,High,Bread,Breakfast,0.0,0.0,0.0,1.0,0.0,0.0,0.16666666666666666,17.0,14.0,7.0,13.0,64.0,1.7756944444444445,19,6,0
I00662,U014,F022,2026-03-02T18:43:00,Pakistani,Beef,Spicy,High,Pasta,Breakfast,1.0,1.0,0.0,1.0,0.0,0.0,0.5,17.0,15.0,7.0,13.0,66.0,0.6159722222222223,18,0,1
I04526,U014,F070,2026-03-03T03:22:00,Chinese,Beef,Spicy,Medium,Rice,Lunch,0.0,1.0,0.0,0.0,0.0,1.0,0.3333333333333333,18.0,15.0,7.0,13.0,67.0,0.36041666666666666,3,1,0
I02547,U014,F039,2026-03-03T21:40:00,Chinese,Fish,Sour,Low,Rice,Breakfast,0.0,0.0,1.0,0.0,0.0,0.0,0.16666666666666666,18.0,16.0,7.0,13.0,69.0,0.4166666666666667,21,1,0
I00223,U048,F050,2026-01-01T10:31:00,Thai,Vegetarian,Spicy,Low,Curry,Breakfast,0.0,1.0,1.0,1.0,1.0,0.0,0.6666666666666666,0.0,0.0,0.0,0.0,0.0,-1.0,10,3,1
I04612,U048,F048,2026-01-01T15:20:00,Chinese,Beef,Sweet,Low,Rice,Breakfast,0.0,0.0,0.0,1.0,0.0,0.0,0.16666666666666666,1.0,0.0,0.0,0.0,1.0,0.20069444444444445,15,3,0
I02514,U048,F048,2026-01-03T10:09:00,Chinese,Beef,Sweet,Low,Rice,Breakfast,0.0,0.0,0.0,1.0,0.0,0.0,0.16666666666666666,1.0,0.0,0.0,1.0,4.0,0.6798611111111111,10,5,1
I02391,U048,F003,2026-01-06T15:41:00,Thai,Fish,Savory,Low,Rice,Lunch,0.0,1.0,0.0,1.0,0.0,1.0,0.5,2.0,0.0,0.0,1.0,5.0,3.2305555555555556,15,1,1
I04422,U048,F049,2026-01-10T00:03:00,Mexican,Mutton,Savory,Low,Curry,Snack,1.0,0.0,0.0,1.0,1.0,1.0,0.6666666666666666,3.0,0.0,0.0,1.0,6.0,3.348611111111111,0,5,0
I02101,U048,F033,2026-01-11T14:47:00,Mexican,Mutton,Sour,High,Bread,Snack,1.0,0.0,0.0,1.0,0.0,1.0,0.5,3.0,0.0,0.0,2.0,7.0,1.613888888888889,14,6,0
I04842,U048,F037,2026-01-11T17:47:00,Italian,Chicken,Creamy,Low,Bread,Snack,1.0,1.0,0.0,1.0,0.0,1.0,0.6666666666666666,3.0,0.0,0.0,3.0,8.0,0.125,17,6,1
I03821,U048,F030,2026-01-12T19:16:00,Pakistani,Beef,Creamy,Low,Rice,Snack,0.0,0.0,0.0,1.0,0.0,1.0,0.3333333333333333,4.0,0.0,0.0,3.0,10.0,0.7979166666666667,19,0,0
I04939,U048,F079,2026-01-14T15:43:00,Italian,Chicken,Sour,Low,Curry,Lunch,1.0,1.0,0.0,1.0,1.0,1.0,0.8333333333333334,4.0,0.0,0.0,4.0,11.0,1.8520833333333333,15,2,1
I03922,U048,F019,2026-01-15T13:52:00,Italian,Beef,Spicy,High,Curry,Dinner,1.0,0.0,1.0,1.0,1.0,1.0,0.8333333333333334,5.0,0.0,0.0,4.0,12.0,0.9229166666666667,13,3,1
I04004,U048,F095,2026-01-16T04:18:00,Thai,Vegetarian,Sour,High,Pasta,Lunch,0.0,1.0,0.0,1.0,1.0,1.0,0.6666666666666666,6.0,0.0,0.0,4.0,13.0,0.6013888888888889,4,4,1
I04417,U048,F017,2026-01-17T18:17:00,Indian,Mutton,Savory,Low,Curry,Dinner,0.0,0.0,0.0,1.0,1.0,1.0,0.5,6.0,0.0,1.0,4.0,14.0,1.582638888888889,18,5,0
I04887,U048,F037,2026-01-18T07:25:00,Italian,Chicken,Creamy,Low,Bread,Snack,1.0,1.0,0.0,1.0,0.0,1.0,0.6666666666666666,6.0,0.0,1.0,5.0,15.0,0.5472222222222223,7,6,0
I01608,U048,F044,2026-01-18T16:23:00,Pakistani,Fish,Creamy,Low,Rice,Breakfast,0.0,1.0,0.0,1.0,0.0,0.0,0.3333333333333333,6.0,1.0,1.0,5.0,16.0,0.3736111111111111,16,6,0
I00609,U048,F030,2026-01-21T03:25:00,Pakistani,Beef,Creamy,Low,Rice,Snack,0.0,0.0,0.0,1.0,0.0,1.0,0.3333333333333333,6.0,2.0,1.0,5.0,17.0,2.459722222222222,3,2,0
I01043,U048,F036,2026-01-21T17:05:00,Pakistani,Chicken,Savory,Low,Rice,Breakfast,0.0,1.0,0.0,1.0,0.0,0.0,0.3333333333333333,6.0,2.0,1.0,6.0,18.0,0.5694444444444444,17,2,0
I00660,U048,F076,2026-01-22T06:16:00,Pakistani,Chicken,Sweet,Low,Curry,Dinner,0.0,1.0,0.0,1.0,1.0,1.0,0.6666666666666666,6.0,3.0,1.0,6.0,19.0,0.5493055555555556,6,3,1
I04035,U048,F048,2026-01-22T18:57:00,Chinese,Beef,Sweet,Low,Rice,Breakfast,0.0,0.0,0.0,1.0,0.0,0.0,0.16666666666666666,6.0,3.0,2.0,6.0,20.0,0.5284722222222222,18,3,1
I01689,U048,F025,2026-01-22T20:30:00,Mexican,Mutton,Savory,Medium,Pasta,Lunch,1.0,0.0,0.0,1.0,1.0,1.0,0.6666666666666666,6.0,3.0,3.0,6.0,21.0,0.06458333333333334,20,3,1
I03284,U048,F018,2026-01-24T02:32:00,Chinese,Fish,Sour,High,Pasta,Lunch,0.0,1.0,0.0,1.0,1.0,1.0,0.6666666666666666,6.0,3.0,4.0,6.0,23.0,0.9548611111111112,2,5,1
I03872,U048,F087,2026-01-24T13:27:00,Mexican,Chicken,Sweet,High,Curry,Dinner,1.0,1.0,0.0,1.0,1.0,1.0,0.8333333333333334,7.0,3.0,4.0,6.0,24.0,0.4548611111111111,13,5,1
I01475,U048,F001,2026-01-25T13:14:00,Mexican,Chicken,Savory,High,Bread,Lunch,1.0,1.0,0.0,1.0,0.0,1.0,0.6666666666666666,7.0,3.0,5.0,6.0,25.0,0.9909722222222223,13,6,1
I03583,U048,F095,2026-01-26T06:54:00,Thai,Vegetarian,Sour,High,Pasta,Lunch,0.0,1.0,0.0,1.0,1.0,1.0,0.6666666666666666,7.0,3.0,6.0,6.0,27.0,0.7236111111111111,6,0,1
I00632,U048,F088,2026-01-26T08:00:00,Pakistani,Beef,Sweet,Low,Noodles,Lunch,0.0,0.0,0.0,1.0,0.0,1.0,0.3333333333333333,7.0,3.0,7.0,6.0,28.0,0.04583333333333333,8,0,0
I00633,U048,F031,2026-01-26T08:31:00,Pakistani,Vegetarian,Spicy,Low,Pasta,Lunch,0.0,1.0,1.0,1.0,1.0,1.0,0.8333333333333334,7.0,4.0,7.0,6.0,29.0,0.021527777777777778,8,0,0
I03558,U048,F008,2026-01-27T01:54:00,Italian,Mutton,Creamy,Medium,Rice,Snack,1.0,0.0,0.0,1.0,0.0,1.0,0.5,7.0,5.0,7.0,6.0,30.0,0.7243055555555555,1,1,1
I01133,U048,F064,2026-01-27T20:28:00,Pakistani,Chicken,Sweet,Low,Bread,Lunch,0.0,1.0,0.0,1.0,0.0,1.0,0.5,7.0,5.0,8.0,6.0,32.0,0.19652777777777777,20,1,1
I00964,U048,F032,2026-01-29T20:11:00,Italian,Vegetarian,Creamy,Medium,Noodles,Lunch,1.0,1.0,0.0,1.0,0.0,1.0,0.6666666666666666,8.0,5.0,8.0,6.0,33.0,1.9881944444444444,20,3,1
I04945,U048,F035,2026-01-30T02:05:00,Italian,Chicken,Creamy,High,Noodles,Lunch,1.0,1.0,0.0,1.0,0.0,1.0,0.6666666666666666,9.0,5.0,8.0,6.0,35.0,0.1763888888888889,2,4,1
I02903,U048,F068,2026-01-30T22:01:00,Italian,Mutton,Savory,Medium,Noodles,Lunch,1.0,0.0,0.0,1.0,0.0,1.0,0.5,9.0,5.0,9.0,6.0,36.0,0.8305555555555556,22,4,1
I02163,U048,F024,2026-02-01T07:47:00,Thai,Chicken,Savory,High,Curry,Dinner,0.0,1.0,0.0,1.0,1.0,1.0,0.6666666666666666,10.0,5.0,9.0,6.0,37.0,1.4069444444444446,7,6,0
I03398,U048,F068,2026-02-03T08:27:00,Italian,Mutton,Savory,Medium,Noodles,Lunch,1.0,0.0,0.0,1.0,0.0,1.0,0.5,10.0,5.0,9.0,7.0,39.0,0.04236111111111111,8,1,1
I03440,U048,F023,2026-02-03T09:06:00,Indian,Fish,Creamy,Medium,Curry,Dinner,0.0,1.0,0.0,1.0,1.0,1.0,0.6666666666666666,10.0,5.0,9.0,7.0,40.0,0.027083333333333334,9,1,1
I00750,U048,F069,2026-02-03T18:43:00,Mexican,Chicken,Sweet,High,Pasta,Lunch,1.0,1.0,0.0,1.0,1.0,1.0,0.8333333333333334,10.0,5.0,9.0,7.0,41.0,0.40069444444444446,18,1,1
I04489,U048,F081,2026-02-04T07:15:00,Mexican,Chicken,Sweet,High,Bread,Snack,1.0,1.0,0.0,1.0,0.0,1.0,0.6666666666666666,10.0,5.0,10.0,7.0,42.0,0.5222222222222223,7,2,1
I04388,U048,F029,2026-02-05T08:59:00,Indian,Chicken,Savory,Medium,Bread,Lunch,0.0,1.0,0.0,1.0,0.0,1.0,0.5,11.0,5.0,10.0,7.0,44.0,0.8180555555555555,8,3,0
I00620,U048,F091,2026-02-06T19:05:00,Indian,Beef,Spicy,High,Rice,Breakfast,0.0,0.0,1.0,1.0,0.0,0.0,0.3333333333333333,11.0,5.0,10.0,8.0,45.0,1.4208333333333334,19,4,1
I01442,U048,F027,2026-02-09T00:13:00,Mexican,Mutton,Creamy,High,Noodles,Lunch,1.0,0.0,0.0,1.0,0.0,1.0,0.5,12.0,5.0,10.0,8.0,48.0,1.1076388888888888,0,0,0
I02453,U048,F097,2026-02-10T13:01:00,Thai,Fish,Spicy,Medium,Pasta,Breakfast,0.0,1.0,1.0,1.0,1.0,0.0,0.6666666666666666,12.0,6.0,10.0,8.0,49.0,1.5333333333333334,13,1,1
I02423,U048,F098,2026-02-12T18:49:00,Mexican,Mutton,Spicy,Medium,Bread,Dinner,1.0,0.0,1.0,1.0,0.0,1.0,0.6666666666666666,12.0,6.0,10.0,8.0,51.0,0.75625,18,3,0
I04952,U048,F066,2026-02-13T14:13:00,Pakistani,Chicken,Spicy,High,Rice,Dinner,0.0,1.0,1.0,1.0,0.0,1.0,0.6666666666666666,12.0,6.0,10.0,9.0,52.0,0.8083333333333333,14,4,1
I02447,U048,F087,2026-02-16T23:49:00,Mexican,Chicken,Sweet,High,Curry,Dinner,1.0,1.0,0.0,1.0,1.0,1.0,0.8333333333333334,13.0,6.0,10.0,9.0,54.0,1.7520833333333334,23,0,1
I02356,U048,F066,2026-02-17T23:14:00,Pakistani,Chicken,Spicy,High,Rice,Dinner,0.0,1.0,1.0,1.0,0.0,1.0,0.6666666666666666,13.0,6.0,11.0,9.0,56.0,0.6138888888888889,23,1,1
I04980,U048,F094,2026-02-18T17:37:00,Indian,Vegetarian,Creamy,High,Bread,Snack,0.0,1.0,0.0,1.0,0.0,1.0,0.5,14.0,6.0,11.0,9.0,57.0,0.7659722222222223,17,2,0
I03399,U048,F070,2026-02-19T13:22:00,Chinese,Beef,Spicy,Medium,Rice,Lunch,0.0,0.0,1.0,1.0,0.0,1.0,0.5,14.0,6.0,11.0,10.0,58.0,0.8229166666666666,13,3,0
I03802,U048,F066,2026-02-19T16:55:00,Pakistani,Chicken,Spicy,High,Rice,Dinner,0.0,1.0,1.0,1.0,0.0,1.0,0.6666666666666666,14.0,7.0,11.0,10.0,59.0,0.14791666666666667,16,3,1
I03054,U048,F096,2026-02-20T09:53:00,Mexican,Fish,Sour,Medium,Noodles,Dinner,1.0,1.0,0.0,1.0,0.0,1.0,0.6666666666666666,15.0,7.0,11.0,10.0,60.0,0.7069444444444445,9,4,0
I03236,U048,F014,2026-02-20T15:02:00,Thai,Beef,Creamy,High,Noodles,Lunch,0.0,0.0,0.0,1.0,0.0,1.0,0.3333333333333333,15.0,8.0,11.0,10.0,61.0,0.21458333333333332,15,4,0
I02890,U048,F094,2026-02-22T01:27:00,Indian,Vegetarian,Creamy,High,Bread,Snack,0.0,1.0,0.0,1.0,0.0,1.0,0.5,15.0,8.0,11.0,11.0,62.0,1.4340277777777777,1,6,1
I02364,U048,F035,2026-02-22T12:52:00,Italian,Chicken,Creamy,High,Noodles,Lunch,1.0,1.0,0.0,1.0,0.0,1.0,0.6666666666666666,15.0,8.0,12.0,11.0,63.0,0.4756944444444444,12,6,1
I01447,U048,F024,2026-02-22T15:02:00,Thai,Chicken,Savory,High,Curry,Dinner,0.0,1.0,0.0,1.0,1.0,1.0,0.6666666666666666,16.0,8.0,12.0,11.0,64.0,0.09027777777777778,15,6,0
I01930,U048,F013,2026-02-25T00:49:00,Italian,Mutton,Spicy,High,Bread,Breakfast,1.0,0.0,1.0,1.0,0.0,0.0,0.5,16.0,9.0,12.0,11.0,65.0,2.407638888888889,0,2,1
I03612,U048,F040,2026-02-25T04:24:00,Mexican,Fish,Sweet,Medium,Pasta,Snack,1.0,1.0,0.0,1.0,1.0,1.0,0.8333333333333334,17.0,9.0,12.0,11.0,66.0,0.14930555555555555,4,2,1
I03620,U048,F071,2026-02-25T14:24:00,Mexican,Mutton,Sour,High,Noodles,Dinner,1.0,0.0,0.0,1.0,0.0,1.0,0.5,18.0,9.0,12.0,11.0,67.0,0.4166666666666667,14,2,1
I03959,U048,F011,2026-02-27T14:38:00,Pakistani,Beef,Sweet,Low,Noodles,Breakfast,0.0,0.0,0.0,1.0,0.0,0.0,0.16666666666666666,19.0,9.0,12.0,11.0,68.0,2.0097222222222224,14,4,0
I04083,U048,F078,2026-02-27T16:13:00,Indian,Vegetarian,Creamy,Low,Pasta,Lunch,0.0,1.0,0.0,1.0,1.0,1.0,0.6666666666666666,19.0,10.0,12.0,11.0,69.0,0.06597222222222222,16,4,1
I04394,U048,F005,2026-02-27T21:05:00,Mexican,Vegetarian,Sour,Low,Pasta,Dinner,1.0,1.0,0.0,1.0,1.0,1.0,0.8333333333333334,19.0,10.0,12.0,11.0,70.0,0.20277777777777778,21,4,1
I01484,U048,F007,2026-03-04T13:22:00,Chinese,Mutton,Savory,Low,Pasta,Breakfast,0.0,0.0,0.0,1.0,1.0,0.0,0.3333333333333333,20.0,10.0,12.0,11.0,73.0,1.3729166666666666,13,2,0
I04700,U048,F091,2026-03-08T12:39:00,Indian,Beef,Spicy,High,Rice,Breakfast,0.0,0.0,1.0,1.0,0.0,0.0,0.3333333333333333,20.0,10.0,12.0,12.0,75.0,2.111111111111111,12,6,1
I03935,U048,F098,2026-03-11T02:36:00,Mexican,Mutton,Spicy,Medium,Bread,Dinner,1.0,0.0,1.0,1.0,0.0,1.0,0.6666666666666666,21.0,10.0,12.0,12.0,76.0,2.58125,2,2,0
I04193,U039,F010,2026-01-01T11:45:00,Mexican,Vegetarian,Sweet,High,Noodles,Breakfast,0.0,0.0,0.0,0.0,1.0,1.0,0.3333333333333333,0.0,0.0,0.0,0.0,0.0,-1.0,11,3,0
I01528,U039,F052,2026-01-02T23:26:00,Pakistani,Vegetarian,Spicy,High,Curry,Breakfast,0.0,0.0,0.0,0.0,0.0,1.0,0.16666666666666666,0.0,1.0,0.0,0.0,2.0,0.02013888888888889,23,4,0
I02649,U039,F053,2026-01-04T10:44:00,Thai,Chicken,Sour,High,Curry,Dinner,0.0,1.0,0.0,0.0,0.0,0.0,0.16666666666666666,0.0,2.0,0.0,0.0,3.0,1.4708333333333334,10,6,0
I04580,U039,F070,2026-01-07T13:15:00,Chinese,Beef,Spicy,Medium,Rice,Lunch,1.0,1.0,0.0,0.0,1.0,1.0,0.6666666666666666,0.0,3.0,0.0,0.0,4.0,3.104861111111111,13,2,1
I01775,U039,F064,2026-01-07T22:03:00,Pakistani,Chicken,Sweet,Low,Bread,Lunch,0.0,1.0,0.0,1.0,0.0,1.0,0.5,1.0,3.0,0.0,0.0,5.0,0.36666666666666664,22,2,0
I02933,U039,F051,2026-01-08T03:59:00,Chinese,Chicken,Creamy,Low,Noodles,Snack,1.0,1.0,1.0,1.0,1.0,0.0,0.8333333333333334,1.0,4.0,0.0,0.0,6.0,0.24722222222222223,3,3,0
I01293,U039,F073,2026-01-09T04:20:00,Chinese,Fish,Sweet,Medium,Noodles,Lunch,1.0,0.0,0.0,0.0,1.0,1.0,0.5,1.0,5.0,0.0,0.0,7.0,1.0145833333333334,4,4,1
I03325,U039,F014,2026-01-11T03:25:00,Thai,Beef,Creamy,High,Noodles,Lunch,0.0,1.0,1.0,0.0,1.0,1.0,0.6666666666666666,1.0,5.0,1.0,0.0,8.0,1.9618055555555556,3,6,0
I01634,U039,F021,2026-01-11T08:21:00,Chinese,Beef,Creamy,Medium,Rice,Breakfast,1.0,1.0,1.0,0.0,1.0,1.0,0.8333333333333334,1.0,6.0,1.0,0.0,9.0,0.20555555555555555,8,6,1
I04600,U039,F018,2026-01-12T13:54:00,Chinese,Fish,Sour,High,Pasta,Lunch,1.0,0.0,0.0,0.0,0.0,1.0,0.3333333333333333,2.0,6.0,1.0,0.0,11.0,0.9659722222222222,13,0,0
I04373,U039,F004,2026-01-12T18:40:00,Chinese,Vegetarian,Creamy,Low,Curry,Lunch,1.0,0.0,1.0,1.0,0.0,1.0,0.6666666666666666,2.0,7.0,1.0,0.0,12.0,0.1986111111111111,18,0,1
I03684,U039,F029,2026-01-13T07:54:00,Indian,Chicken,Savory,Medium,Bread,Lunch,0.0,1.0,0.0,0.0,0.0,1.0,0.3333333333333333,3.0,7.0,1.0,0.0,13.0,0.5513888888888889,7,1,0
I04517,U039,F028,2026-01-14T13:40:00,Italian,Beef,Creamy,High,Rice,Dinner,0.0,1.0,1.0,0.0,1.0,0.0,0.5,3.0,8.0,1.0,0.0,14.0,1.2402777777777778,13,2,1
I01607,U039,F002,2026-01-14T18:30:00,Chinese,Beef,Savory,High,Curry,Breakfast,1.0,1.0,0.0,0.0,0.0,1.0,0.5,3.0,8.0,1.0,0.0,15.0,0.2013888888888889,18,2,0
I01733,U039,F096,2026-01-14T20:43:00,Mexican,Fish,Sour,Medium,Noodles,Dinner,0.0,0.0,0.0,0.0,1.0,0.0,0.16666666666666666,3.0,9.0,1.0,0.0,16.0,0.09236111111111112,20,2,0
I00593,U039,F076,2026-01-17T03:42:00,Pakistani,Chicken,Sweet,Low,Curry,Dinner,0.0,1.0,0.0,1.0,0.0,0.0,0.3333333333333333,3.0,10.0,1.0,0.0,17.0,2.2909722222222224,3,5,1
I01514,U039,F071,2026-01-17T21:14:00,Mexican,Mutton,Sour,High,Noodles,Dinner,0.0,1.0,0.0,0.0,1.0,0.0,0.3333333333333333,4.0,10.0,1.0,0.0,19.0,0.022916666666666665,21,5,1
I03687,U039,F008,2026-01-17T22:28:00,Italian,Mutton,Creamy,Medium,Rice,Snack,0.0,1.0,1.0,0.0,1.0,0.0,0.5,5.0,10.0,1.0,0.0,20.0,0.05138888888888889,22,5,1
I04007,U039,F079,2026-01-19T08:17:00,Italian,Chicken,Sour,Low,Curry,Lunch,0.0,1.0,0.0,1.0,0.0,1.0,0.5,6.0,10.0,1.0,0.0,22.0,0.21597222222222223,8,0,1
I02586,U039,F004,2026-01-19T21:53:00,Chinese,Vegetarian,Creamy,Low,Curry,Lunch,1.0,0.0,1.0,1.0,0.0,1.0,0.6666666666666666,7.0,10.0,1.0,0.0,23.0,0.5666666666666667,21,0,1
I00112,U039,F066,2026-01-21T13:24:00,Pakistani,Chicken,Spicy,High,Rice,Dinner,0.0,1.0,0.0,0.0,1.0,0.0,0.3333333333333333,7.0,10.0,2.0,0.0,26.0,0.8736111111111111,13,2,1
I03408,U039,F049,2026-01-22T13:09:00,Mexican,Mutton,Savory,Low,Curry,Snack,0.0,1.0,0.0,1.0,0.0,0.0,0.3333333333333333,7.0,10.0,2.0,0.0,28.0,0.7326388888888888,13,3,1
I03057,U039,F075,2026-01-23T15:01:00,Italian,Mutton,Creamy,Medium,Curry,Dinner,0.0,1.0,1.0,0.0,0.0,0.0,0.3333333333333333,8.0,10.0,2.0,0.0,29.0,1.0777777777777777,15,4,0
I02327,U039,F100,2026-01-24T01:00:00,Mexican,Beef,Spicy,Low,Pasta,Snack,0.0,1.0,0.0,1.0,0.0,0.0,0.3333333333333333,8.0,11.0,2.0,0.0,30.0,0.41597222222222224,1,5,0
I01097,U039,F031,2026-01-25T00:56:00,Pakistani,Vegetarian,Spicy,Low,Pasta,Lunch,0.0,0.0,0.0,1.0,0.0,1.0,0.3333333333333333,8.0,12.0,2.0,0.0,31.0,0.9972222222222222,0,6,0
I02471,U039,F094,2026-01-25T09:25:00,Indian,Vegetarian,Creamy,High,Bread,Snack,0.0,0.0,1.0,0.0,0.0,0.0,0.16666666666666666,8.0,13.0,2.0,0.0,32.0,0.35347222222222224,9,6,0
I02476,U039,F016,2026-01-25T17:52:00,Mexican,Mutton,Savory,Low,Rice,Dinner,0.0,1.0,0.0,1.0,1.0,0.0,0.5,8.0,13.0,2.0,1.0,33.0,0.35208333333333336,17,6,1
I04522,U039,F006,2026-01-26T08:48:00,Pakistani,Beef,Sour,Medium,Bread,Lunch,0.0,1.0,0.0,0.0,0.0,1.0,0.3333333333333333,9.0,13.0,2.0,1.0,35.0,0.5173611111111112,8,0,1
I03415,U039,F074,2026-01-26T19:06:00,Pakistani,Beef,Sour,Medium,Bread,Breakfast,0.0,1.0,0.0,0.0,0.0,1.0,0.3333333333333333,10.0,13.0,2.0,1.0,36.0,0.42916666666666664,19,0,0
I01963,U039,F046,2026-01-29T03:50:00,Chinese,Fish,Savory,Low,Pasta,Breakfast,1.0,0.0,0.0,1.0,0.0,1.0,0.5,10.0,14.0,2.0,1.0,38.0,1.8465277777777778,3,3,0
I04782,U039,F045,2026-01-30T06:27:00,Pakistani,Beef,Spicy,Medium,Pasta,Snack,0.0,1.0,0.0,0.0,0.0,0.0,0.16666666666666666,10.0,15.0,2.0,1.0,39.0,1.1090277777777777,6,4,1
I02962,U039,F057,2026-01-30T18:24:00,Thai,Mutton,Spicy,Medium,Rice,Lunch,0.0,1.0,0.0,0.0,1.0,1.0,0.5,11.0,15.0,2.0,1.0,40.0,0.4979166666666667,18,4,1
I02593,U039,F066,2026-01-31T19:19:00,Pakistani,Chicken,Spicy,High,Rice,Dinner,0.0,1.0,0.0,0.0,1.0,0.0,0.3333333333333333,12.0,15.0,2.0,1.0,41.0,1.0381944444444444,19,5,1
I02510,U039,F037,2026-02-01T02:39:00,Italian,Chicken,Creamy,Low,Bread,Snack,0.0,1.0,1.0,1.0,0.0,0.0,0.5,12.0,15.0,2.0,1.0,42.0,0.3055555555555556,2,6,0
I02105,U039,F052,2026-02-04T00:10:00,Pakistani,Vegetarian,Spicy,High,Curry,Breakfast,0.0,0.0,0.0,0.0,0.0,1.0,0.16666666666666666,12.0,15.0,2.0,2.0,43.0,2.8965277777777776,0,2,0
I04218,U039,F061,2026-02-04T12:24:00,Mexican,Vegetarian,Spicy,Medium,Bread,Lunch,0.0,0.0,0.0,0.0,0.0,1.0,0.16666666666666666,12.0,15.0,2.0,3.0,44.0,0.5097222222222222,12,2,0
I03696,U039,F012,2026-02-04T16:05:00,Indian,Mutton,Sour,High,Bread,Lunch,0.0,1.0,0.0,0.0,0.0,1.0,0.3333333333333333,12.0,15.0,2.0,4.0,46.0,0.09513888888888888,16,2,1
I04205,U039,F090,2026-02-06T23:37:00,Indian,Fish,Creamy,Low,Pasta,Snack,0.0,0.0,1.0,1.0,0.0,0.0,0.3333333333333333,12.0,15.0,3.0,4.0,47.0,2.313888888888889,23,4,1
I04599,U039,F012,2026-02-07T05:21:00,Indian,Mutton,Sour,High,Bread,Lunch,0.0,1.0,0.0,0.0,0.0,1.0,0.3333333333333333,12.0,15.0,3.0,4.0,48.0,0.2388888888888889,5,5,0
I01859,U039,F070,2026-02-07T08:34:00,Chinese,Beef,Spicy,Medium,Rice,Lunch,1.0,1.0,0.0,0.0,1.0,1.0,0.6666666666666666,12.0,16.0,3.0,4.0,49.0,0.13402777777777777,8,5,1
I01198,U039,F092,2026-02-07T13:19:00,Indian,Beef,Spicy,High,Curry,Snack,0.0,1.0,0.0,0.0,0.0,0.0,0.16666666666666666,13.0,16.0,3.0,4.0,50.0,0.19791666666666666,13,5,0
I00175,U039,F099,2026-02-08T04:53:00,Thai,Chicken,Spicy,Low,Noodles,Snack,0.0,1.0,0.0,1.0,1.0,0.0,0.5,13.0,17.0,3.0,4.0,52.0,0.19444444444444445,4,6,0
I04381,U039,F059,2026-02-10T01:30:00,Thai,Vegetarian,Savory,High,Curry,Dinner,0.0,0.0,0.0,0.0,0.0,0.0,0.0,13.0,18.0,3.0,4.0,53.0,1.8590277777777777,1,1,0
I01506,U039,F089,2026-02-10T04:11:00,Pakistani,Chicken,Spicy,Medium,Curry,Breakfast,0.0,1.0,0.0,0.0,0.0,1.0,0.3333333333333333,13.0,19.0,3.0,4.0,54.0,0.11180555555555556,4,1,1
I01921,U039,F061,2026-02-10T09:11:00,Mexican,Vegetarian,Spicy,Medium,Bread,Lunch,0.0,0.0,0.0,0.0,0.0,1.0,0.16666666666666666,13.0,19.0,4.0,4.0,55.0,0.20833333333333334,9,1,0
I04924,U039,F046,2026-02-12T17:11:00,Chinese,Fish,Savory,Low,Pasta,Breakfast,1.0,0.0,0.0,1.0,0.0,1.0,0.5,13.0,19.0,4.0,5.0,56.0,2.3333333333333335,17,3,0
I03007,U039,F062,2026-02-12T19:51:00,Mexican,Mutton,Spicy,High,Bread,Snack,0.0,1.0,0.0,0.0,0.0,0.0,0.16666666666666666,13.0,20.0,4.0,5.0,57.0,0.1111111111111111,19,3,1
I04847,U039,F017,2026-02-13T02:11:00,Indian,Mutton,Savory,Low,Curry,Dinner,0.0,1.0,0.0,1.0,0.0,0.0,0.3333333333333333,14.0,20.0,4.0,5.0,58.0,0.2638888888888889,2,4,0
I00510,U039,F089,2026-02-13T10:02:00,Pakistani,Chicken,Spicy,Medium,Curry,Breakfast,0.0,1.0,0.0,0.0,0.0,1.0,0.3333333333333333,14.0,20.0,4.0,6.0,59.0,0.32708333333333334,10,4,0
I02077,U039,F023,2026-02-13T17:06:00,Indian,Fish,Creamy,Medium,Curry,Dinner,0.0,0.0,1.0,0.0,0.0,0.0,0.16666666666666666,14.0,21.0,4.0,6.0,60.0,0.29444444444444445,17,4,0
I00261,U039,F050,2026-02-14T12:00:00,Thai,Vegetarian,Spicy,Low,Curry,Breakfast,0.0,0.0,0.0,1.0,0.0,1.0,0.3333333333333333,14.0,22.0,4.0,6.0,61.0,0.7875,12,5,0
I04913,U039,F060,2026-02-15T15:18:00,Mexican,Chicken,Spicy,Medium,Rice,Breakfast,0.0,1.0,0.0,0.0,1.0,1.0,0.5,14.0,22.0,4.0,7.0,62.0,1.1375,15,6,0
I02334,U039,F008,2026-02-17T03:15:00,Italian,Mutton,Creamy,Medium,Rice,Snack,0.0,1.0,1.0,0.0,1.0,0.0,0.5,14.0,23.0,4.0,7.0,63.0,1.4979166666666666,3,1,0
I01166,U039,F017,2026-02-17T17:29:00,Indian,Mutton,Savory,Low,Curry,Dinner,0.0,1.0,0.0,1.0,0.0,0.0,0.3333333333333333,14.0,24.0,4.0,7.0,64.0,0.5930555555555556,17,1,0
I01168,U039,F055,2026-02-17T20:57:00,Chinese,Mutton,Sour,Medium,Rice,Breakfast,1.0,1.0,0.0,0.0,1.0,1.0,0.6666666666666666,14.0,25.0,4.0,7.0,65.0,0.14444444444444443,20,1,1
I03132,U039,F072,2026-02-18T03:23:00,Chinese,Chicken,Sour,Low,Pasta,Lunch,1.0,1.0,0.0,1.0,0.0,1.0,0.6666666666666666,15.0,25.0,4.0,7.0,66.0,0.26805555555555555,3,2,0
I02895,U039,F012,2026-02-19T05:15:00,Indian,Mutton,Sour,High,Bread,Lunch,0.0,1.0,0.0,0.0,0.0,1.0,0.3333333333333333,15.0,26.0,4.0,7.0,67.0,1.0777777777777777,5,3,0
I02945,U039,F009,2026-02-20T17:53:00,Thai,Chicken,Sour,Low,Curry,Dinner,0.0,1.0,0.0,1.0,0.0,0.0,0.3333333333333333,15.0,26.0,4.0,8.0,68.0,1.5263888888888888,17,4,0
I00390,U039,F079,2026-02-25T22:18:00,Italian,Chicken,Sour,Low,Curry,Lunch,0.0,1.0,0.0,1.0,0.0,1.0,0.5,15.0,27.0,4.0,8.0,70.0,2.688888888888889,22,2,0
I01207,U039,F086,2026-02-26T15:36:00,Indian,Fish,Spicy,High,Pasta,Lunch,0.0,0.0,0.0,0.0,0.0,1.0,0.16666666666666666,15.0,27.0,4.0,9.0,72.0,0.28888888888888886,15,3,1
I02888,U039,F078,2026-02-27T09:23:00,Indian,Vegetarian,Creamy,Low,Pasta,Lunch,0.0,0.0,1.0,1.0,0.0,1.0,0.5,16.0,27.0,4.0,9.0,73.0,0.7409722222222223,9,4,0
I02335,U011,F001,2026-01-01T11:09:00,Mexican,Chicken,Savory,High,Bread,Lunch,0.0,1.0,1.0,1.0,0.0,0.0,0.5,0.0,0.0,0.0,0.0,0.0,-1.0,11,3,0
I01264,U011,F008,2026-01-04T01:59:00,Italian,Mutton,Creamy,Medium,Rice,Snack,1.0,0.0,0.0,1.0,0.0,0.0,0.3333333333333333,0.0,0.0,0.0,1.0,1.0,2.6180555555555554,1,6,0
I04232,U011,F008,2026-01-04T04:53:00,Italian,Mutton,Creamy,Medium,Rice,Snack,1.0,0.0,0.0,1.0,0.0,0.0,0.3333333333333333,0.0,1.0,0.0,1.0,2.0,0.12083333333333333,4,6,0
I04994,U011,F043,2026-01-05T04:26:00,Chinese,Fish,Spicy,Medium,Pasta,Lunch,0.0,0.0,1.0,1.0,1.0,0.0,0.5,0.0,2.0,0.0,1.0,3.0,0.98125,4,0,0
I02482,U011,F076,2026-01-07T11:08:00,Pakistani,Chicken,Sweet,Low,Curry,Dinner,0.0,1.0,1.0,1.0,0.0,1.0,0.6666666666666666,0.0,3.0,0.0,1.0,4.0,2.279166666666667,11,2,1
I03096,U011,F062,2026-01-08T05:40:00,Mexican,Mutton,Spicy,High,Bread,Snack,0.0,0.0,1.0,1.0,0.0,0.0,0.3333333333333333,0.0,3.0,0.0,1.0,5.0,0.7722222222222223,5,3,1
I02669,U011,F005,2026-01-09T07:28:00,Mexican,Vegetarian,Sour,Low,Pasta,Dinner,0.0,0.0,0.0,1.0,1.0,1.0,0.5,0.0,3.0,1.0,1.0,6.0,1.075,7,4,1
I01370,U011,F015,2026-01-09T13:16:00,Indian,Fish,Sweet,High,Curry,Lunch,1.0,0.0,1.0,1.0,0.0,0.0,0.5,0.0,3.0,2.0,1.0,7.0,0.24166666666666667,13,4,1
I03993,U011,F077,2026-01-10T12:40:00,Pakistani,Chicken,Creamy,Medium,Bread,Dinner,0.0,1.0,0.0,1.0,0.0,1.0,0.5,1.0,3.0,2.0,1.0,8.0,0.975,12,5,1
I03592,U011,F046,2026-01-11T13:37:00,Chinese,Fish,Savory,Low,Pasta,Breakfast,0.0,0.0,1.0,1.0,1.0,1.0,0.6666666666666666,2.0,3.0,2.0,1.0,9.0,1.0395833333333333,13,6,1
I03297,U011,F089,2026-01-12T04:39:00,Pakistani,Chicken,Spicy,Medium,Curry,Breakfast,0.0,1.0,1.0,1.0,0.0,1.0,0.6666666666666666,3.0,3.0,2.0,1.0,10.0,0.6263888888888889,4,0,1
I00391,U011,F078,2026-01-13T11:18:00,Indian,Vegetarian,Creamy,Low,Pasta,Lunch,1.0,0.0,0.0,1.0,1.0,0.0,0.5,3.0,3.0,3.0,1.0,12.0,0.8743055555555556,11,1,0
I00442,U011,F085,2026-01-13T16:04:00,Indian,Vegetarian,Creamy,High,Bread,Snack,1.0,0.0,0.0,1.0,0.0,0.0,0.3333333333333333,3.0,4.0,3.0,1.0,13.0,0.1986111111111111,16,1,0
I03250,U011,F067,2026-01-14T05:09:00,Thai,Vegetarian,Spicy,Medium,Noodles,Breakfast,1.0,0.0,1.0,1.0,0.0,1.0,0.6666666666666666,3.0,5.0,3.0,1.0,14.0,0.5451388888888888,5,2,1
I04036,U011,F023,2026-01-14T18:12:00,Indian,Fish,Creamy,Medium,Curry,Dinner,1.0,0.0,0.0,1.0,0.0,1.0,0.5,3.0,5.0,4.0,1.0,15.0,0.54375,18,2,1
I03992,U011,F006,2026-01-14T19:17:00,Pakistani,Beef,Sour,Medium,Bread,Lunch,0.0,1.0,0.0,1.0,0.0,0.0,0.3333333333333333,4.0,5.0,4.0,1.0,16.0,0.04513888888888889,19,2,0
I03678,U011,F039,2026-01-17T03:59:00,Chinese,Fish,Sour,Low,Rice,Breakfast,0.0,0.0,0.0,1.0,0.0,1.0,0.3333333333333333,4.0,5.0,4.0,2.0,17.0,2.3625,3,5,0
I00850,U011,F037,2026-01-17T17:20:00,Italian,Chicken,Creamy,Low,Bread,Snack,1.0,1.0,0.0,1.0,0.0,0.0,0.5,4.0,6.0,4.0,2.0,18.0,0.55625,17,5,0
I00939,U011,F057,2026-01-18T03:24:00,Thai,Mutton,Spicy,Medium,Rice,Lunch,1.0,0.0,1.0,1.0,0.0,0.0,0.5,4.0,6.0,4.0,3.0,19.0,0.41944444444444445,3,6,1
I03829,U011,F026,2026-01-19T00:29:00,Indian,Chicken,Sweet,High,Noodles,Breakfast,1.0,1.0,1.0,1.0,0.0,1.0,0.8333333333333334,4.0,6.0,5.0,3.0,20.0,0.8784722222222222,0,0,1
I00985,U011,F036,2026-01-20T06:58:00,Pakistani,Chicken,Savory,Low,Rice,Breakfast,0.0,1.0,1.0,1.0,0.0,1.0,0.6666666666666666,4.0,6.0,6.0,3.0,21.0,1.270138888888889,6,1,1
I00302,U011,F057,2026-01-20T14:03:00,Thai,Mutton,Spicy,Medium,Rice,Lunch,1.0,0.0,1.0,1.0,0.0,0.0,0.5,5.0,6.0,6.0,3.0,22.0,0.2951388888888889,14,1,1
I02612,U011,F050,2026-01-21T03:06:00,Thai,Vegetarian,Spicy,Low,Curry,Breakfast,1.0,0.0,1.0,1.0,0.0,1.0,0.6666666666666666,6.0,6.0,6.0,3.0,23.0,0.54375,3,2,1
I04269,U011,F057,2026-01-21T07:38:00,Thai,Mutton,Spicy,Medium,Rice,Lunch,1.0,0.0,1.0,1.0,0.0,0.0,0.5,6.0,6.0,7.0,3.0,24.0,0.18888888888888888,7,2,1
I04002,U011,F038,2026-01-21T20:12:00,Chinese,Vegetarian,Spicy,High,Curry,Snack,0.0,0.0,1.0,1.0,0.0,0.0,0.3333333333333333,7.0,6.0,7.0,3.0,25.0,0.5236111111111111,20,2,0
I03996,U011,F045,2026-01-23T00:13:00,Pakistani,Beef,Spicy,Medium,Pasta,Snack,0.0,1.0,1.0,1.0,1.0,0.0,0.6666666666666666,7.0,7.0,7.0,3.0,27.0,0.9027777777777778,0,4,0
I01388,U011,F022,2026-01-23T10:02:00,Pakistani,Beef,Spicy,High,Pasta,Breakfast,0.0,1.0,1.0,1.0,1.0,1.0,0.8333333333333334,7.0,8.0,7.0,3.0,28.0,0.40902777777777777,10,4,0
I04038,U011,F097,2026-01-23T18:51:00,Thai,Fish,Spicy,Medium,Pasta,Breakfast,1.0,0.0,1.0,1.0,1.0,1.0,0.8333333333333334,7.0,8.0,7.0,4.0,29.0,0.36736111111111114,18,4,0
I01645,U011,F007,2026-01-25T09:12:00,Chinese,Mutton,Savory,Low,Pasta,Breakfast,0.0,0.0,1.0,1.0,1.0,1.0,0.6666666666666666,7.0,9.0,7.0,4.0,30.0,1.5979166666666667,9,6,0
I02513,U011,F013,2026-01-25T14:26:00,Italian,Mutton,Spicy,High,Bread,Breakfast,1.0,0.0,1.0,1.0,0.0,1.0,0.6666666666666666,7.0,9.0,7.0,5.0,31.0,0.21805555555555556,14,6,1
I01372,U011,F078,2026-01-26T17:09:00,Indian,Vegetarian,Creamy,Low,Pasta,Lunch,1.0,0.0,0.0,1.0,1.0,0.0,0.5,8.0,9.0,7.0,5.0,33.0,0.5465277777777777,17,0,0
I04594,U011,F048,2026-01-28T07:33:00,Chinese,Beef,Sweet,Low,Rice,Breakfast,0.0,1.0,1.0,1.0,0.0,1.0,0.6666666666666666,8.0,10.0,7.0,5.0,34.0,1.6,7,2,1
I03172,U011,F027,2026-01-28T16:13:00,Mexican,Mutton,Creamy,High,Noodles,Lunch,0.0,0.0,0.0,1.0,0.0,0.0,0.16666666666666666,9.0,10.0,7.0,5.0,35.0,0.3611111111111111,16,2,0
I01046,U011,F097,2026-01-28T17:12:00,Thai,Fish,Spicy,Medium,Pasta,Breakfast,1.0,0.0,1.0,1.0,1.0,1.0,0.8333333333333334,9.0,11.0,7.0,5.0,36.0,0.04097222222222222,17,2,1
I02785,U011,F062,2026-01-31T22:01:00,Mexican,Mutton,Spicy,High,Bread,Snack,0.0,0.0,1.0,1.0,0.0,0.0,0.3333333333333333,9.0,11.0,7.0,5.0,37.0,3.2006944444444443,22,5,1
I01509,U011,F055,2026-02-01T10:15:00,Chinese,Mutton,Sour,Medium,Rice,Breakfast,0.0,0.0,0.0,1.0,0.0,1.0,0.3333333333333333,9.0,11.0,7.0,5.0,38.0,0.5097222222222222,10,6,0
I04065,U011,F037,2026-02-04T09:07:00,Italian,Chicken,Creamy,Low,Bread,Snack,1.0,1.0,0.0,1.0,0.0,0.0,0.5,9.0,11.0,7.0,6.0,39.0,2.952777777777778,9,2,0
I02692,U011,F051,2026-02-04T20:15:00,Chinese,Chicken,Creamy,Low,Noodles,Snack,0.0,1.0,0.0,1.0,0.0,0.0,0.3333333333333333,9.0,11.0,7.0,7.0,40.0,0.4638888888888889,20,2,0
I03892,U011,F048,2026-02-05T02:48:00,Chinese,Beef,Sweet,Low,Rice,Breakfast,0.0,1.0,1.0,1.0,0.0,1.0,0.6666666666666666,9.0,11.0,7.0,8.0,41.0,0.27291666666666664,2,3,1
I03550,U011,F021,2026-02-05T14:24:00,Chinese,Beef,Creamy,Medium,Rice,Breakfast,0.0,1.0,0.0,1.0,0.0,1.0,0.5,9.0,11.0,8.0,8.0,43.0,0.2763888888888889,14,3,0
I02411,U011,F072,2026-02-05T23:33:00,Chinese,Chicken,Sour,Low,Pasta,Lunch,0.0,1.0,0.0,1.0,1.0,0.0,0.5,9.0,11.0,8.0,9.0,44.0,0.38125,23,3,0
I00883,U011,F005,2026-02-08T19:14:00,Mexican,Vegetarian,Sour,Low,Pasta,Dinner,0.0,0.0,0.0,1.0,1.0,1.0,0.5,9.0,11.0,8.0,10.0,45.0,2.8201388888888888,19,6,0
I04539,U011,F042,2026-02-09T02:33:00,Pakistani,Beef,Spicy,Low,Curry,Snack,0.0,1.0,1.0,1.0,0.0,0.0,0.5,9.0,11.0,8.0,11.0,46.0,0.30486111111111114,2,0,1
I02301,U011,F042,2026-02-09T17:16:00,Pakistani,Beef,Spicy,Low,Curry,Snack,0.0,1.0,1.0,1.0,0.0,0.0,0.5,9.0,11.0,9.0,11.0,47.0,0.6131944444444445,17,0,1
I02007,U011,F068,2026-02-10T14:12:00,Italian,Mutton,Savory,Medium,Noodles,Lunch,1.0,0.0,1.0,1.0,0.0,0.0,0.5,10.0,11.0,9.0,11.0,48.0,0.8722222222222222,14,1,0
I01782,U011,F041,2026-02-12T15:32:00,Mexican,Chicken,Savory,Low,Pasta,Dinner,0.0,1.0,1.0,1.0,1.0,1.0,0.8333333333333334,10.0,11.0,9.0,12.0,50.0,1.6076388888888888,15,3,1
I01025,U011,F007,2026-02-15T01:39:00,Chinese,Mutton,Savory,Low,Pasta,Breakfast,0.0,0.0,1.0,1.0,1.0,1.0,0.6666666666666666,11.0,11.0,9.0,12.0,52.0,1.2673611111111112,1,6,1
I01615,U011,F015,2026-02-15T02:36:00,Indian,Fish,Sweet,High,Curry,Lunch,1.0,0.0,1.0,1.0,0.0,0.0,0.5,12.0,11.0,9.0,12.0,53.0,0.03958333333333333,2,6,1
I02414,U011,F099,2026-02-16T15:03:00,Thai,Chicken,Spicy,Low,Noodles,Snack,1.0,1.0,1.0,1.0,0.0,0.0,0.6666666666666666,12.0,11.0,9.0,12.0,54.0,1.51875,15,0,1
I03735,U011,F014,2026-02-17T10:46:00,Thai,Beef,Creamy,High,Noodles,Lunch,1.0,1.0,0.0,1.0,0.0,0.0,0.5,12.0,11.0,10.0,12.0,55.0,0.8215277777777777,10,1,1
I03997,U011,F032,2026-02-17T22:15:00,Italian,Vegetarian,Creamy,Medium,Noodles,Lunch,1.0,0.0,0.0,1.0,0.0,0.0,0.3333333333333333,12.0,11.0,11.0,12.0,56.0,0.47847222222222224,22,1,0
I02156,U011,F068,2026-02-18T00:29:00,Italian,Mutton,Savory,Medium,Noodles,Lunch,1.0,0.0,1.0,1.0,0.0,0.0,0.5,12.0,12.0,11.0,12.0,57.0,0.09305555555555556,0,2,1
I02685,U011,F044,2026-02-18T02:49:00,Pakistani,Fish,Creamy,Low,Rice,Breakfast,0.0,0.0,0.0,1.0,0.0,1.0,0.3333333333333333,12.0,12.0,12.0,12.0,58.0,0.09722222222222222,2,2,1
I02072,U011,F045,2026-02-20T23:51:00,Pakistani,Beef,Spicy,Medium,Pasta,Snack,0.0,1.0,1.0,1.0,1.0,0.0,0.6666666666666666,13.0,12.0,12.0,12.0,59.0,2.876388888888889,23,4,1
I02120,U011,F099,2026-02-21T18:46:00,Thai,Chicken,Spicy,Low,Noodles,Snack,1.0,1.0,1.0,1.0,0.0,0.0,0.6666666666666666,13.0,12.0,13.0,12.0,60.0,0.7881944444444444,18,5,0
I04488,U011,F083,2026-02-23T06:42:00,Indian,Fish,Spicy,High,Curry,Dinner,1.0,0.0,1.0,1.0,0.0,1.0,0.6666666666666666,13.0,12.0,13.0,13.0,61.0,1.4972222222222222,6,0,1
I01732,U011,F027,2026-02-27T14:27:00,Mexican,Mutton,Creamy,High,Noodles,Lunch,0.0,0.0,0.0,1.0,0.0,0.0,0.16666666666666666,13.0,12.0,14.0,13.0,65.0,0.7256944444444444,14,4,0
I00267,U011,F063,2026-02-27T21:08:00,Italian,Chicken,Savory,High,Pasta,Dinner,1.0,1.0,1.0,1.0,1.0,1.0,1.0,13.0,12.0,14.0,14.0,66.0,0.27847222222222223,21,4,1
I00529,U011,F075,2026-03-01T05:17:00,Italian,Mutton,Creamy,Medium,Curry,Dinner,1.0,0.0,0.0,1.0,0.0,1.0,0.5,14.0,12.0,14.0,14.0,67.0,1.3395833333333333,5,6,0
I02451,U011,F006,2026-03-01T11:04:00,Pakistani,Beef,Sour,Medium,Bread,Lunch,0.0,1.0,0.0,1.0,0.0,0.0,0.3333333333333333,14.0,13.0,14.0,14.0,68.0,0.24097222222222223,11,6,0
I00998,U011,F069,2026-03-05T04:57:00,Mexican,Chicken,Sweet,High,Pasta,Lunch,0.0,1.0,1.0,1.0,1.0,0.0,0.6666666666666666,14.0,13.0,14.0,15.0,69.0,3.745138888888889,4,3,1
I03153,U011,F077,2026-03-06T05:08:00,Pakistani,Chicken,Creamy,Medium,Bread,Dinner,0.0,1.0,0.0,1.0,0.0,1.0,0.5,14.0,13.0,14.0,15.0,70.0,1.007638888888889,5,4,0
I04105,U050,F030,2026-01-01T18:13:00,Pakistani,Beef,Creamy,Low,Rice,Snack,0.0,1.0,1.0,1.0,0.0,1.0,0.6666666666666666,0.0,0.0,0.0,0.0,0.0,-1.0,18,3,1
I02324,U050,F070,2026-01-01T20:48:00,Chinese,Beef,Spicy,Medium,Rice,Lunch,0.0,1.0,0.0,0.0,0.0,0.0,0.16666666666666666,0.0,0.0,1.0,0.0,1.0,0.1076388888888889,20,3,0
I04188,U050,F029,2026-01-01T23:36:00,Indian,Chicken,Savory,Medium,Bread,Lunch,0.0,0.0,0.0,0.0,0.0,0.0,0.0,0.0,0.0,1.0,1.0,2.0,0.11666666666666667,23,3,0
I01739,U050,F041,2026-01-02T11:13:00,Mexican,Chicken,Savory,Low,Pasta,Dinner,0.0,0.0,0.0,1.0,1.0,0.0,0.3333333333333333,0.0,1.0,1.0,1.0,3.0,0.4840277777777778,11,4,1
I04587,U050,F064,2026-01-02T18:08:00,Pakistani,Chicken,Sweet,Low,Bread,Lunch,0.0,0.0,1.0,1.0,0.0,0.0,0.3333333333333333,1.0,1.0,1.0,1.0,4.0,0.2881944444444444,18,4,0
I03957,U050,F031,2026-01-04T23:27:00,Pakistani,Vegetarian,Spicy,Low,Pasta,Lunch,0.0,0.0,0.0,1.0,1.0,0.0,0.3333333333333333,1.0,2.0,1.0,1.0,7.0,0.2916666666666667,23,6,1
I03994,U050,F039,2026-01-05T09:32:00,Chinese,Fish,Sour,Low,Rice,Breakfast,0.0,0.0,0.0,1.0,0.0,0.0,0.16666666666666666,2.0,2.0,1.0,1.0,8.0,0.4201388888888889,9,0,0
I03405,U050,F098,2026-01-05T15:03:00,Mexican,Mutton,Spicy,Medium,Bread,Dinner,0.0,0.0,0.0,0.0,0.0,0.0,0.0,2.0,3.0,1.0,1.0,9.0,0.2298611111111111,15,0,0
I01074,U050,F037,2026-01-06T04:22:00,Italian,Chicken,Creamy,Low,Bread,Snack,1.0,0.0,1.0,1.0,0.0,1.0,0.6666666666666666,2.0,4.0,1.0,1.0,10.0,0.5548611111111111,4,1,1
I02352,U050,F088,2026-01-06T06:25:00,Pakistani,Beef,Sweet,Low,Noodles,Lunch,0.0,1.0,1.0,1.0,1.0,0.0,0.6666666666666666,3.0,4.0,1.0,1.0,11.0,0.08541666666666667,6,1,0
I02897,U050,F028,2026-01-07T14:40:00,Italian,Beef,Creamy,High,Rice,Dinner,1.0,1.0,1.0,0.0,0.0,0.0,0.5,3.0,4.0,1.0,2.0,12.0,1.34375,14,2,1
I00910,U050,F008,2026-01-08T08:48:00,Italian,Mutton,Creamy,Medium,Rice,Snack,1.0,0.0,1.0,0.0,0.0,1.0,0.5,4.0,4.0,1.0,2.0,13.0,0.7555555555555555,8,3,1
I01044,U050,F094,2026-01-09T03:22:00,Indian,Vegetarian,Creamy,High,Bread,Snack,0.0,0.0,1.0,0.0,0.0,1.0,0.3333333333333333,5.0,4.0,1.0,2.0,14.0,0.7736111111111111,3,4,0
I03143,U050,F075,2026-01-15T02:51:00,Italian,Mutton,Creamy,Medium,Curry,Dinner,1.0,0.0,1.0,0.0,0.0,0.0,0.3333333333333333,5.0,4.0,1.0,3.0,16.0,5.2652777777777775,2,3,0
I01187,U050,F060,2026-01-15T05:40:00,Mexican,Chicken,Spicy,Medium,Rice,Breakfast,0.0,0.0,0.0,0.0,0.0,0.0,0.0,5.0,5.0,1.0,3.0,17.0,0.11736111111111111,5,3,0
I00061,U050,F007,2026-01-16T12:33:00,Chinese,Mutton,Savory,Low,Pasta,Breakfast,0.0,0.0,0.0,1.0,1.0,0.0,0.3333333333333333,5.0,5.0,1.0,4.0,18.0,1.2868055555555555,12,4,0
I01972,U050,F081,2026-01-17T20:38:00,Mexican,Chicken,Sweet,High,Bread,Snack,0.0,0.0,1.0,0.0,0.0,1.0,0.3333333333333333,5.0,6.0,1.0,4.0,19.0,1.3368055555555556,20,5,1
I00037,U050,F049,2026-01-21T06:48:00,Mexican,Mutton,Savory,Low,Curry,Snack,0.0,0.0,0.0,1.0,0.0,1.0,0.3333333333333333,5.0,6.0,1.0,4.0,21.0,2.9506944444444443,6,2,0
I00135,U050,F018,2026-01-21T13:53:00,Chinese,Fish,Sour,High,Pasta,Lunch,0.0,0.0,0.0,0.0,1.0,0.0,0.16666666666666666,5.0,6.0,1.0,5.0,23.0,0.02638888888888889,13,2,1
I03689,U050,F082,2026-01-21T14:31:00,Italian,Fish,Sweet,High,Noodles,Lunch,1.0,0.0,1.0,0.0,1.0,0.0,0.5,5.0,6.0,2.0,5.0,24.0,0.02638888888888889,14,2,1
I02068,U050,F019,2026-01-22T15:43:00,Italian,Beef,Spicy,High,Curry,Dinner,1.0,1.0,0.0,0.0,0.0,0.0,0.3333333333333333,5.0,6.0,2.0,5.0,25.0,1.05,15,3,0
I01027,U050,F081,2026-01-22T18:33:00,Mexican,Chicken,Sweet,High,Bread,Snack,0.0,0.0,1.0,0.0,0.0,1.0,0.3333333333333333,5.0,6.0,2.0,6.0,26.0,0.11805555555555555,18,3,1
I01586,U050,F050,2026-01-24T00:07:00,Thai,Vegetarian,Spicy,Low,Curry,Breakfast,0.0,0.0,0.0,1.0,0.0,0.0,0.16666666666666666,6.0,6.0,2.0,6.0,27.0,1.2319444444444445,0,5,0
I00901,U050,F025,2026-01-24T10:41:00,Mexican,Mutton,Savory,Medium,Pasta,Lunch,0.0,0.0,0.0,0.0,1.0,0.0,0.16666666666666666,6.0,7.0,2.0,6.0,28.0,0.44027777777777777,10,5,0
I04501,U050,F039,2026-01-24T11:02:00,Chinese,Fish,Sour,Low,Rice,Breakfast,0.0,0.0,0.0,1.0,0.0,0.0,0.16666666666666666,6.0,7.0,2.0,7.0,29.0,0.014583333333333334,11,5,0
I03431,U050,F092,2026-01-24T13:08:00,Indian,Beef,Spicy,High,Curry,Snack,0.0,1.0,0.0,0.0,0.0,1.0,0.3333333333333333,6.0,7.0,2.0,8.0,30.0,0.0875,13,5,0
I03056,U050,F064,2026-01-24T15:15:00,Pakistani,Chicken,Sweet,Low,Bread,Lunch,0.0,0.0,1.0,1.0,0.0,0.0,0.3333333333333333,6.0,8.0,2.0,8.0,31.0,0.08819444444444445,15,5,0
I00421,U050,F068,2026-01-25T06:51:00,Italian,Mutton,Savory,Medium,Noodles,Lunch,1.0,0.0,0.0,0.0,1.0,0.0,0.3333333333333333,6.0,8.0,2.0,9.0,32.0,0.65,6,6,0
I02742,U050,F059,2026-01-26T01:25:00,Thai,Vegetarian,Savory,High,Curry,Dinner,0.0,0.0,0.0,0.0,0.0,0.0,0.0,6.0,9.0,2.0,9.0,33.0,0.7736111111111111,1,0,0
I02403,U050,F020,2026-01-26T05:08:00,Mexican,Vegetarian,Sour,High,Pasta,Dinner,0.0,0.0,0.0,0.0,1.0,0.0,0.16666666666666666,6.0,9.0,2.0,10.0,34.0,0.15486111111111112,5,0,0
I00615,U050,F023,2026-01-26T22:25:00,Indian,Fish,Creamy,Medium,Curry,Dinner,0.0,0.0,1.0,0.0,0.0,0.0,0.16666666666666666,6.0,9.0,2.0,11.0,35.0,0.7201388888888889,22,0,0
I00541,U050,F069,2026-01-27T22:52:00,Mexican,Chicken,Sweet,High,Pasta,Lunch,0.0,0.0,1.0,0.0,1.0,0.0,0.3333333333333333,6.0,9.0,2.0,12.0,36.0,1.01875,22,1,0
I02885,U050,F074,2026-01-29T07:53:00,Pakistani,Beef,Sour,Medium,Bread,Breakfast,0.0,1.0,0.0,0.0,0.0,0.0,0.16666666666666666,6.0,9.0,2.0,13.0,37.0,1.3756944444444446,7,3,0
I02695,U050,F090,2026-01-29T23:31:00,Indian,Fish,Creamy,Low,Pasta,Snack,0.0,0.0,1.0,1.0,1.0,1.0,0.6666666666666666,6.0,9.0,2.0,14.0,38.0,0.6513888888888889,23,3,1
I04177,U050,F038,2026-02-01T10:29:00,Chinese,Vegetarian,Spicy,High,Curry,Snack,0.0,0.0,0.0,0.0,0.0,1.0,0.16666666666666666,6.0,9.0,3.0,14.0,39.0,2.4569444444444444,10,6,0
I03690,U050,F035,2026-02-01T21:04:00,Italian,Chicken,Creamy,High,Noodles,Lunch,1.0,0.0,1.0,0.0,1.0,0.0,0.5,6.0,10.0,3.0,14.0,40.0,0.4409722222222222,21,6,0
I01382,U050,F100,2026-02-02T07:04:00,Mexican,Beef,Spicy,Low,Pasta,Snack,0.0,1.0,0.0,1.0,1.0,1.0,0.6666666666666666,6.0,10.0,3.0,15.0,41.0,0.4166666666666667,7,0,1
I04158,U050,F056,2026-02-02T17:55:00,Indian,Vegetarian,Creamy,Low,Rice,Lunch,0.0,0.0,1.0,1.0,0.0,0.0,0.3333333333333333,6.0,10.0,4.0,15.0,42.0,0.45208333333333334,17,0,1
I02515,U050,F005,2026-02-03T15:35:00,Mexican,Vegetarian,Sour,Low,Pasta,Dinner,0.0,0.0,0.0,1.0,1.0,0.0,0.3333333333333333,7.0,10.0,4.0,15.0,43.0,0.9027777777777778,15,1,0
I02983,U050,F085,2026-02-05T12:59:00,Indian,Vegetarian,Creamy,High,Bread,Snack,0.0,0.0,1.0,0.0,0.0,1.0,0.3333333333333333,7.0,11.0,4.0,15.0,44.0,1.8916666666666666,12,3,1
I03611,U050,F095,2026-02-06T13:37:00,Thai,Vegetarian,Sour,High,Pasta,Lunch,0.0,0.0,0.0,0.0,1.0,0.0,0.16666666666666666,7.0,11.0,4.0,15.0,46.0,0.3173611111111111,13,4,0
I03557,U050,F062,2026-02-10T08:30:00,Mexican,Mutton,Spicy,High,Bread,Snack,0.0,0.0,0.0,0.0,0.0,1.0,0.16666666666666666,7.0,11.0,4.0,16.0,47.0,3.7868055555555555,8,1,0
I03358,U050,F020,2026-02-12T03:15:00,Mexican,Vegetarian,Sour,High,Pasta,Dinner,0.0,0.0,0.0,0.0,1.0,0.0,0.16666666666666666,7.0,12.0,4.0,16.0,48.0,1.78125,3,3,0
I03856,U050,F072,2026-02-12T03:39:00,Chinese,Chicken,Sour,Low,Pasta,Lunch,0.0,0.0,0.0,1.0,1.0,0.0,0.3333333333333333,7.0,13.0,4.0,16.0,49.0,0.016666666666666666,3,3,0
I02255,U050,F071,2026-02-13T17:43:00,Mexican,Mutton,Sour,High,Noodles,Dinner,0.0,0.0,0.0,0.0,1.0,0.0,0.16666666666666666,7.0,13.0,4.0,17.0,51.0,0.4479166666666667,17,4,0
I02562,U050,F049,2026-02-13T23:18:00,Mexican,Mutton,Savory,Low,Curry,Snack,0.0,0.0,0.0,1.0,0.0,1.0,0.3333333333333333,7.0,14.0,4.0,17.0,52.0,0.2326388888888889,23,4,1
I00249,U050,F087,2026-02-14T00:50:00,Mexican,Chicken,Sweet,High,Curry,Dinner,0.0,0.0,1.0,0.0,0.0,0.0,0.16666666666666666,8.0,14.0,4.0,17.0,53.0,0.06388888888888888,0,5,0
I02550,U050,F013,2026-02-14T23:22:00,Italian,Mutton,Spicy,High,Bread,Breakfast,1.0,0.0,0.0,0.0,0.0,0.0,0.16666666666666666,8.0,14.0,4.0,18.0,55.0,0.23472222222222222,23,5,0
I02582,U050,F051,2026-02-17T13:20:00,Chinese,Chicken,Creamy,Low,Noodles,Snack,0.0,0.0,1.0,1.0,1.0,1.0,0.6666666666666666,8.0,14.0,4.0,19.0,56.0,2.5819444444444444,13,1,1
I03078,U050,F096,2026-02-18T13:44:00,Mexican,Fish,Sour,Medium,Noodles,Dinner,0.0,0.0,0.0,0.0,1.0,0.0,0.16666666666666666,8.0,14.0,5.0,19.0,57.0,1.0166666666666666,13,2,0
I04067,U050,F043,2026-02-19T19:32:00,Chinese,Fish,Spicy,Medium,Pasta,Lunch,0.0,0.0,0.0,0.0,1.0,0.0,0.16666666666666666,8.0,15.0,5.0,19.0,60.0,0.3451388888888889,19,3,0
I04430,U050,F045,2026-02-20T12:18:00,Pakistani,Beef,Spicy,Medium,Pasta,Snack,0.0,1.0,0.0,0.0,1.0,1.0,0.5,8.0,15.0,5.0,20.0,61.0,0.6986111111111111,12,4,1
I02681,U050,F041,2026-02-21T14:45:00,Mexican,Chicken,Savory,Low,Pasta,Dinner,0.0,0.0,0.0,1.0,1.0,0.0,0.3333333333333333,9.0,15.0,5.0,20.0,62.0,1.1020833333333333,14,5,0
I00955,U050,F015,2026-02-22T06:49:00,Indian,Fish,Sweet,High,Curry,Lunch,0.0,0.0,1.0,0.0,0.0,0.0,0.16666666666666666,9.0,16.0,5.0,20.0,64.0,0.2861111111111111,6,6,0
I00732,U050,F008,2026-02-25T14:13:00,Italian,Mutton,Creamy,Medium,Rice,Snack,1.0,0.0,1.0,0.0,0.0,1.0,0.5,9.0,17.0,5.0,20.0,65.0,3.308333333333333,14,2,0
I01657,U050,F092,2026-02-27T04:28:00,Indian,Beef,Spicy,High,Curry,Snack,0.0,1.0,0.0,0.0,0.0,1.0,0.3333333333333333,9.0,18.0,5.0,20.0,66.0,1.59375,4,4,1
I04010,U050,F035,2026-02-27T11:40:00,Italian,Chicken,Creamy,High,Noodles,Lunch,1.0,0.0,1.0,0.0,1.0,0.0,0.5,9.0,18.0,5.0,20.0,67.0,0.3,11,4,0
I00219,U050,F042,2026-02-27T16:44:00,Pakistani,Beef,Spicy,Low,Curry,Snack,0.0,1.0,0.0,1.0,0.0,1.0,0.5,9.0,18.0,5.0,21.0,68.0,0.2111111111111111,16,4,1
I03014,U050,F012,2026-02-28T13:04:00,Indian,Mutton,Sour,High,Bread,Lunch,0.0,0.0,0.0,0.0,0.0,0.0,0.0,10.0,18.0,5.0,21.0,69.0,0.8472222222222222,13,5,1
I04376,U050,F018,2026-03-04T00:14:00,Chinese,Fish,Sour,High,Pasta,Lunch,0.0,0.0,0.0,0.0,1.0,0.0,0.16666666666666666,11.0,18.0,5.0,21.0,70.0,3.4652777777777777,0,2,0
I03733,U006,F036,2026-01-02T00:46:00,Pakistani,Chicken,Savory,Low,Rice,Breakfast,0.0,0.0,0.0,1.0,1.0,1.0,0.5,0.0,0.0,0.0,0.0,0.0,-1.0,0,4,0
I04161,U006,F020,2026-01-04T00:09:00,Mexican,Vegetarian,Sour,High,Pasta,Dinner,0.0,0.0,1.0,0.0,0.0,1.0,0.3333333333333333,0.0,1.0,0.0,0.0,1.0,1.9743055555555555,0,6,0
I01449,U006,F049,2026-01-04T19:59:00,Mexican,Mutton,Savory,Low,Curry,Snack,0.0,1.0,0.0,1.0,0.0,0.0,0.3333333333333333,0.0,1.0,0.0,1.0,3.0,0.24722222222222223,19,6,1
I04774,U006,F083,2026-01-06T01:54:00,Indian,Fish,Spicy,High,Curry,Dinner,0.0,0.0,0.0,0.0,0.0,1.0,0.16666666666666666,1.0,1.0,0.0,1.0,4.0,1.2465277777777777,1,1,1
I04182,U006,F097,2026-01-06T05:00:00,Thai,Fish,Spicy,Medium,Pasta,Breakfast,1.0,0.0,0.0,0.0,0.0,1.0,0.3333333333333333,1.0,1.0,0.0,1.0,5.0,0.12916666666666668,5,1,0
I03976,U006,F052,2026-01-06T11:41:00,Pakistani,Vegetarian,Spicy,High,Curry,Breakfast,0.0,0.0,0.0,0.0,0.0,1.0,0.16666666666666666,1.0,1.0,0.0,2.0,6.0,0.27847222222222223,11,1,0
I03302,U006,F041,2026-01-06T12:22:00,Mexican,Chicken,Savory,Low,Pasta,Dinner,0.0,0.0,0.0,1.0,0.0,1.0,0.3333333333333333,1.0,1.0,0.0,3.0,7.0,0.02847222222222222,12,1,1
I01260,U006,F069,2026-01-06T16:46:00,Mexican,Chicken,Sweet,High,Pasta,Lunch,0.0,0.0,1.0,0.0,0.0,0.0,0.16666666666666666,2.0,1.0,0.0,3.0,8.0,0.18333333333333332,16,1,0
I04820,U006,F034,2026-01-06T20:36:00,Thai,Fish,Savory,Low,Noodles,Breakfast,1.0,0.0,0.0,1.0,1.0,1.0,0.6666666666666666,2.0,1.0,0.0,4.0,9.0,0.1597222222222222,20,1,1
I01750,U006,F072,2026-01-07T13:25:00,Chinese,Chicken,Sour,Low,Pasta,Lunch,0.0,0.0,1.0,1.0,0.0,0.0,0.3333333333333333,3.0,1.0,0.0,4.0,10.0,0.7006944444444444,13,2,0
I04874,U006,F033,2026-01-07T16:10:00,Mexican,Mutton,Sour,High,Bread,Snack,0.0,1.0,1.0,0.0,1.0,0.0,0.5,3.0,1.0,0.0,5.0,11.0,0.11458333333333333,16,2,0
I01904,U006,F036,2026-01-09T15:02:00,Pakistani,Chicken,Savory,Low,Rice,Breakfast,0.0,0.0,0.0,1.0,1.0,1.0,0.5,3.0,2.0,0.0,5.0,12.0,1.9527777777777777,15,4,0
I04406,U006,F049,2026-01-09T18:46:00,Mexican,Mutton,Savory,Low,Curry,Snack,0.0,1.0,0.0,1.0,0.0,0.0,0.3333333333333333,3.0,2.0,0.0,6.0,13.0,0.15555555555555556,18,4,0
I00984,U006,F011,2026-01-10T03:43:00,Pakistani,Beef,Sweet,Low,Noodles,Breakfast,0.0,0.0,1.0,1.0,1.0,1.0,0.6666666666666666,3.0,2.0,0.0,7.0,14.0,0.3729166666666667,3,5,1
I02488,U006,F097,2026-01-11T14:05:00,Thai,Fish,Spicy,Medium,Pasta,Breakfast,1.0,0.0,0.0,0.0,0.0,1.0,0.3333333333333333,4.0,2.0,0.0,7.0,15.0,1.4319444444444445,14,6,0
I00791,U006,F015,2026-01-11T17:52:00,Indian,Fish,Sweet,High,Curry,Lunch,0.0,0.0,1.0,0.0,0.0,0.0,0.16666666666666666,4.0,3.0,0.0,7.0,16.0,0.15763888888888888,17,6,0
I03330,U006,F088,2026-01-11T22:45:00,Pakistani,Beef,Sweet,Low,Noodles,Lunch,0.0,0.0,1.0,1.0,1.0,0.0,0.5,4.0,3.0,0.0,8.0,17.0,0.20347222222222222,22,6,1
I00612,U006,F019,2026-01-12T02:11:00,Italian,Beef,Spicy,High,Curry,Dinner,0.0,0.0,0.0,0.0,0.0,1.0,0.16666666666666666,5.0,3.0,0.0,8.0,18.0,0.14305555555555555,2,0,0
I02043,U006,F073,2026-01-12T06:13:00,Chinese,Fish,Sweet,Medium,Noodles,Lunch,0.0,0.0,1.0,0.0,1.0,0.0,0.3333333333333333,5.0,3.0,0.0,9.0,19.0,0.16805555555555557,6,0,0
I02070,U006,F024,2026-01-12T08:21:00,Thai,Chicken,Savory,High,Curry,Dinner,1.0,0.0,0.0,0.0,0.0,1.0,0.3333333333333333,5.0,4.0,0.0,9.0,20.0,0.08888888888888889,8,0,1
I01006,U006,F069,2026-01-12T17:28:00,Mexican,Chicken,Sweet,High,Pasta,Lunch,0.0,0.0,1.0,0.0,0.0,0.0,0.16666666666666666,6.0,4.0,0.0,9.0,21.0,0.3798611111111111,17,0,0
I01533,U006,F040,2026-01-12T21:39:00,Mexican,Fish,Sweet,Medium,Pasta,Snack,0.0,0.0,1.0,0.0,0.0,0.0,0.16666666666666666,6.0,4.0,0.0,10.0,22.0,0.17430555555555555,21,0,0
I02834,U006,F011,2026-01-13T14:59:00,Pakistani,Beef,Sweet,Low,Noodles,Breakfast,0.0,0.0,1.0,1.0,1.0,1.0,0.6666666666666666,6.0,5.0,0.0,10.0,23.0,0.7222222222222222,14,1,0
I00043,U006,F048,2026-01-13T22:11:00,Chinese,Beef,Sweet,Low,Rice,Breakfast,0.0,0.0,1.0,1.0,1.0,1.0,0.6666666666666666,6.0,5.0,0.0,11.0,24.0,0.3,22,1,1
I02700,U006,F008,2026-01-14T15:19:00,Italian,Mutton,Creamy,Medium,Rice,Snack,0.0,1.0,1.0,0.0,1.0,0.0,0.5,7.0,5.0,0.0,11.0,25.0,0.7138888888888889,15,2,0
I01593,U006,F091,2026-01-18T13:56:00,Indian,Beef,Spicy,High,Rice,Breakfast,0.0,0.0,0.0,0.0,1.0,1.0,0.3333333333333333,7.0,6.0,0.0,11.0,28.0,2.522222222222222,13,6,0
I03362,U006,F050,2026-01-18T21:02:00,Thai,Vegetarian,Spicy,Low,Curry,Breakfast,1.0,0.0,0.0,1.0,0.0,1.0,0.5,7.0,7.0,0.0,11.0,29.0,0.29583333333333334,21,6,1
I01522,U006,F047,2026-01-19T07:42:00,Indian,Mutton,Sour,Medium,Pasta,Snack,0.0,1.0,1.0,0.0,0.0,0.0,0.3333333333333333,8.0,7.0,0.0,11.0,31.0,0.39166666666666666,7,0,0
I04814,U006,F093,2026-01-19T08:09:00,Pakistani,Vegetarian,Spicy,Low,Pasta,Lunch,0.0,0.0,0.0,1.0,0.0,0.0,0.16666666666666666,8.0,7.0,0.0,12.0,32.0,0.01875,8,0,0
I03835,U006,F050,2026-01-20T08:01:00,Thai,Vegetarian,Spicy,Low,Curry,Breakfast,1.0,0.0,0.0,1.0,0.0,1.0,0.5,8.0,8.0,0.0,12.0,33.0,0.9944444444444445,8,1,0
I02080,U006,F044,2026-01-20T09:43:00,Pakistani,Fish,Creamy,Low,Rice,Breakfast,0.0,0.0,1.0,1.0,1.0,1.0,0.6666666666666666,8.0,8.0,0.0,13.0,34.0,0.07083333333333333,9,1,1
I02843,U006,F047,2026-01-20T13:49:00,Indian,Mutton,Sour,Medium,Pasta,Snack,0.0,1.0,1.0,0.0,0.0,0.0,0.3333333333333333,9.0,8.0,0.0,13.0,35.0,0.17083333333333334,13,1,0
I00790,U006,F033,2026-01-21T04:13:00,Mexican,Mutton,Sour,High,Bread,Snack,0.0,1.0,1.0,0.0,1.0,0.0,0.5,9.0,9.0,0.0,13.0,36.0,0.6,4,2,1
I03711,U006,F095,2026-01-21T20:13:00,Thai,Vegetarian,Sour,High,Pasta,Lunch,1.0,0.0,1.0,0.0,0.0,0.0,0.3333333333333333,9.0,9.0,1.0,13.0,37.0,0.6666666666666666,20,2,0
I00590,U006,F028,2026-01-22T07:29:00,Italian,Beef,Creamy,High,Rice,Dinner,0.0,0.0,1.0,0.0,1.0,1.0,0.5,9.0,9.0,1.0,14.0,38.0,0.46944444444444444,7,3,1
I02498,U006,F075,2026-01-22T13:33:00,Italian,Mutton,Creamy,Medium,Curry,Dinner,0.0,1.0,1.0,0.0,0.0,1.0,0.5,9.0,9.0,1.0,14.0,39.0,0.25277777777777777,13,3,0
I03333,U006,F041,2026-01-24T11:50:00,Mexican,Chicken,Savory,Low,Pasta,Dinner,0.0,0.0,0.0,1.0,0.0,1.0,0.3333333333333333,9.0,9.0,1.0,15.0,41.0,1.675,11,5,1
I00064,U006,F094,2026-01-24T18:37:00,Indian,Vegetarian,Creamy,High,Bread,Snack,0.0,0.0,1.0,0.0,1.0,0.0,0.3333333333333333,10.0,9.0,1.0,15.0,42.0,0.2826388888888889,18,5,0
I02089,U006,F020,2026-01-26T17:34:00,Mexican,Vegetarian,Sour,High,Pasta,Dinner,0.0,0.0,1.0,0.0,0.0,1.0,0.3333333333333333,10.0,9.0,1.0,16.0,44.0,1.5673611111111112,17,0,1
I01852,U006,F075,2026-01-27T01:08:00,Italian,Mutton,Creamy,Medium,Curry,Dinner,0.0,1.0,1.0,0.0,0.0,1.0,0.5,10.0,9.0,1.0,16.0,45.0,0.31527777777777777,1,1,1
I03838,U006,F071,2026-02-01T01:23:00,Mexican,Mutton,Sour,High,Noodles,Dinner,0.0,1.0,1.0,0.0,1.0,1.0,0.6666666666666666,10.0,9.0,1.0,16.0,48.0,2.6569444444444446,1,6,1
I02162,U006,F008,2026-02-01T08:44:00,Italian,Mutton,Creamy,Medium,Rice,Snack,0.0,1.0,1.0,0.0,1.0,0.0,0.5,10.0,9.0,1.0,16.0,49.0,0.30625,8,6,1
I01172,U006,F062,2026-02-01T17:51:00,Mexican,Mutton,Spicy,High,Bread,Snack,0.0,1.0,0.0,0.0,1.0,0.0,0.3333333333333333,10.0,9.0,2.0,16.0,50.0,0.3798611111111111,17,6,1
I02333,U006,F044,2026-02-02T00:41:00,Pakistani,Fish,Creamy,Low,Rice,Breakfast,0.0,0.0,1.0,1.0,1.0,1.0,0.6666666666666666,10.0,9.0,2.0,16.0,52.0,0.19583333333333333,0,0,1
I01144,U006,F041,2026-02-03T03:59:00,Mexican,Chicken,Savory,Low,Pasta,Dinner,0.0,0.0,0.0,1.0,0.0,1.0,0.3333333333333333,11.0,9.0,2.0,16.0,54.0,0.4076388888888889,3,1,0
I02827,U006,F044,2026-02-03T11:20:00,Pakistani,Fish,Creamy,Low,Rice,Breakfast,0.0,0.0,1.0,1.0,1.0,1.0,0.6666666666666666,11.0,9.0,2.0,17.0,55.0,0.30625,11,1,1
I02863,U006,F061,2026-02-05T09:55:00,Mexican,Vegetarian,Spicy,Medium,Bread,Lunch,0.0,0.0,0.0,0.0,1.0,0.0,0.16666666666666666,12.0,9.0,2.0,17.0,58.0,0.05486111111111111,9,3,0
I00408,U006,F050,2026-02-05T17:44:00,Thai,Vegetarian,Spicy,Low,Curry,Breakfast,1.0,0.0,0.0,1.0,0.0,1.0,0.5,12.0,9.0,2.0,18.0,59.0,0.32569444444444445,17,3,0
I03547,U006,F083,2026-02-06T02:11:00,Indian,Fish,Spicy,High,Curry,Dinner,0.0,0.0,0.0,0.0,0.0,1.0,0.16666666666666666,12.0,9.0,2.0,19.0,60.0,0.35208333333333336,2,4,0
I04583,U006,F029,2026-02-08T20:03:00,Indian,Chicken,Savory,Medium,Bread,Lunch,0.0,0.0,0.0,0.0,1.0,0.0,0.16666666666666666,12.0,9.0,2.0,20.0,61.0,2.7444444444444445,20,6,0
I00226,U006,F046,2026-02-11T13:08:00,Chinese,Fish,Savory,Low,Pasta,Breakfast,0.0,0.0,0.0,1.0,0.0,1.0,0.3333333333333333,12.0,9.0,2.0,21.0,62.0,2.7118055555555554,13,2,0
I03306,U006,F065,2026-02-11T23:51:00,Mexican,Fish,Creamy,High,Pasta,Breakfast,0.0,0.0,1.0,0.0,0.0,1.0,0.3333333333333333,12.0,9.0,2.0,22.0,63.0,0.4465277777777778,23,2,0
I04667,U006,F090,2026-02-12T21:50:00,Indian,Fish,Creamy,Low,Pasta,Snack,0.0,0.0,1.0,1.0,0.0,0.0,0.3333333333333333,12.0,10.0,2.0,22.0,64.0,0.9159722222222222,21,3,1
I00743,U006,F015,2026-02-14T06:30:00,Indian,Fish,Sweet,High,Curry,Lunch,0.0,0.0,1.0,0.0,0.0,0.0,0.16666666666666666,13.0,10.0,2.0,22.0,65.0,1.3611111111111112,6,5,0
I01807,U006,F038,2026-02-15T08:29:00,Chinese,Vegetarian,Spicy,High,Curry,Snack,0.0,0.0,0.0,0.0,0.0,0.0,0.0,13.0,10.0,2.0,23.0,66.0,1.082638888888889,8,6,0
I01761,U006,F034,2026-02-15T19:03:00,Thai,Fish,Savory,Low,Noodles,Breakfast,1.0,0.0,0.0,1.0,1.0,1.0,0.6666666666666666,13.0,10.0,2.0,24.0,67.0,0.44027777777777777,19,6,0
I03267,U006,F010,2026-02-17T10:12:00,Mexican,Vegetarian,Sweet,High,Noodles,Breakfast,0.0,0.0,1.0,0.0,1.0,1.0,0.5,13.0,10.0,2.0,25.0,68.0,1.63125,10,1,1
I01937,U006,F020,2026-02-17T23:00:00,Mexican,Vegetarian,Sour,High,Pasta,Dinner,0.0,0.0,1.0,0.0,0.0,1.0,0.3333333333333333,13.0,10.0,3.0,25.0,69.0,0.5333333333333333,23,1,0
I01126,U006,F054,2026-02-18T19:28:00,Italian,Beef,Sweet,Low,Bread,Snack,0.0,0.0,1.0,1.0,1.0,0.0,0.5,13.0,10.0,3.0,26.0,71.0,0.4201388888888889,19,2,1
I02617,U006,F053,2026-02-19T20:59:00,Thai,Chicken,Sour,High,Curry,Dinner,1.0,0.0,1.0,0.0,0.0,1.0,0.5,14.0,10.0,3.0,26.0,73.0,0.33611111111111114,20,3,0
I00684,U006,F097,2026-02-20T02:26:00,Thai,Fish,Spicy,Medium,Pasta,Breakfast,1.0,0.0,0.0,0.0,0.0,1.0,0.3333333333333333,14.0,10.0,3.0,27.0,74.0,0.22708333333333333,2,4,0
I02083,U006,F045,2026-02-21T00:25:00,Pakistani,Beef,Spicy,Medium,Pasta,Snack,0.0,0.0,0.0,0.0,0.0,0.0,0.0,14.0,11.0,3.0,27.0,76.0,0.4013888888888889,0,5,0
I04728,U006,F077,2026-02-21T16:06:00,Pakistani,Chicken,Creamy,Medium,Bread,Dinner,0.0,0.0,1.0,0.0,1.0,1.0,0.5,14.0,12.0,3.0,27.0,77.0,0.6534722222222222,16,5,1
I04904,U006,F069,2026-02-21T22:15:00,Mexican,Chicken,Sweet,High,Pasta,Lunch,0.0,0.0,1.0,0.0,0.0,0.0,0.16666666666666666,15.0,12.0,3.0,27.0,78.0,0.25625,22,5,1
I02668,U028,F071,2026-01-01T02:15:00,Mexican,Mutton,Sour,High,Noodles,Dinner,1.0,1.0,0.0,1.0,1.0,0.0,0.6666666666666666,0.0,0.0,0.0,0.0,0.0,-1.0,2,3,1
I01683,U028,F046,2026-01-02T19:08:00,Chinese,Fish,Savory,Low,Pasta,Breakfast,0.0,0.0,1.0,1.0,0.0,1.0,0.5,0.0,0.0,0.0,0.0,1.0,1.7034722222222223,19,4,0
I04763,U028,F057,2026-01-02T19:27:00,Thai,Mutton,Spicy,Medium,Rice,Lunch,1.0,1.0,0.0,0.0,0.0,0.0,0.3333333333333333,0.0,0.0,0.0,1.0,2.0,0.013194444444444444,19,4,0
I01677,U028,F061,2026-01-03T23:20:00,Mexican,Vegetarian,Spicy,Medium,Bread,Lunch,1.0,0.0,0.0,0.0,1.0,0.0,0.3333333333333333,0.0,0.0,0.0,2.0,3.0,1.1618055555555555,23,5,1
I03117,U028,F091,2026-01-04T06:58:00,Indian,Beef,Spicy,High,Rice,Breakfast,0.0,0.0,0.0,1.0,0.0,1.0,0.3333333333333333,1.0,0.0,0.0,2.0,4.0,0.31805555555555554,6,6,0
I01712,U028,F002,2026-01-04T21:05:00,Chinese,Beef,Savory,High,Curry,Breakfast,0.0,0.0,1.0,1.0,0.0,1.0,0.5,1.0,1.0,0.0,2.0,5.0,0.5881944444444445,21,6,0
I01173,U028,F038,2026-01-06T17:31:00,Chinese,Vegetarian,Spicy,High,Curry,Snack,0.0,0.0,0.0,1.0,0.0,0.0,0.16666666666666666,1.0,1.0,0.0,3.0,7.0,0.10208333333333333,17,1,0
I04251,U028,F064,2026-01-07T11:50:00,Pakistani,Chicken,Sweet,Low,Bread,Lunch,1.0,0.0,0.0,1.0,1.0,0.0,0.5,1.0,1.0,0.0,4.0,9.0,0.3368055555555556,11,2,0
I03848,U028,F057,2026-01-08T18:47:00,Thai,Mutton,Spicy,Medium,Rice,Lunch,1.0,1.0,0.0,0.0,0.0,0.0,0.3333333333333333,1.0,2.0,0.0,4.0,11.0,0.13055555555555556,18,3,1
I04986,U028,F094,2026-01-10T18:31:00,Indian,Vegetarian,Creamy,High,Bread,Snack,0.0,0.0,0.0,1.0,1.0,0.0,0.3333333333333333,2.0,2.0,0.0,4.0,12.0,1.988888888888889,18,5,1
I04533,U028,F025,2026-01-11T01:16:00,Mexican,Mutton,Savory,Medium,Pasta,Lunch,1.0,1.0,1.0,0.0,0.0,0.0,0.5,2.0,2.0,1.0,4.0,13.0,0.28125,1,6,0
I02436,U028,F088,2026-01-11T13:12:00,Pakistani,Beef,Sweet,Low,Noodles,Lunch,1.0,0.0,0.0,1.0,1.0,0.0,0.5,2.0,3.0,1.0,4.0,14.0,0.49722222222222223,13,6,1
I01186,U028,F081,2026-01-12T10:16:00,Mexican,Chicken,Sweet,High,Bread,Snack,1.0,0.0,0.0,1.0,1.0,0.0,0.5,3.0,3.0,1.0,4.0,15.0,0.8777777777777778,10,0,0
I00146,U028,F066,2026-01-13T06:18:00,Pakistani,Chicken,Spicy,High,Rice,Dinner,1.0,0.0,0.0,1.0,0.0,0.0,0.3333333333333333,3.0,3.0,1.0,5.0,16.0,0.8347222222222223,6,1,1
I04057,U028,F039,2026-01-13T13:16:00,Chinese,Fish,Sour,Low,Rice,Breakfast,0.0,0.0,0.0,1.0,0.0,1.0,0.3333333333333333,4.0,3.0,1.0,5.0,18.0,0.005555555555555556,13,1,1
I00210,U028,F083,2026-01-13T18:01:00,Indian,Fish,Spicy,High,Curry,Dinner,0.0,0.0,0.0,1.0,0.0,0.0,0.16666666666666666,5.0,3.0,1.0,5.0,20.0,0.02361111111111111,18,1,0
I00225,U028,F058,2026-01-14T00:53:00,Italian,Mutton,Spicy,Medium,Curry,Dinner,0.0,1.0,0.0,0.0,0.0,0.0,0.16666666666666666,5.0,3.0,1.0,6.0,21.0,0.2861111111111111,0,2,0
I01894,U028,F094,2026-01-14T18:53:00,Indian,Vegetarian,Creamy,High,Bread,Snack,0.0,0.0,0.0,1.0,1.0,0.0,0.3333333333333333,5.0,3.0,1.0,7.0,22.0,0.75,18,2,0
I00047,U028,F015,2026-01-16T01:37:00,Indian,Fish,Sweet,High,Curry,Lunch,0.0,0.0,0.0,1.0,0.0,0.0,0.16666666666666666,5.0,3.0,1.0,8.0,23.0,1.2805555555555554,1,4,0
I03098,U028,F076,2026-01-17T09:36:00,Pakistani,Chicken,Sweet,Low,Curry,Dinner,1.0,0.0,0.0,1.0,0.0,0.0,0.3333333333333333,5.0,4.0,1.0,8.0,24.0,1.332638888888889,9,5,1
I01476,U028,F041,2026-01-17T17:44:00,Mexican,Chicken,Savory,Low,Pasta,Dinner,1.0,0.0,1.0,1.0,0.0,0.0,0.5,6.0,4.0,1.0,8.0,25.0,0.3388888888888889,17,5,0
I01678,U028,F035,2026-01-19T02:21:00,Italian,Chicken,Creamy,High,Noodles,Lunch,0.0,0.0,0.0,1.0,1.0,0.0,0.3333333333333333,6.0,4.0,1.0,9.0,26.0,1.3590277777777777,2,0,1
I03216,U028,F010,2026-01-22T01:49:00,Mexican,Vegetarian,Sweet,High,Noodles,Breakfast,1.0,0.0,0.0,1.0,1.0,1.0,0.6666666666666666,7.0,4.0,1.0,9.0,28.0,1.1506944444444445,1,3,1
I04032,U028,F091,2026-01-23T00:36:00,Indian,Beef,Spicy,High,Rice,Breakfast,0.0,0.0,0.0,1.0,0.0,1.0,0.3333333333333333,8.0,4.0,1.0,9.0,30.0,0.93125,0,4,0
I01708,U028,F017,2026-01-23T13:45:00,Indian,Mutton,Savory,Low,Curry,Dinner,0.0,1.0,1.0,1.0,0.0,0.0,0.5,8.0,5.0,1.0,9.0,31.0,0.5479166666666667,13,4,0
I03704,U028,F005,2026-01-23T19:00:00,Mexican,Vegetarian,Sour,Low,Pasta,Dinner,1.0,0.0,0.0,1.0,0.0,0.0,0.3333333333333333,8.0,6.0,1.0,9.0,32.0,0.21875,19,4,0
I02189,U028,F049,2026-01-26T07:20:00,Mexican,Mutton,Savory,Low,Curry,Snack,1.0,1.0,1.0,1.0,0.0,0.0,0.6666666666666666,8.0,6.0,1.0,10.0,33.0,2.513888888888889,7,0,1
I01681,U028,F044,2026-01-26T11:55:00,Pakistani,Fish,Creamy,Low,Rice,Breakfast,1.0,0.0,0.0,1.0,0.0,1.0,0.5,8.0,6.0,2.0,10.0,34.0,0.1909722222222222,11,0,0
I04277,U028,F073,2026-01-26T18:48:00,Chinese,Fish,Sweet,Medium,Noodles,Lunch,0.0,0.0,0.0,0.0,1.0,0.0,0.16666666666666666,8.0,7.0,2.0,10.0,35.0,0.28680555555555554,18,0,0
I04696,U028,F055,2026-01-27T00:08:00,Chinese,Mutton,Sour,Medium,Rice,Breakfast,0.0,1.0,0.0,0.0,0.0,1.0,0.3333333333333333,8.0,7.0,2.0,11.0,36.0,0.2222222222222222,0,1,0
I00431,U028,F049,2026-01-28T15:55:00,Mexican,Mutton,Savory,Low,Curry,Snack,1.0,1.0,1.0,1.0,0.0,0.0,0.6666666666666666,8.0,7.0,2.0,12.0,37.0,1.6576388888888889,15,2,0
I01932,U028,F046,2026-01-31T10:00:00,Chinese,Fish,Savory,Low,Pasta,Breakfast,0.0,0.0,1.0,1.0,0.0,1.0,0.5,8.0,7.0,2.0,13.0,38.0,2.7534722222222223,10,5,1
I03628,U028,F021,2026-02-01T07:45:00,Chinese,Beef,Creamy,Medium,Rice,Breakfast,0.0,0.0,0.0,0.0,0.0,1.0,0.16666666666666666,8.0,7.0,3.0,13.0,40.0,0.8361111111111111,7,6,0
I03184,U028,F079,2026-02-01T23:51:00,Italian,Chicken,Sour,Low,Curry,Lunch,0.0,0.0,0.0,1.0,0.0,0.0,0.16666666666666666,8.0,7.0,3.0,14.0,41.0,0.6708333333333333,23,6,0
I01344,U028,F049,2026-02-02T18:47:00,Mexican,Mutton,Savory,Low,Curry,Snack,1.0,1.0,1.0,1.0,0.0,0.0,0.6666666666666666,8.0,7.0,3.0,15.0,42.0,0.7888888888888889,18,0,1
I01896,U028,F074,2026-02-03T05:32:00,Pakistani,Beef,Sour,Medium,Bread,Breakfast,1.0,0.0,0.0,0.0,1.0,1.0,0.5,8.0,7.0,3.0,15.0,43.0,0.4479166666666667,5,1,0
I01146,U028,F037,2026-02-03T17:38:00,Italian,Chicken,Creamy,Low,Bread,Snack,0.0,0.0,0.0,1.0,1.0,0.0,0.3333333333333333,8.0,7.0,3.0,16.0,44.0,0.5041666666666667,17,1,0
I02627,U028,F012,2026-02-04T12:30:00,Indian,Mutton,Sour,High,Bread,Lunch,0.0,1.0,0.0,1.0,1.0,0.0,0.5,8.0,8.0,3.0,16.0,45.0,0.7861111111111111,12,2,1
I03649,U028,F081,2026-02-08T04:39:00,Mexican,Chicken,Sweet,High,Bread,Snack,1.0,0.0,0.0,1.0,1.0,0.0,0.5,9.0,8.0,3.0,16.0,47.0,2.2430555555555554,4,6,0
I03987,U028,F092,2026-02-12T05:51:00,Indian,Beef,Spicy,High,Curry,Snack,0.0,0.0,0.0,1.0,0.0,0.0,0.16666666666666666,9.0,8.0,3.0,17.0,49.0,0.4777777777777778,5,3,0
I01303,U028,F004,2026-02-12T08:32:00,Chinese,Vegetarian,Creamy,Low,Curry,Lunch,0.0,0.0,0.0,1.0,0.0,0.0,0.16666666666666666,9.0,9.0,3.0,17.0,50.0,0.11180555555555556,8,3,0
I03934,U028,F016,2026-02-13T10:57:00,Mexican,Mutton,Savory,Low,Rice,Dinner,1.0,1.0,1.0,1.0,0.0,0.0,0.6666666666666666,9.0,9.0,3.0,18.0,52.0,0.9465277777777777,10,4,1
I04610,U028,F013,2026-02-13T12:51:00,Italian,Mutton,Spicy,High,Bread,Breakfast,0.0,1.0,0.0,1.0,1.0,1.0,0.6666666666666666,10.0,9.0,3.0,18.0,53.0,0.07916666666666666,12,4,1
I04961,U028,F077,2026-02-14T07:58:00,Pakistani,Chicken,Creamy,Medium,Bread,Dinner,1.0,0.0,0.0,0.0,1.0,0.0,0.3333333333333333,11.0,9.0,3.0,18.0,54.0,0.7965277777777777,7,5,1
I02427,U028,F053,2026-02-14T08:55:00,Thai,Chicken,Sour,High,Curry,Dinner,1.0,0.0,0.0,1.0,0.0,0.0,0.3333333333333333,12.0,9.0,3.0,18.0,55.0,0.03958333333333333,8,5,0
I00669,U028,F068,2026-02-14T16:26:00,Italian,Mutton,Savory,Medium,Noodles,Lunch,0.0,1.0,1.0,0.0,1.0,0.0,0.5,12.0,10.0,3.0,18.0,56.0,0.31319444444444444,16,5,0
I04003,U028,F017,2026-02-14T19:15:00,Indian,Mutton,Savory,Low,Curry,Dinner,0.0,1.0,1.0,1.0,0.0,0.0,0.5,12.0,10.0,3.0,19.0,57.0,0.11736111111111111,19,5,1
I01965,U028,F015,2026-02-14T23:47:00,Indian,Fish,Sweet,High,Curry,Lunch,0.0,0.0,0.0,1.0,0.0,0.0,0.16666666666666666,12.0,10.0,4.0,19.0,58.0,0.18888888888888888,23,5,1
I03941,U028,F099,2026-02-15T02:12:00,Thai,Chicken,Spicy,Low,Noodles,Snack,1.0,0.0,0.0,1.0,1.0,0.0,0.5,12.0,10.0,4.0,19.0,59.0,0.10069444444444445,2,6,1
I04873,U028,F062,2026-02-15T04:25:00,Mexican,Mutton,Spicy,High,Bread,Snack,1.0,1.0,0.0,1.0,1.0,0.0,0.6666666666666666,13.0,10.0,4.0,19.0,60.0,0.09236111111111112,4,6,1
I03120,U028,F051,2026-02-15T19:58:00,Chinese,Chicken,Creamy,Low,Noodles,Snack,0.0,0.0,0.0,1.0,1.0,0.0,0.3333333333333333,14.0,10.0,4.0,19.0,61.0,0.6479166666666667,19,6,0
I01238,U028,F017,2026-02-17T23:06:00,Indian,Mutton,Savory,Low,Curry,Dinner,0.0,1.0,1.0,1.0,0.0,0.0,0.5,14.0,11.0,4.0,19.0,62.0,2.1305555555555555,23,1,1
I04532,U028,F061,2026-02-18T10:03:00,Mexican,Vegetarian,Spicy,Medium,Bread,Lunch,1.0,0.0,0.0,0.0,1.0,0.0,0.3333333333333333,15.0,11.0,4.0,19.0,63.0,0.45625,10,2,0
I03710,U028,F088,2026-02-18T16:56:00,Pakistani,Beef,Sweet,Low,Noodles,Lunch,1.0,0.0,0.0,1.0,1.0,0.0,0.5,15.0,12.0,4.0,19.0,65.0,0.2847222222222222,16,2,1
I04289,U028,F021,2026-02-21T06:30:00,Chinese,Beef,Creamy,Medium,Rice,Breakfast,0.0,0.0,0.0,0.0,0.0,1.0,0.16666666666666666,16.0,12.0,4.0,19.0,68.0,1.788888888888889,6,5,1
I04969,U028,F079,2026-02-25T12:21:00,Italian,Chicken,Sour,Low,Curry,Lunch,0.0,0.0,0.0,1.0,0.0,0.0,0.16666666666666666,17.0,12.0,4.0,19.0,70.0,2.3319444444444444,12,2,0
I00041,U028,F012,2026-02-27T11:55:00,Indian,Mutton,Sour,High,Bread,Lunch,0.0,1.0,0.0,1.0,1.0,0.0,0.5,17.0,13.0,4.0,19.0,71.0,1.9819444444444445,11,4,0
I04466,U002,F013,2026-01-06T02:34:00,Italian,Mutton,Spicy,High,Bread,Breakfast,1.0,0.0,0.0,1.0,0.0,1.0,0.5,0.0,0.0,0.0,0.0,2.0,0.9020833333333333,2,1,0
I00752,U002,F049,2026-01-06T08:43:00,Mexican,Mutton,Savory,Low,Curry,Snack,0.0,0.0,0.0,1.0,1.0,1.0,0.5,0.0,0.0,0.0,1.0,4.0,0.16319444444444445,8,1,0
I04331,U002,F078,2026-01-09T07:15:00,Indian,Vegetarian,Creamy,Low,Pasta,Lunch,0.0,0.0,0.0,1.0,0.0,1.0,0.3333333333333333,0.0,0.0,0.0,2.0,5.0,2.938888888888889,7,4,0
I03163,U002,F035,2026-01-09T15:09:00,Italian,Chicken,Creamy,High,Noodles,Lunch,1.0,1.0,0.0,1.0,1.0,1.0,0.8333333333333334,0.0,1.0,0.0,2.0,7.0,0.1111111111111111,15,4,1
I05000,U002,F093,2026-01-11T04:49:00,Pakistani,Vegetarian,Spicy,Low,Pasta,Lunch,0.0,0.0,0.0,1.0,0.0,1.0,0.3333333333333333,1.0,1.0,0.0,2.0,8.0,1.5694444444444444,4,6,0
I03278,U002,F089,2026-01-12T04:31:00,Pakistani,Chicken,Spicy,Medium,Curry,Breakfast,0.0,1.0,0.0,1.0,1.0,1.0,0.6666666666666666,1.0,2.0,0.0,2.0,9.0,0.9875,4,0,1
I02752,U002,F004,2026-01-12T04:41:00,Chinese,Vegetarian,Creamy,Low,Curry,Lunch,0.0,0.0,0.0,1.0,1.0,1.0,0.5,2.0,2.0,0.0,2.0,10.0,0.006944444444444444,4,0,0
I01331,U002,F087,2026-01-15T11:33:00,Mexican,Chicken,Sweet,High,Curry,Dinner,0.0,1.0,1.0,1.0,1.0,0.0,0.6666666666666666,2.0,3.0,0.0,2.0,12.0,3.2819444444444446,11,3,1
I01691,U002,F039,2026-01-16T23:52:00,Chinese,Fish,Sour,Low,Rice,Breakfast,0.0,1.0,1.0,1.0,1.0,1.0,0.8333333333333334,2.0,3.0,1.0,2.0,14.0,1.2465277777777777,23,4,0
I03449,U002,F020,2026-01-17T02:14:00,Mexican,Vegetarian,Sour,High,Pasta,Dinner,0.0,0.0,1.0,1.0,0.0,0.0,0.3333333333333333,2.0,3.0,1.0,3.0,15.0,0.09861111111111111,2,5,0
I04097,U002,F086,2026-01-18T04:01:00,Indian,Fish,Spicy,High,Pasta,Lunch,0.0,1.0,0.0,1.0,0.0,1.0,0.5,2.0,3.0,1.0,4.0,16.0,1.0743055555555556,4,6,0
I00594,U002,F026,2026-01-20T20:40:00,Indian,Chicken,Sweet,High,Noodles,Breakfast,0.0,1.0,1.0,1.0,1.0,1.0,0.8333333333333334,2.0,3.0,1.0,5.0,18.0,0.825,20,1,1
I02484,U002,F081,2026-01-23T11:08:00,Mexican,Chicken,Sweet,High,Bread,Snack,0.0,1.0,1.0,1.0,0.0,1.0,0.6666666666666666,2.0,3.0,1.0,5.0,19.0,2.602777777777778,11,4,1
I02570,U002,F021,2026-01-26T15:13:00,Chinese,Beef,Creamy,Medium,Rice,Breakfast,0.0,0.0,0.0,1.0,1.0,1.0,0.5,3.0,3.0,1.0,5.0,20.0,3.170138888888889,15,0,1
I00835,U002,F074,2026-01-27T10:57:00,Pakistani,Beef,Sour,Medium,Bread,Breakfast,0.0,0.0,1.0,1.0,0.0,1.0,0.5,4.0,3.0,1.0,5.0,21.0,0.8222222222222222,10,1,0
I00357,U002,F049,2026-01-28T06:23:00,Mexican,Mutton,Savory,Low,Curry,Snack,0.0,0.0,0.0,1.0,1.0,1.0,0.5,4.0,3.0,1.0,6.0,22.0,0.8097222222222222,6,2,0
I04015,U002,F080,2026-01-30T00:54:00,Italian,Fish,Savory,High,Bread,Dinner,1.0,1.0,0.0,1.0,0.0,0.0,0.5,4.0,4.0,1.0,6.0,23.0,1.7715277777777778,0,4,1
I00042,U002,F054,2026-01-31T13:10:00,Italian,Beef,Sweet,Low,Bread,Snack,1.0,0.0,1.0,1.0,0.0,1.0,0.6666666666666666,5.0,4.0,1.0,6.0,24.0,1.511111111111111,13,5,1
I04371,U002,F088,2026-01-31T20:15:00,Pakistani,Beef,Sweet,Low,Noodles,Lunch,0.0,0.0,1.0,1.0,1.0,1.0,0.6666666666666666,5.0,4.0,2.0,6.0,25.0,0.2951388888888889,20,5,1
I04720,U002,F047,2026-02-01T14:22:00,Indian,Mutton,Sour,Medium,Pasta,Snack,0.0,0.0,1.0,1.0,0.0,1.0,0.5,6.0,4.0,2.0,6.0,26.0,0.7548611111111111,14,6,0
I01892,U002,F078,2026-02-03T20:10:00,Indian,Vegetarian,Creamy,Low,Pasta,Lunch,0.0,0.0,0.0,1.0,0.0,1.0,0.3333333333333333,6.0,4.0,2.0,7.0,27.0,2.2416666666666667,20,1,0
I04983,U002,F056,2026-02-03T21:12:00,Indian,Vegetarian,Creamy,Low,Rice,Lunch,0.0,0.0,0.0,1.0,1.0,1.0,0.5,6.0,5.0,2.0,7.0,28.0,0.043055555555555555,21,1,0
I04770,U002,F041,2026-02-07T04:15:00,Mexican,Chicken,Savory,Low,Pasta,Dinner,0.0,1.0,0.0,1.0,0.0,0.0,0.3333333333333333,6.0,6.0,2.0,7.0,29.0,3.29375,4,5,1
I03149,U002,F034,2026-02-10T16:09:00,Thai,Fish,Savory,Low,Noodles,Breakfast,0.0,1.0,0.0,1.0,1.0,1.0,0.6666666666666666,7.0,6.0,2.0,7.0,31.0,1.96875,16,1,1
I02382,U002,F080,2026-02-11T12:38:00,Italian,Fish,Savory,High,Bread,Dinner,1.0,1.0,0.0,1.0,0.0,0.0,0.5,8.0,6.0,2.0,7.0,33.0,0.3784722222222222,12,2,0
I02291,U002,F028,2026-02-12T03:22:00,Italian,Beef,Creamy,High,Rice,Dinner,1.0,0.0,0.0,1.0,1.0,0.0,0.5,8.0,6.0,2.0,8.0,34.0,0.6138888888888889,3,3,0
I03798,U002,F008,2026-02-12T19:13:00,Italian,Mutton,Creamy,Medium,Rice,Snack,1.0,0.0,0.0,1.0,1.0,1.0,0.6666666666666666,8.0,7.0,2.0,8.0,35.0,0.6604166666666667,19,3,1
I04111,U002,F049,2026-02-13T18:23:00,Mexican,Mutton,Savory,Low,Curry,Snack,0.0,0.0,0.0,1.0,1.0,1.0,0.5,9.0,7.0,2.0,8.0,36.0,0.9652777777777778,18,4,0
I04808,U002,F009,2026-02-14T03:45:00,Thai,Chicken,Sour,Low,Curry,Dinner,0.0,1.0,1.0,1.0,1.0,0.0,0.6666666666666666,9.0,8.0,2.0,8.0,37.0,0.3902777777777778,3,5,1
I04287,U002,F087,2026-02-16T17:16:00,Mexican,Chicken,Sweet,High,Curry,Dinner,0.0,1.0,1.0,1.0,1.0,0.0,0.6666666666666666,10.0,8.0,2.0,8.0,38.0,2.5631944444444446,17,0,1
I04351,U002,F095,2026-02-18T21:15:00,Thai,Vegetarian,Sour,High,Pasta,Lunch,0.0,0.0,1.0,1.0,0.0,1.0,0.5,11.0,8.0,2.0,8.0,40.0,1.1291666666666667,21,2,0
I02425,U002,F039,2026-02-19T01:13:00,Chinese,Fish,Sour,Low,Rice,Breakfast,0.0,1.0,1.0,1.0,1.0,1.0,0.8333333333333334,11.0,8.0,2.0,9.0,41.0,0.16527777777777777,1,3,1
I00053,U002,F050,2026-02-19T12:44:00,Thai,Vegetarian,Spicy,Low,Curry,Breakfast,0.0,0.0,0.0,1.0,1.0,1.0,0.5,11.0,8.0,2.0,9.0,42.0,0.4798611111111111,12,3,0
I02990,U002,F085,2026-02-19T13:00:00,Indian,Vegetarian,Creamy,High,Bread,Snack,0.0,0.0,0.0,1.0,0.0,1.0,0.3333333333333333,11.0,9.0,2.0,9.0,43.0,0.011111111111111112,13,3,0
I01156,U002,F037,2026-02-20T12:45:00,Italian,Chicken,Creamy,Low,Bread,Snack,1.0,1.0,0.0,1.0,0.0,1.0,0.6666666666666666,11.0,10.0,2.0,9.0,44.0,0.9895833333333334,12,4,0
I01978,U002,F097,2026-02-20T16:33:00,Thai,Fish,Spicy,Medium,Pasta,Breakfast,0.0,1.0,0.0,1.0,0.0,1.0,0.5,11.0,10.0,2.0,10.0,45.0,0.15833333333333333,16,4,0
I01913,U002,F042,2026-02-22T22:15:00,Pakistani,Beef,Spicy,Low,Curry,Snack,0.0,0.0,0.0,1.0,1.0,1.0,0.5,11.0,11.0,2.0,10.0,46.0,2.2375,22,6,0
I04086,U002,F038,2026-02-24T01:08:00,Chinese,Vegetarian,Spicy,High,Curry,Snack,0.0,0.0,0.0,1.0,1.0,1.0,0.5,11.0,12.0,2.0,10.0,48.0,0.34305555555555556,1,1,0
I04638,U002,F050,2026-02-24T13:24:00,Thai,Vegetarian,Spicy,Low,Curry,Breakfast,0.0,0.0,0.0,1.0,1.0,1.0,0.5,11.0,13.0,2.0,10.0,49.0,0.5111111111111111,13,1,0
I00070,U002,F019,2026-02-26T01:11:00,Italian,Beef,Spicy,High,Curry,Dinner,1.0,0.0,0.0,1.0,1.0,0.0,0.5,11.0,14.0,2.0,10.0,51.0,1.020138888888889,1,3,0
I03369,U002,F089,2026-02-26T03:54:00,Pakistani,Chicken,Spicy,Medium,Curry,Breakfast,0.0,1.0,0.0,1.0,1.0,1.0,0.6666666666666666,11.0,14.0,2.0,11.0,52.0,0.11319444444444444,3,3,1
I03327,U002,F019,2026-02-26T23:16:00,Italian,Beef,Spicy,High,Curry,Dinner,1.0,0.0,0.0,1.0,1.0,0.0,0.5,12.0,14.0,2.0,11.0,53.0,0.8069444444444445,23,3,1
I04358,U002,F054,2026-02-28T04:55:00,Italian,Beef,Sweet,Low,Bread,Snack,1.0,0.0,1.0,1.0,0.0,1.0,0.6666666666666666,13.0,14.0,2.0,11.0,55.0,1.1965277777777779,4,5,0
I04399,U002,F009,2026-03-03T07:27:00,Thai,Chicken,Sour,Low,Curry,Dinner,0.0,1.0,1.0,1.0,1.0,0.0,0.6666666666666666,13.0,15.0,2.0,11.0,56.0,3.1055555555555556,7,1,1
I01990,U002,F051,2026-03-03T19:13:00,Chinese,Chicken,Creamy,Low,Noodles,Snack,0.0,1.0,0.0,1.0,1.0,1.0,0.6666666666666666,13.0,15.0,2.0,11.0,57.0,0.49027777777777776,19,1,0
I04666,U002,F066,2026-03-05T21:46:00,Pakistani,Chicken,Spicy,High,Rice,Dinner,0.0,1.0,0.0,1.0,1.0,0.0,0.5,13.0,15.0,2.0,12.0,58.0,2.10625,21,3,1
I04092,U002,F099,2026-03-06T14:42:00,Thai,Chicken,Spicy,Low,Noodles,Snack,0.0,1.0,0.0,1.0,1.0,1.0,0.6666666666666666,13.0,15.0,2.0,12.0,59.0,0.7055555555555556,14,4,1
I02675,U002,F056,2026-03-07T10:15:00,Indian,Vegetarian,Creamy,Low,Rice,Lunch,0.0,0.0,0.0,1.0,1.0,1.0,0.5,13.0,15.0,3.0,12.0,60.0,0.8145833333333333,10,5,1
I01261,U002,F044,2026-03-09T10:49:00,Pakistani,Fish,Creamy,Low,Rice,Breakfast,0.0,1.0,0.0,1.0,1.0,1.0,0.6666666666666666,14.0,15.0,3.0,12.0,61.0,2.0236111111111112,10,0,1
I00045,U009,F098,2026-01-01T02:42:00,Mexican,Mutton,Spicy,Medium,Bread,Dinner,0.0,1.0,0.0,1.0,0.0,0.0,0.3333333333333333,0.0,0.0,0.0,0.0,0.0,-1.0,2,3,0
I04497,U009,F049,2026-01-01T03:15:00,Mexican,Mutton,Savory,Low,Curry,Snack,0.0,1.0,0.0,1.0,0.0,1.0,0.5,0.0,0.0,0.0,1.0,1.0,0.022916666666666665,3,3,1
I04853,U009,F073,2026-01-01T15:05:00,Chinese,Fish,Sweet,Medium,Noodles,Lunch,1.0,0.0,1.0,1.0,1.0,1.0,0.8333333333333334,0.0,0.0,1.0,1.0,2.0,0.4930555555555556,15,3,1
I02773,U009,F028,2026-01-01T22:14:00,Italian,Beef,Creamy,High,Rice,Dinner,0.0,0.0,1.0,1.0,1.0,0.0,0.5,0.0,0.0,2.0,1.0,3.0,0.29791666666666666,22,3,1
I00297,U009,F076,2026-01-02T00:16:00,Pakistani,Chicken,Sweet,Low,Curry,Dinner,0.0,0.0,1.0,1.0,0.0,0.0,0.3333333333333333,1.0,0.0,2.0,1.0,4.0,0.08472222222222223,0,4,1
I01184,U009,F018,2026-01-03T23:45:00,Chinese,Fish,Sour,High,Pasta,Lunch,1.0,0.0,0.0,1.0,1.0,1.0,0.6666666666666666,1.0,0.0,3.0,1.0,6.0,1.83125,23,5,1
I04547,U009,F098,2026-01-04T08:50:00,Mexican,Mutton,Spicy,Medium,Bread,Dinner,0.0,1.0,0.0,1.0,0.0,0.0,0.3333333333333333,2.0,0.0,3.0,1.0,7.0,0.3784722222222222,8,6,0
I03496,U009,F057,2026-01-04T15:42:00,Thai,Mutton,Spicy,Medium,Rice,Lunch,0.0,1.0,0.0,1.0,1.0,1.0,0.6666666666666666,2.0,0.0,3.0,2.0,8.0,0.2861111111111111,15,6,0
I03530,U009,F100,2026-01-06T10:18:00,Mexican,Beef,Spicy,Low,Pasta,Snack,0.0,0.0,0.0,1.0,1.0,1.0,0.5,2.0,0.0,3.0,3.0,10.0,0.51875,10,1,1
I00738,U009,F044,2026-01-07T18:42:00,Pakistani,Fish,Creamy,Low,Rice,Breakfast,0.0,0.0,1.0,1.0,1.0,1.0,0.6666666666666666,3.0,0.0,3.0,3.0,13.0,0.525,18,2,1
I01728,U009,F035,2026-01-12T11:53:00,Italian,Chicken,Creamy,High,Noodles,Lunch,0.0,0.0,1.0,1.0,1.0,1.0,0.6666666666666666,3.0,0.0,4.0,3.0,15.0,3.8645833333333335,11,0,1
I04621,U009,F004,2026-01-12T23:54:00,Chinese,Vegetarian,Creamy,Low,Curry,Lunch,1.0,0.0,1.0,1.0,0.0,1.0,0.6666666666666666,4.0,0.0,4.0,3.0,16.0,0.5006944444444444,23,0,0
I03061,U009,F020,2026-01-13T04:35:00,Mexican,Vegetarian,Sour,High,Pasta,Dinner,0.0,0.0,0.0,1.0,1.0,0.0,0.3333333333333333,4.0,1.0,4.0,3.0,17.0,0.1951388888888889,4,1,1
I01201,U009,F023,2026-01-13T14:11:00,Indian,Fish,Creamy,Medium,Curry,Dinner,1.0,0.0,1.0,1.0,0.0,0.0,0.5,4.0,1.0,5.0,3.0,18.0,0.4,14,1,1
I03553,U009,F003,2026-01-14T07:21:00,Thai,Fish,Savory,Low,Rice,Lunch,0.0,0.0,0.0,1.0,1.0,1.0,0.5,4.0,1.0,6.0,3.0,19.0,0.7152777777777778,7,2,1
I02257,U009,F013,2026-01-15T04:06:00,Italian,Mutton,Spicy,High,Bread,Breakfast,0.0,1.0,0.0,1.0,0.0,1.0,0.5,5.0,1.0,6.0,3.0,21.0,0.7048611111111112,4,3,1
I03693,U009,F092,2026-01-15T17:08:00,Indian,Beef,Spicy,High,Curry,Snack,1.0,0.0,0.0,1.0,0.0,1.0,0.5,5.0,1.0,7.0,3.0,23.0,0.059027777777777776,17,3,0
I00322,U009,F096,2026-01-16T01:00:00,Mexican,Fish,Sour,Medium,Noodles,Dinner,0.0,0.0,0.0,1.0,1.0,0.0,0.3333333333333333,5.0,2.0,7.0,3.0,24.0,0.3277777777777778,1,4,0
I01949,U009,F059,2026-01-16T15:10:00,Thai,Vegetarian,Savory,High,Curry,Dinner,0.0,0.0,0.0,1.0,0.0,0.0,0.16666666666666666,5.0,3.0,7.0,3.0,27.0,0.075,15,4,0
I01558,U009,F015,2026-01-17T05:18:00,Indian,Fish,Sweet,High,Curry,Lunch,1.0,0.0,1.0,1.0,0.0,1.0,0.6666666666666666,5.0,4.0,7.0,3.0,28.0,0.5888888888888889,5,5,0
I03849,U009,F035,2026-01-18T18:24:00,Italian,Chicken,Creamy,High,Noodles,Lunch,0.0,0.0,1.0,1.0,1.0,1.0,0.6666666666666666,5.0,4.0,7.0,4.0,29.0,1.5458333333333334,18,6,0
I02829,U009,F029,2026-01-19T21:19:00,Indian,Chicken,Savory,Medium,Bread,Lunch,1.0,0.0,0.0,1.0,0.0,1.0,0.5,5.0,4.0,7.0,5.0,31.0,0.9465277777777777,21,0,0
I02654,U009,F054,2026-01-19T21:50:00,Italian,Beef,Sweet,Low,Bread,Snack,0.0,0.0,1.0,1.0,0.0,1.0,0.5,5.0,5.0,7.0,5.0,32.0,0.021527777777777778,21,0,0
I03215,U009,F092,2026-01-22T21:47:00,Indian,Beef,Spicy,High,Curry,Snack,1.0,0.0,0.0,1.0,0.0,1.0,0.5,5.0,6.0,7.0,5.0,35.0,0.38333333333333336,21,3,1
I03196,U009,F039,2026-01-23T01:36:00,Chinese,Fish,Sour,Low,Rice,Breakfast,1.0,0.0,0.0,1.0,1.0,1.0,0.6666666666666666,6.0,6.0,7.0,5.0,36.0,0.15902777777777777,1,4,1
I04555,U009,F030,2026-01-23T18:58:00,Pakistani,Beef,Creamy,Low,Rice,Snack,0.0,0.0,1.0,1.0,1.0,1.0,0.6666666666666666,6.0,6.0,8.0,5.0,37.0,0.7236111111111111,18,4,1
I03771,U009,F063,2026-01-26T00:43:00,Italian,Chicken,Savory,High,Pasta,Dinner,0.0,0.0,0.0,1.0,1.0,0.0,0.3333333333333333,7.0,6.0,8.0,5.0,39.0,1.0631944444444446,0,0,1
I01553,U009,F046,2026-01-26T03:46:00,Chinese,Fish,Savory,Low,Pasta,Breakfast,1.0,0.0,0.0,1.0,1.0,1.0,0.6666666666666666,8.0,6.0,8.0,5.0,40.0,0.12708333333333333,3,0,0
I04500,U009,F016,2026-01-26T20:12:00,Mexican,Mutton,Savory,Low,Rice,Dinner,0.0,1.0,0.0,1.0,1.0,0.0,0.5,8.0,7.0,8.0,5.0,41.0,0.6847222222222222,20,0,0
I01858,U009,F067,2026-01-30T01:45:00,Thai,Vegetarian,Spicy,Medium,Noodles,Breakfast,0.0,0.0,0.0,1.0,1.0,1.0,0.5,8.0,8.0,8.0,5.0,44.0,1.0909722222222222,1,4,1
I02267,U009,F093,2026-02-02T18:58:00,Pakistani,Vegetarian,Spicy,Low,Pasta,Lunch,0.0,0.0,0.0,1.0,1.0,1.0,0.5,9.0,8.0,8.0,5.0,46.0,3.125,18,0,0
I00502,U009,F092,2026-02-02T20:51:00,Indian,Beef,Spicy,High,Curry,Snack,1.0,0.0,0.0,1.0,0.0,1.0,0.5,9.0,9.0,8.0,5.0,47.0,0.07847222222222222,20,0,0
I00147,U009,F062,2026-02-03T13:05:00,Mexican,Mutton,Spicy,High,Bread,Snack,0.0,1.0,0.0,1.0,0.0,1.0,0.5,9.0,9.0,8.0,6.0,49.0,0.6395833333333333,13,1,1
I04334,U009,F035,2026-02-04T03:44:00,Italian,Chicken,Creamy,High,Noodles,Lunch,0.0,0.0,1.0,1.0,1.0,1.0,0.6666666666666666,10.0,9.0,8.0,6.0,50.0,0.6104166666666667,3,2,1
I00958,U009,F059,2026-02-04T06:54:00,Thai,Vegetarian,Savory,High,Curry,Dinner,0.0,0.0,0.0,1.0,0.0,0.0,0.16666666666666666,11.0,9.0,8.0,6.0,51.0,0.13194444444444445,6,2,0
I02096,U009,F094,2026-02-05T11:47:00,Indian,Vegetarian,Creamy,High,Bread,Snack,1.0,0.0,1.0,1.0,0.0,1.0,0.6666666666666666,11.0,9.0,8.0,7.0,53.0,0.24375,11,3,1
I03409,U009,F056,2026-02-07T05:00:00,Indian,Vegetarian,Creamy,Low,Rice,Lunch,1.0,0.0,1.0,1.0,1.0,1.0,0.8333333333333334,11.0,9.0,9.0,7.0,55.0,1.21875,5,5,0
I01012,U009,F076,2026-02-08T16:12:00,Pakistani,Chicken,Sweet,Low,Curry,Dinner,0.0,0.0,1.0,1.0,0.0,0.0,0.3333333333333333,11.0,10.0,9.0,7.0,56.0,1.4666666666666666,16,6,0
I04864,U009,F058,2026-02-10T03:25:00,Italian,Mutton,Spicy,Medium,Curry,Dinner,0.0,1.0,0.0,1.0,0.0,0.0,0.3333333333333333,11.0,11.0,9.0,7.0,57.0,1.4673611111111111,3,1,1
I04646,U009,F073,2026-02-12T03:44:00,Chinese,Fish,Sweet,Medium,Noodles,Lunch,1.0,0.0,1.0,1.0,1.0,1.0,0.8333333333333334,12.0,11.0,9.0,7.0,59.0,1.0715277777777779,3,3,1
I02701,U009,F020,2026-02-12T23:28:00,Mexican,Vegetarian,Sour,High,Pasta,Dinner,0.0,0.0,0.0,1.0,1.0,0.0,0.3333333333333333,13.0,11.0,9.0,7.0,60.0,0.8222222222222222,23,3,0
I02952,U009,F060,2026-02-14T12:50:00,Mexican,Chicken,Spicy,Medium,Rice,Breakfast,0.0,0.0,0.0,1.0,1.0,1.0,0.5,13.0,12.0,9.0,7.0,61.0,1.5569444444444445,12,5,1
I01511,U009,F074,2026-02-15T20:41:00,Pakistani,Beef,Sour,Medium,Bread,Breakfast,0.0,0.0,0.0,1.0,0.0,1.0,0.3333333333333333,13.0,12.0,10.0,7.0,62.0,1.3270833333333334,20,6,0
I01034,U009,F003,2026-02-16T04:44:00,Thai,Fish,Savory,Low,Rice,Lunch,0.0,0.0,0.0,1.0,1.0,1.0,0.5,13.0,13.0,10.0,7.0,63.0,0.33541666666666664,4,0,1
I00071,U009,F009,2026-02-16T13:04:00,Thai,Chicken,Sour,Low,Curry,Dinner,0.0,0.0,0.0,1.0,0.0,0.0,0.16666666666666666,14.0,13.0,10.0,7.0,64.0,0.3472222222222222,13,0,0
I03291,U009,F001,2026-02-16T16:57:00,Mexican,Chicken,Savory,High,Bread,Lunch,0.0,0.0,0.0,1.0,0.0,1.0,0.3333333333333333,14.0,13.0,10.0,8.0,65.0,0.16180555555555556,16,0,0
I00572,U009,F060,2026-02-16T17:08:00,Mexican,Chicken,Spicy,Medium,Rice,Breakfast,0.0,0.0,0.0,1.0,1.0,1.0,0.5,14.0,14.0,10.0,8.0,66.0,0.007638888888888889,17,0,0
I02430,U009,F098,2026-02-17T02:13:00,Mexican,Mutton,Spicy,Medium,Bread,Dinner,0.0,1.0,0.0,1.0,0.0,0.0,0.3333333333333333,14.0,15.0,10.0,8.0,67.0,0.3784722222222222,2,1,1
I04298,U009,F096,2026-02-18T03:27:00,Mexican,Fish,Sour,Medium,Noodles,Dinner,0.0,0.0,0.0,1.0,1.0,0.0,0.3333333333333333,15.0,15.0,10.0,8.0,68.0,1.051388888888889,3,2,1
I01410,U009,F048,2026-02-18T06:58:00,Chinese,Beef,Sweet,Low,Rice,Breakfast,1.0,0.0,1.0,1.0,1.0,1.0,0.8333333333333334,15.0,15.0,11.0,8.0,69.0,0.14652777777777778,6,2,1
I03309,U009,F077,2026-02-22T03:00:00,Pakistani,Chicken,Creamy,Medium,Bread,Dinner,0.0,0.0,1.0,1.0,0.0,0.0,0.3333333333333333,16.0,15.0,11.0,8.0,70.0,3.834722222222222,3,6,1
I02535,U009,F027,2026-02-23T03:49:00,Mexican,Mutton,Creamy,High,Noodles,Lunch,0.0,1.0,1.0,1.0,1.0,1.0,0.8333333333333334,16.0,15.0,11.0,8.0,71.0,1.0340277777777778,3,0,0
I04669,U009,F004,2026-02-23T09:33:00,Chinese,Vegetarian,Creamy,Low,Curry,Lunch,1.0,0.0,1.0,1.0,0.0,1.0,0.6666666666666666,16.0,16.0,11.0,8.0,72.0,0.2388888888888889,9,0,1
I04322,U009,F038,2026-02-23T13:03:00,Chinese,Vegetarian,Spicy,High,Curry,Snack,1.0,0.0,0.0,1.0,0.0,1.0,0.5,17.0,16.0,11.0,8.0,73.0,0.14583333333333334,13,0,0
I01316,U009,F006,2026-02-25T17:30:00,Pakistani,Beef,Sour,Medium,Bread,Lunch,0.0,0.0,0.0,1.0,0.0,1.0,0.3333333333333333,17.0,17.0,11.0,8.0,74.0,2.185416666666667,17,2,1
I00477,U009,F085,2026-02-26T21:13:00,Indian,Vegetarian,Creamy,High,Bread,Snack,1.0,0.0,1.0,1.0,0.0,1.0,0.6666666666666666,18.0,17.0,11.0,8.0,76.0,0.7597222222222222,21,3,1
I00943,U009,F027,2026-02-27T14:03:00,Mexican,Mutton,Creamy,High,Noodles,Lunch,0.0,1.0,1.0,1.0,1.0,1.0,0.8333333333333334,19.0,17.0,11.0,8.0,78.0,0.1798611111111111,14,4,1
I00111,U009,F092,2026-02-28T05:05:00,Indian,Beef,Spicy,High,Curry,Snack,1.0,0.0,0.0,1.0,0.0,1.0,0.5,20.0,17.0,11.0,8.0,79.0,0.6263888888888889,5,5,1
I04767,U009,F042,2026-03-01T05:11:00,Pakistani,Beef,Spicy,Low,Curry,Snack,0.0,0.0,0.0,1.0,0.0,1.0,0.3333333333333333,20.0,17.0,12.0,8.0,80.0,1.0041666666666667,5,6,1
I00234,U009,F039,2026-03-03T10:43:00,Chinese,Fish,Sour,Low,Rice,Breakfast,1.0,0.0,0.0,1.0,1.0,1.0,0.6666666666666666,20.0,17.0,13.0,8.0,81.0,2.2305555555555556,10,1,1
I00978,U009,F043,2026-03-03T19:48:00,Chinese,Fish,Spicy,Medium,Pasta,Lunch,1.0,0.0,0.0,1.0,1.0,1.0,0.6666666666666666,20.0,17.0,13.0,8.0,82.0,0.3784722222222222,19,1,1
I03647,U009,F042,2026-03-06T20:14:00,Pakistani,Beef,Spicy,Low,Curry,Snack,0.0,0.0,0.0,1.0,0.0,1.0,0.3333333333333333,21.0,17.0,13.0,8.0,85.0,1.5868055555555556,20,4,0
I03282,U009,F010,2026-03-07T10:43:00,Mexican,Vegetarian,Sweet,High,Noodles,Breakfast,0.0,0.0,1.0,1.0,1.0,1.0,0.6666666666666666,21.0,18.0,13.0,8.0,86.0,0.6034722222222222,10,5,0
I00832,U009,F027,2026-03-08T03:57:00,Mexican,Mutton,Creamy,High,Noodles,Lunch,0.0,1.0,1.0,1.0,1.0,1.0,0.8333333333333334,21.0,19.0,13.0,8.0,87.0,0.7180555555555556,3,6,1
I01958,U009,F026,2026-03-08T07:18:00,Indian,Chicken,Sweet,High,Noodles,Breakfast,1.0,0.0,1.0,1.0,1.0,1.0,0.8333333333333334,21.0,19.0,14.0,8.0,88.0,0.13958333333333334,7,6,1
I01818,U009,F052,2026-03-08T15:42:00,Pakistani,Vegetarian,Spicy,High,Curry,Breakfast,0.0,0.0,0.0,1.0,0.0,1.0,0.3333333333333333,22.0,19.0,14.0,8.0,89.0,0.35,15,6,0
I03953,U009,F046,2026-03-09T14:43:00,Chinese,Fish,Savory,Low,Pasta,Breakfast,1.0,0.0,0.0,1.0,1.0,1.0,0.6666666666666666,22.0,19.0,14.0,9.0,90.0,0.9590277777777778,14,0,1
I01570,U016,F041,2026-01-01T01:46:00,Mexican,Chicken,Savory,Low,Pasta,Dinner,0.0,0.0,1.0,0.0,1.0,1.0,0.5,0.0,0.0,0.0,0.0,0.0,-1.0,1,3,0
I04228,U016,F006,2026-01-02T12:39:00,Pakistani,Beef,Sour,Medium,Bread,Lunch,1.0,0.0,0.0,1.0,1.0,0.0,0.5,0.0,1.0,0.0,0.0,3.0,0.008333333333333333,12,4,1
I01394,U016,F048,2026-01-03T14:23:00,Chinese,Beef,Sweet,Low,Rice,Breakfast,0.0,0.0,0.0,0.0,1.0,0.0,0.16666666666666666,1.0,1.0,0.0,0.0,4.0,1.0722222222222222,14,5,0
I03012,U016,F055,2026-01-03T21:11:00,Chinese,Mutton,Sour,Medium,Rice,Breakfast,0.0,0.0,0.0,1.0,1.0,0.0,0.3333333333333333,1.0,2.0,0.0,0.0,5.0,0.2833333333333333,21,5,0
I01776,U016,F015,2026-01-05T19:38:00,Indian,Fish,Sweet,High,Curry,Lunch,0.0,1.0,0.0,1.0,0.0,0.0,0.3333333333333333,1.0,3.0,0.0,0.0,6.0,1.9354166666666666,19,0,1
I03260,U016,F083,2026-01-07T16:28:00,Indian,Fish,Spicy,High,Curry,Dinner,0.0,1.0,1.0,1.0,0.0,1.0,0.6666666666666666,2.0,3.0,0.0,0.0,9.0,0.21180555555555555,16,2,0
I02492,U016,F008,2026-01-07T21:56:00,Italian,Mutton,Creamy,Medium,Rice,Snack,0.0,0.0,0.0,1.0,1.0,0.0,0.3333333333333333,2.0,3.0,0.0,1.0,10.0,0.22777777777777777,21,2,0
I00048,U016,F054,2026-01-09T03:47:00,Italian,Beef,Sweet,Low,Bread,Snack,0.0,0.0,0.0,0.0,1.0,0.0,0.16666666666666666,2.0,3.0,0.0,2.0,11.0,1.24375,3,4,0
I02585,U016,F077,2026-01-10T14:46:00,Pakistani,Chicken,Creamy,Medium,Bread,Dinner,1.0,0.0,0.0,1.0,1.0,1.0,0.6666666666666666,2.0,3.0,0.0,3.0,12.0,1.457638888888889,14,5,1
I01136,U016,F048,2026-01-11T00:21:00,Chinese,Beef,Sweet,Low,Rice,Breakfast,0.0,0.0,0.0,0.0,1.0,0.0,0.16666666666666666,2.0,3.0,1.0,3.0,13.0,0.3993055555555556,0,6,0
I01409,U016,F095,2026-01-11T02:02:00,Thai,Vegetarian,Sour,High,Pasta,Lunch,0.0,1.0,0.0,1.0,1.0,0.0,0.5,2.0,3.0,1.0,4.0,14.0,0.07013888888888889,2,6,1
I03861,U016,F067,2026-01-12T05:59:00,Thai,Vegetarian,Spicy,Medium,Noodles,Breakfast,0.0,1.0,1.0,1.0,0.0,0.0,0.5,3.0,3.0,1.0,4.0,16.0,0.3138888888888889,5,0,1
I04870,U016,F069,2026-01-12T22:08:00,Mexican,Chicken,Sweet,High,Pasta,Lunch,0.0,0.0,0.0,1.0,1.0,0.0,0.3333333333333333,4.0,3.0,1.0,4.0,17.0,0.6729166666666667,22,0,0
I00382,U016,F045,2026-01-12T22:52:00,Pakistani,Beef,Spicy,Medium,Pasta,Snack,1.0,0.0,1.0,1.0,1.0,0.0,0.6666666666666666,4.0,3.0,1.0,5.0,18.0,0.030555555555555555,22,0,0
I04912,U016,F013,2026-01-13T05:44:00,Italian,Mutton,Spicy,High,Bread,Breakfast,0.0,0.0,1.0,1.0,1.0,0.0,0.5,4.0,4.0,1.0,5.0,19.0,0.2861111111111111,5,1,0
I03193,U016,F053,2026-01-13T17:34:00,Thai,Chicken,Sour,High,Curry,Dinner,0.0,0.0,0.0,1.0,0.0,1.0,0.3333333333333333,4.0,5.0,1.0,5.0,20.0,0.4930555555555556,17,1,0
I00687,U016,F095,2026-01-13T17:47:00,Thai,Vegetarian,Sour,High,Pasta,Lunch,0.0,1.0,0.0,1.0,1.0,0.0,0.5,4.0,5.0,1.0,6.0,21.0,0.009027777777777777,17,1,0
I00384,U016,F089,2026-01-14T00:02:00,Pakistani,Chicken,Spicy,Medium,Curry,Breakfast,1.0,0.0,1.0,1.0,0.0,0.0,0.5,4.0,6.0,1.0,6.0,22.0,0.2604166666666667,0,2,1
I03666,U016,F080,2026-01-14T18:53:00,Italian,Fish,Savory,High,Bread,Dinner,0.0,1.0,1.0,1.0,1.0,1.0,0.8333333333333334,5.0,6.0,1.0,6.0,23.0,0.7854166666666667,18,2,1
I01887,U016,F090,2026-01-15T00:43:00,Indian,Fish,Creamy,Low,Pasta,Snack,0.0,1.0,0.0,0.0,1.0,0.0,0.3333333333333333,5.0,6.0,2.0,6.0,24.0,0.24305555555555555,0,3,0
I01267,U016,F064,2026-01-15T09:11:00,Pakistani,Chicken,Sweet,Low,Bread,Lunch,1.0,0.0,0.0,0.0,1.0,0.0,0.3333333333333333,5.0,6.0,2.0,7.0,25.0,0.3527777777777778,9,3,0
I04626,U016,F018,2026-01-16T18:24:00,Chinese,Fish,Sour,High,Pasta,Lunch,0.0,1.0,0.0,1.0,1.0,0.0,0.5,5.0,6.0,2.0,8.0,26.0,1.3840277777777779,18,4,1
I04825,U016,F057,2026-01-18T02:57:00,Thai,Mutton,Spicy,Medium,Rice,Lunch,0.0,0.0,1.0,1.0,1.0,0.0,0.5,5.0,6.0,3.0,8.0,27.0,1.35625,2,6,1
I02380,U016,F078,2026-01-19T18:40:00,Indian,Vegetarian,Creamy,Low,Pasta,Lunch,0.0,1.0,0.0,0.0,1.0,0.0,0.3333333333333333,6.0,6.0,3.0,8.0,28.0,1.6548611111111111,18,0,0
I02230,U016,F023,2026-01-20T04:47:00,Indian,Fish,Creamy,Medium,Curry,Dinner,0.0,1.0,0.0,1.0,0.0,1.0,0.5,6.0,6.0,3.0,9.0,29.0,0.4215277777777778,4,1,0
I00327,U016,F006,2026-01-20T06:06:00,Pakistani,Beef,Sour,Medium,Bread,Lunch,1.0,0.0,0.0,1.0,1.0,0.0,0.5,6.0,7.0,3.0,9.0,30.0,0.05486111111111111,6,1,1
I04482,U016,F052,2026-01-21T09:50:00,Pakistani,Vegetarian,Spicy,High,Curry,Breakfast,1.0,1.0,1.0,1.0,0.0,0.0,0.6666666666666666,7.0,7.0,3.0,9.0,31.0,1.1555555555555554,9,2,0
I02614,U016,F053,2026-01-22T05:55:00,Thai,Chicken,Sour,High,Curry,Dinner,0.0,0.0,0.0,1.0,0.0,1.0,0.3333333333333333,7.0,7.0,3.0,10.0,32.0,0.8368055555555556,5,3,1
I01961,U016,F082,2026-01-24T10:14:00,Italian,Fish,Sweet,High,Noodles,Lunch,0.0,1.0,0.0,1.0,0.0,0.0,0.3333333333333333,7.0,7.0,4.0,10.0,33.0,2.1798611111111112,10,5,1
I02710,U016,F066,2026-01-24T14:15:00,Pakistani,Chicken,Spicy,High,Rice,Dinner,1.0,0.0,1.0,1.0,1.0,1.0,0.8333333333333334,7.0,7.0,5.0,10.0,34.0,0.1673611111111111,14,5,1
I00944,U016,F023,2026-01-24T17:03:00,Indian,Fish,Creamy,Medium,Curry,Dinner,0.0,1.0,0.0,1.0,0.0,1.0,0.5,7.0,7.0,5.0,10.0,35.0,0.11666666666666667,17,5,0
I00119,U016,F005,2026-01-25T00:38:00,Mexican,Vegetarian,Sour,Low,Pasta,Dinner,0.0,1.0,0.0,0.0,1.0,1.0,0.5,7.0,8.0,5.0,10.0,36.0,0.3159722222222222,0,6,0
I04160,U016,F013,2026-01-25T20:27:00,Italian,Mutton,Spicy,High,Bread,Breakfast,0.0,0.0,1.0,1.0,1.0,0.0,0.5,7.0,8.0,5.0,11.0,37.0,0.8256944444444444,20,6,1
I02982,U016,F070,2026-01-26T18:24:00,Chinese,Beef,Spicy,Medium,Rice,Lunch,0.0,0.0,1.0,1.0,1.0,0.0,0.5,7.0,8.0,6.0,11.0,38.0,0.9145833333333333,18,0,1
I00800,U016,F071,2026-01-27T01:40:00,Mexican,Mutton,Sour,High,Noodles,Dinner,0.0,0.0,0.0,1.0,0.0,1.0,0.3333333333333333,8.0,8.0,6.0,11.0,39.0,0.30277777777777776,1,1,1
I03081,U016,F026,2026-01-28T01:15:00,Indian,Chicken,Sweet,High,Noodles,Breakfast,0.0,0.0,0.0,1.0,0.0,0.0,0.16666666666666666,8.0,8.0,7.0,11.0,40.0,0.9826388888888888,1,2,0
I01647,U016,F037,2026-01-28T20:22:00,Italian,Chicken,Creamy,Low,Bread,Snack,0.0,0.0,0.0,0.0,1.0,0.0,0.16666666666666666,8.0,8.0,7.0,12.0,41.0,0.7965277777777777,20,2,1
I00188,U016,F090,2026-01-31T18:50:00,Indian,Fish,Creamy,Low,Pasta,Snack,0.0,1.0,0.0,0.0,1.0,0.0,0.3333333333333333,9.0,8.0,7.0,12.0,42.0,2.936111111111111,18,5,0
I02642,U016,F059,2026-02-01T05:31:00,Thai,Vegetarian,Savory,High,Curry,Dinner,0.0,1.0,1.0,1.0,0.0,1.0,0.6666666666666666,9.0,9.0,7.0,12.0,43.0,0.44513888888888886,5,6,1
I03055,U016,F003,2026-02-02T19:42:00,Thai,Fish,Savory,Low,Rice,Lunch,0.0,1.0,1.0,0.0,1.0,0.0,0.5,10.0,9.0,7.0,12.0,44.0,1.5909722222222222,19,0,0
I04271,U016,F088,2026-02-02T23:30:00,Pakistani,Beef,Sweet,Low,Noodles,Lunch,1.0,0.0,0.0,0.0,0.0,0.0,0.16666666666666666,10.0,10.0,7.0,12.0,45.0,0.15833333333333333,23,0,1
I04632,U016,F090,2026-02-03T14:55:00,Indian,Fish,Creamy,Low,Pasta,Snack,0.0,1.0,0.0,0.0,1.0,0.0,0.3333333333333333,10.0,10.0,8.0,12.0,46.0,0.6423611111111112,14,1,0
I02197,U016,F042,2026-02-03T19:00:00,Pakistani,Beef,Spicy,Low,Curry,Snack,1.0,0.0,1.0,0.0,0.0,0.0,0.3333333333333333,10.0,11.0,8.0,12.0,47.0,0.1701388888888889,19,1,0
I01716,U016,F093,2026-02-03T22:30:00,Pakistani,Vegetarian,Spicy,Low,Pasta,Lunch,1.0,1.0,1.0,0.0,1.0,0.0,0.6666666666666666,10.0,11.0,8.0,13.0,48.0,0.14583333333333334,22,1,0
I02610,U016,F030,2026-02-04T18:51:00,Pakistani,Beef,Creamy,Low,Rice,Snack,1.0,0.0,0.0,0.0,1.0,0.0,0.3333333333333333,10.0,11.0,8.0,14.0,49.0,0.8479166666666667,18,2,1
I01590,U016,F038,2026-02-05T04:32:00,Chinese,Vegetarian,Spicy,High,Curry,Snack,0.0,1.0,1.0,1.0,0.0,0.0,0.5,10.0,11.0,9.0,14.0,50.0,0.40347222222222223,4,3,1
I02641,U016,F078,2026-02-05T15:47:00,Indian,Vegetarian,Creamy,Low,Pasta,Lunch,0.0,1.0,0.0,0.0,1.0,0.0,0.3333333333333333,11.0,11.0,9.0,14.0,51.0,0.46875,15,3,0
I01420,U016,F055,2026-02-06T19:40:00,Chinese,Mutton,Sour,Medium,Rice,Breakfast,0.0,0.0,0.0,1.0,1.0,0.0,0.3333333333333333,11.0,11.0,9.0,15.0,52.0,1.1618055555555555,19,4,1
I04950,U016,F097,2026-02-09T14:59:00,Thai,Fish,Spicy,Medium,Pasta,Breakfast,0.0,1.0,1.0,1.0,1.0,0.0,0.6666666666666666,12.0,11.0,9.0,15.0,56.0,0.5486111111111112,14,0,1
I02599,U016,F027,2026-02-13T06:14:00,Mexican,Mutton,Creamy,High,Noodles,Lunch,0.0,0.0,0.0,1.0,0.0,0.0,0.16666666666666666,12.0,11.0,10.0,15.0,58.0,2.984027777777778,6,4,0
I04591,U016,F051,2026-02-13T10:45:00,Chinese,Chicken,Creamy,Low,Noodles,Snack,0.0,0.0,0.0,0.0,0.0,0.0,0.0,12.0,11.0,10.0,16.0,59.0,0.18819444444444444,10,4,0
I03008,U016,F035,2026-02-16T07:10:00,Italian,Chicken,Creamy,High,Noodles,Lunch,0.0,0.0,0.0,1.0,0.0,0.0,0.16666666666666666,12.0,12.0,10.0,16.0,61.0,0.4576388888888889,7,0,0
I00081,U016,F064,2026-02-17T15:57:00,Pakistani,Chicken,Sweet,Low,Bread,Lunch,1.0,0.0,0.0,0.0,1.0,0.0,0.3333333333333333,12.0,13.0,10.0,16.0,64.0,0.6361111111111111,15,1,1
I01980,U016,F005,2026-02-18T22:22:00,Mexican,Vegetarian,Sour,Low,Pasta,Dinner,0.0,1.0,0.0,0.0,1.0,1.0,0.5,12.0,13.0,11.0,16.0,65.0,1.2673611111111112,22,2,1
I04641,U016,F063,2026-02-20T10:43:00,Italian,Chicken,Savory,High,Pasta,Dinner,0.0,0.0,1.0,1.0,1.0,1.0,0.6666666666666666,13.0,13.0,11.0,16.0,66.0,1.5145833333333334,10,4,0
I04470,U016,F094,2026-02-22T23:11:00,Indian,Vegetarian,Creamy,High,Bread,Snack,0.0,1.0,0.0,1.0,1.0,0.0,0.5,13.0,14.0,11.0,16.0,67.0,2.5194444444444444,23,6,0
I01098,U016,F040,2026-02-25T14:24:00,Mexican,Fish,Sweet,Medium,Pasta,Snack,0.0,1.0,0.0,1.0,1.0,0.0,0.5,13.0,15.0,11.0,16.0,70.0,0.0006944444444444445,14,2,1
I04279,U016,F028,2026-02-25T21:20:00,Italian,Beef,Creamy,High,Rice,Dinner,0.0,0.0,0.0,1.0,1.0,1.0,0.5,13.0,15.0,12.0,16.0,71.0,0.28888888888888886,21,2,0
I02412,U016,F015,2026-02-26T03:18:00,Indian,Fish,Sweet,High,Curry,Lunch,0.0,1.0,0.0,1.0,0.0,0.0,0.3333333333333333,13.0,16.0,12.0,16.0,72.0,0.24861111111111112,3,3,0
I01828,U016,F070,2026-02-26T22:27:00,Chinese,Beef,Spicy,Medium,Rice,Lunch,0.0,0.0,1.0,1.0,1.0,0.0,0.5,13.0,17.0,12.0,16.0,73.0,0.7979166666666667,22,3,1
I00202,U032,F003,2026-01-02T00:34:00,Thai,Fish,Savory,Low,Rice,Lunch,0.0,0.0,1.0,0.0,0.0,0.0,0.16666666666666666,0.0,0.0,0.0,0.0,0.0,-1.0,0,4,1
I01202,U032,F039,2026-01-03T12:14:00,Chinese,Fish,Sour,Low,Rice,Breakfast,0.0,0.0,1.0,0.0,0.0,1.0,0.3333333333333333,0.0,0.0,1.0,0.0,2.0,0.6951388888888889,12,5,1
I03347,U032,F073,2026-01-03T13:34:00,Chinese,Fish,Sweet,Medium,Noodles,Lunch,0.0,0.0,0.0,0.0,1.0,0.0,0.16666666666666666,0.0,0.0,2.0,0.0,3.0,0.05555555555555555,13,5,0
I02318,U032,F076,2026-01-03T19:06:00,Pakistani,Chicken,Sweet,Low,Curry,Dinner,0.0,1.0,0.0,0.0,1.0,1.0,0.5,0.0,1.0,2.0,0.0,4.0,0.23055555555555557,19,5,1
I00776,U032,F061,2026-01-05T13:56:00,Mexican,Vegetarian,Spicy,Medium,Bread,Lunch,1.0,0.0,1.0,0.0,0.0,0.0,0.3333333333333333,0.0,1.0,2.0,0.0,5.0,1.7847222222222223,13,0,1
I00915,U032,F020,2026-01-05T22:41:00,Mexican,Vegetarian,Sour,High,Pasta,Dinner,1.0,0.0,1.0,1.0,0.0,1.0,0.6666666666666666,1.0,1.0,2.0,0.0,6.0,0.3645833333333333,22,0,0
I04150,U032,F086,2026-01-07T08:45:00,Indian,Fish,Spicy,High,Pasta,Lunch,0.0,0.0,1.0,1.0,0.0,0.0,0.3333333333333333,1.0,2.0,2.0,0.0,7.0,1.4194444444444445,8,2,0
I02345,U032,F025,2026-01-08T16:23:00,Mexican,Mutton,Savory,Medium,Pasta,Lunch,1.0,1.0,1.0,0.0,0.0,0.0,0.5,1.0,3.0,2.0,0.0,8.0,1.3180555555555555,16,3,0
I04954,U032,F045,2026-01-09T06:34:00,Pakistani,Beef,Spicy,Medium,Pasta,Snack,0.0,0.0,1.0,0.0,0.0,1.0,0.3333333333333333,1.0,4.0,2.0,0.0,9.0,0.5909722222222222,6,4,1
I02205,U032,F037,2026-01-10T19:17:00,Italian,Chicken,Creamy,Low,Bread,Snack,0.0,1.0,0.0,0.0,0.0,1.0,0.3333333333333333,1.0,4.0,3.0,0.0,10.0,1.5298611111111111,19,5,0
I01375,U032,F059,2026-01-12T09:49:00,Thai,Vegetarian,Savory,High,Curry,Dinner,0.0,0.0,1.0,1.0,1.0,1.0,0.6666666666666666,1.0,4.0,3.0,1.0,11.0,1.6055555555555556,9,0,1
I01062,U032,F030,2026-01-13T01:48:00,Pakistani,Beef,Creamy,Low,Rice,Snack,0.0,0.0,0.0,0.0,0.0,1.0,0.16666666666666666,2.0,4.0,3.0,1.0,13.0,0.4,1,1,0
I02284,U032,F029,2026-01-14T16:39:00,Indian,Chicken,Savory,Medium,Bread,Lunch,0.0,1.0,1.0,0.0,0.0,0.0,0.3333333333333333,2.0,5.0,3.0,1.0,18.0,0.7930555555555555,16,2,0
I03752,U032,F073,2026-01-15T03:27:00,Chinese,Fish,Sweet,Medium,Noodles,Lunch,0.0,0.0,0.0,0.0,1.0,0.0,0.16666666666666666,2.0,5.0,3.0,2.0,19.0,0.45,3,3,1
I02786,U032,F050,2026-01-15T09:08:00,Thai,Vegetarian,Spicy,Low,Curry,Breakfast,0.0,0.0,1.0,0.0,1.0,1.0,0.5,3.0,5.0,3.0,2.0,20.0,0.23680555555555555,9,3,1
I03560,U032,F022,2026-01-17T01:35:00,Pakistani,Beef,Spicy,High,Pasta,Breakfast,0.0,0.0,1.0,1.0,0.0,1.0,0.5,3.0,5.0,3.0,2.0,21.0,1.6854166666666666,1,5,1
I02243,U032,F096,2026-01-17T07:29:00,Mexican,Fish,Sour,Medium,Noodles,Dinner,1.0,0.0,1.0,0.0,1.0,1.0,0.6666666666666666,4.0,5.0,3.0,2.0,22.0,0.24583333333333332,7,5,0
I02899,U032,F055,2026-01-19T21:12:00,Chinese,Mutton,Sour,Medium,Rice,Breakfast,0.0,1.0,1.0,0.0,0.0,1.0,0.5,4.0,5.0,3.0,3.0,23.0,2.571527777777778,21,0,0
I01549,U032,F026,2026-01-20T14:01:00,Indian,Chicken,Sweet,High,Noodles,Breakfast,0.0,1.0,0.0,1.0,1.0,1.0,0.6666666666666666,4.0,5.0,3.0,4.0,24.0,0.7006944444444444,14,1,1
I02839,U032,F067,2026-01-23T09:51:00,Thai,Vegetarian,Spicy,Medium,Noodles,Breakfast,0.0,0.0,1.0,0.0,1.0,1.0,0.5,4.0,5.0,4.0,4.0,25.0,2.826388888888889,9,4,0
I00925,U032,F011,2026-01-25T04:46:00,Pakistani,Beef,Sweet,Low,Noodles,Breakfast,0.0,0.0,0.0,0.0,1.0,1.0,0.3333333333333333,4.0,6.0,4.0,4.0,26.0,1.7881944444444444,4,6,0
I04178,U032,F033,2026-01-29T02:28:00,Mexican,Mutton,Sour,High,Bread,Snack,1.0,1.0,1.0,1.0,0.0,1.0,0.8333333333333334,4.0,6.0,4.0,5.0,27.0,3.904166666666667,2,3,1
I02421,U032,F041,2026-01-31T23:54:00,Mexican,Chicken,Savory,Low,Pasta,Dinner,1.0,1.0,1.0,0.0,0.0,1.0,0.6666666666666666,5.0,6.0,4.0,5.0,28.0,2.8930555555555557,23,5,0
I00779,U032,F089,2026-02-01T14:35:00,Pakistani,Chicken,Spicy,Medium,Curry,Breakfast,0.0,1.0,1.0,0.0,1.0,1.0,0.6666666666666666,5.0,7.0,4.0,5.0,29.0,0.6118055555555556,14,6,1
I02779,U032,F063,2026-02-02T00:06:00,Italian,Chicken,Savory,High,Pasta,Dinner,0.0,1.0,1.0,1.0,0.0,1.0,0.6666666666666666,5.0,7.0,5.0,5.0,30.0,0.39652777777777776,0,0,0
I02368,U032,F009,2026-02-02T23:14:00,Thai,Chicken,Sour,Low,Curry,Dinner,0.0,1.0,1.0,0.0,1.0,1.0,0.6666666666666666,5.0,7.0,5.0,6.0,31.0,0.9638888888888889,23,0,1
I01944,U032,F057,2026-02-03T20:41:00,Thai,Mutton,Spicy,Medium,Rice,Lunch,0.0,1.0,1.0,0.0,0.0,0.0,0.3333333333333333,6.0,7.0,5.0,6.0,32.0,0.89375,20,1,1
I01132,U032,F016,2026-02-04T09:49:00,Mexican,Mutton,Savory,Low,Rice,Dinner,1.0,1.0,1.0,0.0,0.0,1.0,0.6666666666666666,7.0,7.0,5.0,6.0,33.0,0.5472222222222223,9,2,1
I03422,U032,F043,2026-02-04T21:41:00,Chinese,Fish,Spicy,Medium,Pasta,Lunch,0.0,0.0,1.0,0.0,0.0,0.0,0.16666666666666666,8.0,7.0,5.0,6.0,34.0,0.49444444444444446,21,2,0
I00236,U032,F074,2026-02-05T13:24:00,Pakistani,Beef,Sour,Medium,Bread,Breakfast,0.0,0.0,1.0,0.0,0.0,1.0,0.3333333333333333,8.0,7.0,5.0,7.0,35.0,0.6548611111111111,13,3,0
I01191,U032,F095,2026-02-07T01:15:00,Thai,Vegetarian,Sour,High,Pasta,Lunch,0.0,0.0,1.0,1.0,0.0,0.0,0.3333333333333333,8.0,8.0,5.0,7.0,37.0,1.4868055555555555,1,5,0
I04754,U032,F026,2026-02-07T04:45:00,Indian,Chicken,Sweet,High,Noodles,Breakfast,0.0,1.0,0.0,1.0,1.0,1.0,0.6666666666666666,8.0,8.0,5.0,8.0,38.0,0.14583333333333334,4,5,1
I00813,U032,F024,2026-02-07T06:36:00,Thai,Chicken,Savory,High,Curry,Dinner,0.0,1.0,1.0,1.0,1.0,1.0,0.8333333333333334,8.0,8.0,6.0,8.0,39.0,0.07708333333333334,6,5,0
I04890,U032,F055,2026-02-07T23:12:00,Chinese,Mutton,Sour,Medium,Rice,Breakfast,0.0,1.0,1.0,0.0,0.0,1.0,0.5,8.0,9.0,6.0,8.0,40.0,0.6916666666666667,23,5,1
I01888,U032,F005,2026-02-08T02:53:00,Mexican,Vegetarian,Sour,Low,Pasta,Dinner,1.0,0.0,1.0,0.0,0.0,1.0,0.5,9.0,9.0,6.0,8.0,41.0,0.15347222222222223,2,6,1
I04008,U032,F052,2026-02-09T20:04:00,Pakistani,Vegetarian,Spicy,High,Curry,Breakfast,0.0,0.0,1.0,1.0,1.0,1.0,0.6666666666666666,9.0,9.0,7.0,8.0,42.0,1.7159722222222222,20,0,1
I03871,U032,F053,2026-02-10T03:27:00,Thai,Chicken,Sour,High,Curry,Dinner,0.0,1.0,1.0,1.0,1.0,1.0,0.8333333333333334,9.0,9.0,8.0,8.0,43.0,0.3076388888888889,3,1,1
I01105,U032,F012,2026-02-10T11:14:00,Indian,Mutton,Sour,High,Bread,Lunch,0.0,1.0,1.0,1.0,0.0,0.0,0.5,10.0,9.0,8.0,8.0,44.0,0.32430555555555557,11,1,1
I02619,U032,F056,2026-02-11T00:42:00,Indian,Vegetarian,Creamy,Low,Rice,Lunch,0.0,0.0,0.0,0.0,0.0,0.0,0.0,11.0,9.0,8.0,8.0,45.0,0.5611111111111111,0,2,0
I04104,U032,F016,2026-02-11T06:57:00,Mexican,Mutton,Savory,Low,Rice,Dinner,1.0,1.0,1.0,0.0,0.0,1.0,0.6666666666666666,11.0,9.0,8.0,9.0,46.0,0.2604166666666667,6,2,1
I00700,U032,F025,2026-02-11T15:59:00,Mexican,Mutton,Savory,Medium,Pasta,Lunch,1.0,1.0,1.0,0.0,0.0,0.0,0.5,12.0,9.0,8.0,9.0,47.0,0.3763888888888889,15,2,0
I02459,U032,F086,2026-02-11T16:16:00,Indian,Fish,Spicy,High,Pasta,Lunch,0.0,0.0,1.0,1.0,0.0,0.0,0.3333333333333333,12.0,9.0,8.0,10.0,48.0,0.011805555555555555,16,2,1
I01453,U032,F061,2026-02-13T12:39:00,Mexican,Vegetarian,Spicy,Medium,Bread,Lunch,1.0,0.0,1.0,0.0,0.0,0.0,0.3333333333333333,12.0,9.0,8.0,10.0,49.0,1.8493055555555555,12,4,0
I01692,U032,F084,2026-02-15T12:01:00,Indian,Vegetarian,Savory,Medium,Bread,Lunch,0.0,0.0,1.0,0.0,0.0,0.0,0.16666666666666666,12.0,9.0,8.0,11.0,50.0,1.9736111111111112,12,6,0
I03775,U032,F027,2026-02-15T17:28:00,Mexican,Mutton,Creamy,High,Noodles,Lunch,1.0,1.0,0.0,1.0,1.0,0.0,0.6666666666666666,12.0,9.0,8.0,12.0,51.0,0.22708333333333333,17,6,1
I03989,U032,F034,2026-02-17T00:47:00,Thai,Fish,Savory,Low,Noodles,Breakfast,0.0,0.0,1.0,0.0,1.0,1.0,0.5,13.0,9.0,8.0,12.0,52.0,1.304861111111111,0,1,0
I03102,U032,F073,2026-02-17T14:26:00,Chinese,Fish,Sweet,Medium,Noodles,Lunch,0.0,0.0,0.0,0.0,1.0,0.0,0.16666666666666666,13.0,9.0,8.0,13.0,53.0,0.56875,14,1,0
I03420,U032,F052,2026-02-17T15:56:00,Pakistani,Vegetarian,Spicy,High,Curry,Breakfast,0.0,0.0,1.0,1.0,1.0,1.0,0.6666666666666666,13.0,9.0,8.0,14.0,54.0,0.0625,15,1,1
I01721,U032,F081,2026-02-18T10:42:00,Mexican,Chicken,Sweet,High,Bread,Snack,1.0,1.0,0.0,1.0,0.0,1.0,0.6666666666666666,13.0,9.0,8.0,14.0,56.0,0.6659722222222222,10,2,1
I00102,U032,F040,2026-02-20T17:15:00,Mexican,Fish,Sweet,Medium,Pasta,Snack,1.0,0.0,0.0,0.0,0.0,1.0,0.3333333333333333,13.0,9.0,9.0,14.0,57.0,2.2729166666666667,17,4,0
I03729,U032,F098,2026-02-20T17:51:00,Mexican,Mutton,Spicy,Medium,Bread,Dinner,1.0,1.0,1.0,0.0,0.0,1.0,0.6666666666666666,13.0,10.0,9.0,14.0,58.0,0.025,17,4,0
I04146,U032,F032,2026-02-21T14:01:00,Italian,Vegetarian,Creamy,Medium,Noodles,Lunch,0.0,0.0,0.0,0.0,1.0,0.0,0.16666666666666666,13.0,10.0,9.0,15.0,59.0,0.8402777777777778,14,5,0
I04553,U032,F018,2026-02-22T05:45:00,Chinese,Fish,Sour,High,Pasta,Lunch,0.0,0.0,1.0,1.0,0.0,0.0,0.3333333333333333,13.0,11.0,9.0,15.0,60.0,0.6555555555555556,5,6,0
I00875,U032,F094,2026-02-22T18:38:00,Indian,Vegetarian,Creamy,High,Bread,Snack,0.0,0.0,0.0,1.0,0.0,1.0,0.3333333333333333,13.0,12.0,9.0,15.0,61.0,0.5368055555555555,18,6,1
I03870,U032,F020,2026-02-23T02:50:00,Mexican,Vegetarian,Sour,High,Pasta,Dinner,1.0,0.0,1.0,1.0,0.0,1.0,0.6666666666666666,13.0,12.0,10.0,15.0,62.0,0.3416666666666667,2,0,1
I00284,U032,F019,2026-02-23T12:48:00,Italian,Beef,Spicy,High,Curry,Dinner,0.0,0.0,1.0,1.0,1.0,1.0,0.6666666666666666,14.0,12.0,10.0,15.0,63.0,0.4152777777777778,12,0,1
I02965,U032,F090,2026-02-24T13:44:00,Indian,Fish,Creamy,Low,Pasta,Snack,0.0,0.0,0.0,0.0,0.0,1.0,0.16666666666666666,15.0,12.0,10.0,15.0,64.0,1.038888888888889,13,1,0
I01193,U032,F030,2026-02-24T19:40:00,Pakistani,Beef,Creamy,Low,Rice,Snack,0.0,0.0,0.0,0.0,0.0,1.0,0.16666666666666666,15.0,12.0,10.0,16.0,65.0,0.24722222222222223,19,1,0
I03962,U032,F091,2026-02-25T02:37:00,Indian,Beef,Spicy,High,Rice,Breakfast,0.0,0.0,1.0,1.0,0.0,1.0,0.5,15.0,12.0,10.0,17.0,66.0,0.28958333333333336,2,2,1
I01793,U032,F004,2026-02-25T12:16:00,Chinese,Vegetarian,Creamy,Low,Curry,Lunch,0.0,0.0,0.0,0.0,1.0,0.0,0.16666666666666666,16.0,12.0,10.0,17.0,67.0,0.40208333333333335,12,2,0
I03032,U032,F089,2026-02-27T21:45:00,Pakistani,Chicken,Spicy,Medium,Curry,Breakfast,0.0,1.0,1.0,0.0,1.0,1.0,0.6666666666666666,16.0,12.0,10.0,18.0,69.0,1.0638888888888889,21,4,0
I04741,U046,F098,2026-01-02T03:03:00,Mexican,Mutton,Spicy,Medium,Bread,Dinner,0.0,0.0,0.0,1.0,1.0,0.0,0.3333333333333333,0.0,0.0,0.0,0.0,0.0,-1.0,3,4,0
I00270,U046,F057,2026-01-04T07:31:00,Thai,Mutton,Spicy,Medium,Rice,Lunch,1.0,0.0,0.0,1.0,1.0,1.0,0.6666666666666666,0.0,1.0,0.0,0.0,1.0,2.186111111111111,7,6,1
I04931,U046,F024,2026-01-05T04:08:00,Thai,Chicken,Savory,High,Curry,Dinner,1.0,1.0,1.0,1.0,0.0,0.0,0.6666666666666666,1.0,1.0,0.0,0.0,2.0,0.8590277777777777,4,0,0
I03377,U046,F089,2026-01-06T01:43:00,Pakistani,Chicken,Spicy,Medium,Curry,Breakfast,0.0,1.0,0.0,1.0,0.0,0.0,0.3333333333333333,1.0,1.0,0.0,1.0,3.0,0.8993055555555556,1,1,1
I00713,U046,F008,2026-01-06T02:24:00,Italian,Mutton,Creamy,Medium,Rice,Snack,0.0,0.0,0.0,1.0,1.0,0.0,0.3333333333333333,1.0,1.0,1.0,1.0,4.0,0.02847222222222222,2,1,0
I01589,U046,F035,2026-01-06T18:12:00,Italian,Chicken,Creamy,High,Noodles,Lunch,0.0,1.0,0.0,1.0,0.0,1.0,0.5,1.0,2.0,1.0,1.0,5.0,0.6583333333333333,18,1,0
I00349,U046,F032,2026-01-07T23:06:00,Italian,Vegetarian,Creamy,Medium,Noodles,Lunch,0.0,1.0,0.0,1.0,0.0,1.0,0.5,1.0,3.0,1.0,1.0,7.0,0.40555555555555556,23,2,0
I04611,U046,F092,2026-01-09T17:32:00,Indian,Beef,Spicy,High,Curry,Snack,0.0,0.0,0.0,1.0,0.0,0.0,0.16666666666666666,1.0,4.0,1.0,1.0,9.0,0.9743055555555555,17,4,0
I03231,U046,F002,2026-01-09T20:42:00,Chinese,Beef,Savory,High,Curry,Breakfast,1.0,0.0,1.0,1.0,0.0,0.0,0.5,1.0,4.0,1.0,2.0,10.0,0.13194444444444445,20,4,0
I04294,U046,F036,2026-01-10T08:47:00,Pakistani,Chicken,Savory,Low,Rice,Breakfast,0.0,1.0,1.0,0.0,1.0,0.0,0.5,1.0,5.0,1.0,2.0,11.0,0.5034722222222222,8,5,0
I01910,U046,F006,2026-01-10T17:18:00,Pakistani,Beef,Sour,Medium,Bread,Lunch,0.0,0.0,1.0,1.0,1.0,1.0,0.6666666666666666,1.0,5.0,1.0,3.0,12.0,0.3548611111111111,17,5,1
I01464,U046,F065,2026-01-12T10:17:00,Mexican,Fish,Creamy,High,Pasta,Breakfast,0.0,0.0,0.0,1.0,0.0,0.0,0.16666666666666666,2.0,5.0,1.0,3.0,13.0,1.707638888888889,10,0,1
I04402,U046,F086,2026-01-14T17:22:00,Indian,Fish,Spicy,High,Pasta,Lunch,0.0,0.0,0.0,1.0,0.0,1.0,0.3333333333333333,2.0,5.0,2.0,3.0,14.0,2.295138888888889,17,2,1
I03804,U046,F100,2026-01-15T16:55:00,Mexican,Beef,Spicy,Low,Pasta,Snack,0.0,0.0,0.0,0.0,0.0,0.0,0.0,3.0,5.0,2.0,3.0,15.0,0.98125,16,3,0
I01408,U046,F002,2026-01-16T10:32:00,Chinese,Beef,Savory,High,Curry,Breakfast,1.0,0.0,1.0,1.0,0.0,0.0,0.5,3.0,5.0,2.0,4.0,16.0,0.7340277777777777,10,4,1
I00602,U046,F096,2026-01-16T17:44:00,Mexican,Fish,Sour,Medium,Noodles,Dinner,0.0,0.0,1.0,1.0,0.0,0.0,0.3333333333333333,3.0,5.0,3.0,4.0,17.0,0.3,17,4,0
I03036,U046,F070,2026-01-18T06:29:00,Chinese,Beef,Spicy,Medium,Rice,Lunch,1.0,0.0,0.0,1.0,1.0,1.0,0.6666666666666666,3.0,5.0,3.0,5.0,18.0,1.53125,6,6,0
I00278,U046,F079,2026-01-18T07:03:00,Italian,Chicken,Sour,Low,Curry,Lunch,0.0,1.0,1.0,0.0,0.0,1.0,0.5,3.0,6.0,3.0,5.0,19.0,0.02361111111111111,7,6,0
I03744,U046,F016,2026-01-18T10:13:00,Mexican,Mutton,Savory,Low,Rice,Dinner,0.0,0.0,1.0,0.0,1.0,0.0,0.3333333333333333,3.0,7.0,3.0,5.0,20.0,0.13194444444444445,10,6,1
I01489,U046,F039,2026-01-18T15:04:00,Chinese,Fish,Sour,Low,Rice,Breakfast,1.0,0.0,1.0,0.0,1.0,0.0,0.5,4.0,7.0,3.0,5.0,21.0,0.20208333333333334,15,6,1
I03253,U046,F074,2026-01-19T04:08:00,Pakistani,Beef,Sour,Medium,Bread,Breakfast,0.0,0.0,1.0,1.0,1.0,0.0,0.5,5.0,7.0,3.0,5.0,22.0,0.5444444444444444,4,0,0
I01373,U046,F088,2026-01-19T15:12:00,Pakistani,Beef,Sweet,Low,Noodles,Lunch,0.0,0.0,1.0,0.0,0.0,1.0,0.3333333333333333,5.0,8.0,3.0,5.0,23.0,0.46111111111111114,15,0,0
I01015,U046,F073,2026-01-24T13:01:00,Chinese,Fish,Sweet,Medium,Noodles,Lunch,1.0,0.0,1.0,1.0,0.0,1.0,0.6666666666666666,5.0,9.0,3.0,5.0,25.0,3.609722222222222,13,5,0
I01438,U046,F076,2026-01-25T14:26:00,Pakistani,Chicken,Sweet,Low,Curry,Dinner,0.0,1.0,1.0,0.0,0.0,0.0,0.3333333333333333,5.0,10.0,3.0,5.0,26.0,1.0590277777777777,14,6,0
I00058,U046,F100,2026-01-26T01:29:00,Mexican,Beef,Spicy,Low,Pasta,Snack,0.0,0.0,0.0,0.0,0.0,0.0,0.0,5.0,11.0,3.0,5.0,27.0,0.46041666666666664,1,0,0
I02496,U046,F090,2026-01-26T20:07:00,Indian,Fish,Creamy,Low,Pasta,Snack,0.0,0.0,0.0,0.0,0.0,0.0,0.0,5.0,12.0,3.0,5.0,28.0,0.7763888888888889,20,0,0
I02358,U046,F041,2026-01-27T19:29:00,Mexican,Chicken,Savory,Low,Pasta,Dinner,0.0,1.0,1.0,0.0,0.0,0.0,0.3333333333333333,5.0,13.0,3.0,5.0,29.0,0.9736111111111111,19,1,1
I01091,U046,F067,2026-01-28T22:33:00,Thai,Vegetarian,Spicy,Medium,Noodles,Breakfast,1.0,1.0,0.0,1.0,0.0,0.0,0.5,6.0,13.0,3.0,5.0,30.0,1.1277777777777778,22,2,0
I03521,U046,F034,2026-01-29T19:37:00,Thai,Fish,Savory,Low,Noodles,Breakfast,1.0,0.0,1.0,0.0,0.0,0.0,0.3333333333333333,6.0,13.0,3.0,6.0,31.0,0.8777777777777778,19,3,1
I00440,U046,F074,2026-01-29T23:25:00,Pakistani,Beef,Sour,Medium,Bread,Breakfast,0.0,0.0,1.0,1.0,1.0,0.0,0.5,6.0,13.0,4.0,6.0,32.0,0.15833333333333333,23,3,0
I01214,U046,F097,2026-02-01T05:10:00,Thai,Fish,Spicy,Medium,Pasta,Breakfast,1.0,0.0,0.0,1.0,0.0,0.0,0.3333333333333333,6.0,14.0,4.0,6.0,34.0,2.2194444444444446,5,6,0
I02522,U046,F037,2026-02-04T00:49:00,Italian,Chicken,Creamy,Low,Bread,Snack,0.0,1.0,0.0,0.0,1.0,0.0,0.3333333333333333,6.0,14.0,4.0,7.0,35.0,2.81875,0,2,0
I01158,U046,F085,2026-02-04T20:16:00,Indian,Vegetarian,Creamy,High,Bread,Snack,0.0,1.0,0.0,1.0,1.0,0.0,0.5,6.0,15.0,4.0,7.0,36.0,0.8104166666666667,20,2,1
I02369,U046,F089,2026-02-06T19:27:00,Pakistani,Chicken,Spicy,Medium,Curry,Breakfast,0.0,1.0,0.0,1.0,0.0,0.0,0.3333333333333333,6.0,15.0,5.0,7.0,37.0,1.9659722222222222,19,4,0
I02278,U046,F089,2026-02-07T07:40:00,Pakistani,Chicken,Spicy,Medium,Curry,Breakfast,0.0,1.0,0.0,1.0,0.0,0.0,0.3333333333333333,6.0,15.0,5.0,8.0,38.0,0.5090277777777777,7,5,0
I00982,U046,F069,2026-02-07T15:25:00,Mexican,Chicken,Sweet,High,Pasta,Lunch,0.0,1.0,1.0,1.0,0.0,1.0,0.6666666666666666,6.0,15.0,5.0,9.0,39.0,0.3229166666666667,15,5,0
I03407,U046,F029,2026-02-08T22:05:00,Indian,Chicken,Savory,Medium,Bread,Lunch,0.0,1.0,1.0,1.0,1.0,1.0,0.8333333333333334,6.0,15.0,5.0,10.0,40.0,1.2777777777777777,22,6,1
I00758,U046,F003,2026-02-12T16:43:00,Thai,Fish,Savory,Low,Rice,Lunch,1.0,0.0,1.0,0.0,1.0,1.0,0.6666666666666666,7.0,15.0,5.0,10.0,42.0,2.7493055555555554,16,3,1
I00362,U046,F046,2026-02-14T19:18:00,Chinese,Fish,Savory,Low,Pasta,Breakfast,1.0,0.0,1.0,0.0,0.0,0.0,0.3333333333333333,7.0,15.0,5.0,10.0,43.0,2.107638888888889,19,5,0
I00050,U046,F019,2026-02-15T08:12:00,Italian,Beef,Spicy,High,Curry,Dinner,0.0,0.0,0.0,1.0,0.0,0.0,0.16666666666666666,7.0,15.0,5.0,11.0,44.0,0.5375,8,6,0
I04985,U046,F058,2026-02-15T14:17:00,Italian,Mutton,Spicy,Medium,Curry,Dinner,0.0,0.0,0.0,1.0,0.0,0.0,0.16666666666666666,7.0,16.0,5.0,11.0,45.0,0.2534722222222222,14,6,1
I02704,U046,F027,2026-02-16T05:20:00,Mexican,Mutton,Creamy,High,Noodles,Lunch,0.0,0.0,0.0,1.0,0.0,1.0,0.3333333333333333,8.0,16.0,5.0,11.0,46.0,0.6270833333333333,5,0,0
I02037,U046,F022,2026-02-16T17:37:00,Pakistani,Beef,Spicy,High,Pasta,Breakfast,0.0,0.0,0.0,1.0,0.0,0.0,0.16666666666666666,8.0,16.0,5.0,12.0,48.0,0.5076388888888889,17,0,0
I00200,U046,F020,2026-02-17T02:03:00,Mexican,Vegetarian,Sour,High,Pasta,Dinner,0.0,1.0,1.0,1.0,0.0,0.0,0.5,8.0,16.0,5.0,13.0,49.0,0.35138888888888886,2,1,1
I02312,U046,F047,2026-02-17T12:26:00,Indian,Mutton,Sour,Medium,Pasta,Snack,0.0,0.0,1.0,1.0,0.0,0.0,0.3333333333333333,8.0,16.0,6.0,13.0,50.0,0.4326388888888889,12,1,0
I01713,U046,F070,2026-02-18T00:51:00,Chinese,Beef,Spicy,Medium,Rice,Lunch,1.0,0.0,0.0,1.0,1.0,1.0,0.6666666666666666,8.0,17.0,6.0,13.0,51.0,0.5173611111111112,0,2,0
I00083,U046,F093,2026-02-22T19:37:00,Pakistani,Vegetarian,Spicy,Low,Pasta,Lunch,0.0,1.0,0.0,0.0,0.0,1.0,0.3333333333333333,8.0,18.0,6.0,13.0,55.0,1.1701388888888888,19,6,0
I03749,U046,F001,2026-02-25T03:05:00,Mexican,Chicken,Savory,High,Bread,Lunch,0.0,1.0,1.0,1.0,1.0,1.0,0.8333333333333334,8.0,18.0,6.0,14.0,57.0,1.4229166666666666,3,2,1
I00172,U046,F007,2026-02-26T07:59:00,Chinese,Mutton,Savory,Low,Pasta,Breakfast,1.0,0.0,1.0,0.0,0.0,0.0,0.3333333333333333,8.0,18.0,7.0,14.0,60.0,0.5006944444444444,7,3,1
I00659,U046,F035,2026-02-26T12:23:00,Italian,Chicken,Creamy,High,Noodles,Lunch,0.0,1.0,0.0,1.0,0.0,1.0,0.5,9.0,18.0,7.0,14.0,61.0,0.18333333333333332,12,3,0
I01047,U046,F061,2026-02-26T22:59:00,Mexican,Vegetarian,Spicy,Medium,Bread,Lunch,0.0,1.0,0.0,1.0,1.0,1.0,0.6666666666666666,9.0,19.0,7.0,14.0,62.0,0.44166666666666665,22,3,1
I03280,U037,F072,2026-01-02T10:19:00,Chinese,Chicken,Sour,Low,Pasta,Lunch,0.0,0.0,1.0,1.0,1.0,1.0,0.6666666666666666,0.0,0.0,0.0,0.0,0.0,-1.0,10,4,0
I00213,U037,F085,2026-01-03T07:04:00,Indian,Vegetarian,Creamy,High,Bread,Snack,0.0,1.0,0.0,1.0,1.0,1.0,0.6666666666666666,0.0,1.0,0.0,0.0,2.0,0.2826388888888889,7,5,1
I03048,U037,F084,2026-01-04T11:07:00,Indian,Vegetarian,Savory,Medium,Bread,Lunch,0.0,1.0,1.0,1.0,1.0,1.0,0.8333333333333334,0.0,1.0,0.0,0.0,4.0,1.0270833333333333,11,6,1
I02306,U037,F011,2026-01-06T08:23:00,Pakistani,Beef,Sweet,Low,Noodles,Breakfast,0.0,1.0,0.0,1.0,1.0,0.0,0.5,1.0,1.0,0.0,0.0,5.0,1.886111111111111,8,1,1
I02846,U037,F049,2026-01-06T21:20:00,Mexican,Mutton,Savory,Low,Curry,Snack,1.0,0.0,1.0,1.0,0.0,1.0,0.6666666666666666,2.0,1.0,0.0,0.0,6.0,0.5395833333333333,21,1,0
I00330,U037,F048,2026-01-07T06:07:00,Chinese,Beef,Sweet,Low,Rice,Breakfast,0.0,1.0,0.0,1.0,0.0,0.0,0.3333333333333333,2.0,1.0,0.0,1.0,7.0,0.3659722222222222,6,2,1
I01676,U037,F005,2026-01-08T12:20:00,Mexican,Vegetarian,Sour,Low,Pasta,Dinner,1.0,1.0,1.0,1.0,1.0,0.0,0.8333333333333334,2.0,1.0,1.0,1.0,8.0,1.2590277777777779,12,3,0
I00555,U037,F077,2026-01-11T10:24:00,Pakistani,Chicken,Creamy,Medium,Bread,Dinner,0.0,0.0,0.0,1.0,1.0,0.0,0.3333333333333333,2.0,1.0,1.0,2.0,10.0,0.46111111111111114,10,6,0
I02469,U037,F061,2026-01-13T13:06:00,Mexican,Vegetarian,Spicy,Medium,Bread,Lunch,1.0,1.0,0.0,1.0,1.0,1.0,0.8333333333333334,2.0,1.0,1.0,3.0,12.0,1.3618055555555555,13,1,0
I04171,U037,F063,2026-01-14T21:14:00,Italian,Chicken,Savory,High,Pasta,Dinner,0.0,0.0,1.0,1.0,1.0,0.0,0.5,2.0,2.0,1.0,3.0,13.0,1.3388888888888888,21,2,0
I03715,U037,F075,2026-01-15T01:38:00,Italian,Mutton,Creamy,Medium,Curry,Dinner,0.0,0.0,0.0,1.0,0.0,0.0,0.16666666666666666,2.0,2.0,1.0,4.0,14.0,0.18333333333333332,1,3,0
I02613,U037,F095,2026-01-16T03:15:00,Thai,Vegetarian,Sour,High,Pasta,Lunch,1.0,1.0,1.0,1.0,1.0,1.0,1.0,2.0,2.0,1.0,5.0,16.0,0.50625,3,4,1
I04316,U037,F019,2026-01-17T00:15:00,Italian,Beef,Spicy,High,Curry,Dinner,0.0,1.0,0.0,1.0,0.0,0.0,0.3333333333333333,2.0,2.0,1.0,5.0,17.0,0.875,0,5,0
I00228,U037,F067,2026-01-18T09:10:00,Thai,Vegetarian,Spicy,Medium,Noodles,Breakfast,1.0,1.0,0.0,1.0,1.0,0.0,0.6666666666666666,2.0,3.0,1.0,5.0,18.0,1.3715277777777777,9,6,1
I00117,U037,F030,2026-01-22T17:53:00,Pakistani,Beef,Creamy,Low,Rice,Snack,0.0,1.0,0.0,1.0,0.0,1.0,0.5,3.0,3.0,1.0,5.0,19.0,4.363194444444445,17,3,0
I04670,U037,F092,2026-01-25T04:58:00,Indian,Beef,Spicy,High,Curry,Snack,0.0,1.0,0.0,1.0,0.0,1.0,0.5,3.0,3.0,1.0,6.0,22.0,1.9368055555555554,4,6,0
I01257,U037,F097,2026-01-25T16:14:00,Thai,Fish,Spicy,Medium,Pasta,Breakfast,1.0,0.0,0.0,1.0,1.0,0.0,0.5,3.0,4.0,1.0,6.0,23.0,0.46944444444444444,16,6,1
I02795,U037,F046,2026-01-26T08:21:00,Chinese,Fish,Savory,Low,Pasta,Breakfast,0.0,0.0,1.0,1.0,1.0,0.0,0.5,3.0,4.0,2.0,6.0,24.0,0.6715277777777777,8,0,1
I02363,U037,F091,2026-01-27T22:18:00,Indian,Beef,Spicy,High,Rice,Breakfast,0.0,1.0,0.0,1.0,0.0,0.0,0.3333333333333333,3.0,4.0,3.0,6.0,25.0,1.58125,22,1,0
I00600,U037,F013,2026-01-30T02:51:00,Italian,Mutton,Spicy,High,Bread,Breakfast,0.0,0.0,0.0,1.0,1.0,0.0,0.3333333333333333,3.0,4.0,3.0,7.0,26.0,2.189583333333333,2,4,0
I03980,U037,F036,2026-01-31T18:57:00,Pakistani,Chicken,Savory,Low,Rice,Breakfast,0.0,0.0,1.0,1.0,0.0,0.0,0.3333333333333333,3.0,5.0,3.0,7.0,28.0,0.7611111111111111,18,5,0
I03740,U037,F031,2026-02-01T18:10:00,Pakistani,Vegetarian,Spicy,Low,Pasta,Lunch,0.0,1.0,0.0,1.0,1.0,1.0,0.6666666666666666,3.0,5.0,3.0,8.0,29.0,0.9673611111111111,18,6,0
I02376,U037,F002,2026-02-02T05:59:00,Chinese,Beef,Savory,High,Curry,Breakfast,0.0,1.0,1.0,1.0,0.0,0.0,0.5,3.0,6.0,3.0,8.0,30.0,0.49236111111111114,5,0,0
I01431,U037,F021,2026-02-02T11:53:00,Chinese,Beef,Creamy,Medium,Rice,Breakfast,0.0,1.0,0.0,1.0,0.0,0.0,0.3333333333333333,3.0,7.0,3.0,8.0,31.0,0.24583333333333332,11,0,1
I04254,U037,F034,2026-02-03T12:28:00,Thai,Fish,Savory,Low,Noodles,Breakfast,1.0,0.0,1.0,1.0,1.0,0.0,0.6666666666666666,4.0,7.0,3.0,8.0,33.0,1.007638888888889,12,1,1
I03648,U037,F021,2026-02-04T22:54:00,Chinese,Beef,Creamy,Medium,Rice,Breakfast,0.0,1.0,0.0,1.0,0.0,0.0,0.3333333333333333,5.0,7.0,3.0,8.0,34.0,1.4347222222222222,22,2,1
I01601,U037,F063,2026-02-06T00:43:00,Italian,Chicken,Savory,High,Pasta,Dinner,0.0,0.0,1.0,1.0,1.0,0.0,0.5,6.0,7.0,3.0,8.0,35.0,1.0756944444444445,0,4,0
I00654,U037,F074,2026-02-06T12:07:00,Pakistani,Beef,Sour,Medium,Bread,Breakfast,0.0,1.0,1.0,1.0,1.0,0.0,0.6666666666666666,6.0,8.0,3.0,8.0,36.0,0.475,12,4,1
I00882,U037,F094,2026-02-07T09:52:00,Indian,Vegetarian,Creamy,High,Bread,Snack,0.0,1.0,0.0,1.0,1.0,1.0,0.6666666666666666,6.0,8.0,4.0,8.0,37.0,0.90625,9,5,1
I03201,U037,F058,2026-02-10T07:32:00,Italian,Mutton,Spicy,Medium,Curry,Dinner,0.0,0.0,0.0,1.0,0.0,0.0,0.16666666666666666,7.0,8.0,4.0,8.0,38.0,2.9027777777777777,7,1,0
I01743,U037,F083,2026-02-10T10:55:00,Indian,Fish,Spicy,High,Curry,Dinner,0.0,0.0,0.0,1.0,0.0,0.0,0.16666666666666666,7.0,9.0,4.0,8.0,39.0,0.14097222222222222,10,1,0
I04153,U037,F075,2026-02-14T12:52:00,Italian,Mutton,Creamy,Medium,Curry,Dinner,0.0,0.0,0.0,1.0,0.0,0.0,0.16666666666666666,7.0,9.0,4.0,9.0,42.0,2.3944444444444444,12,5,0
I04468,U037,F013,2026-02-16T06:11:00,Italian,Mutton,Spicy,High,Bread,Breakfast,0.0,0.0,0.0,1.0,1.0,0.0,0.3333333333333333,7.0,10.0,4.0,9.0,43.0,1.7215277777777778,6,0,1
I01093,U037,F094,2026-02-16T15:47:00,Indian,Vegetarian,Creamy,High,Bread,Snack,0.0,1.0,0.0,1.0,1.0,1.0,0.6666666666666666,7.0,10.0,5.0,9.0,44.0,0.4,15,0,1
I00273,U037,F015,2026-02-16T18:30:00,Indian,Fish,Sweet,High,Curry,Lunch,0.0,0.0,0.0,1.0,0.0,1.0,0.3333333333333333,7.0,10.0,6.0,9.0,45.0,0.11319444444444444,18,0,1
I02130,U037,F081,2026-02-17T00:46:00,Mexican,Chicken,Sweet,High,Bread,Snack,1.0,0.0,0.0,1.0,1.0,1.0,0.6666666666666666,7.0,10.0,7.0,9.0,47.0,0.20694444444444443,0,1,1
I01245,U037,F038,2026-02-17T10:24:00,Chinese,Vegetarian,Spicy,High,Curry,Snack,0.0,1.0,0.0,1.0,0.0,1.0,0.5,8.0,10.0,7.0,9.0,49.0,0.33541666666666664,10,1,1
I00072,U037,F005,2026-02-17T12:41:00,Mexican,Vegetarian,Sour,Low,Pasta,Dinner,1.0,1.0,1.0,1.0,1.0,0.0,0.8333333333333334,9.0,10.0,7.0,9.0,50.0,0.09513888888888888,12,1,1
I01474,U037,F048,2026-02-18T19:41:00,Chinese,Beef,Sweet,Low,Rice,Breakfast,0.0,1.0,0.0,1.0,0.0,0.0,0.3333333333333333,9.0,10.0,8.0,9.0,51.0,1.2916666666666667,19,2,1
I00737,U037,F065,2026-02-20T05:03:00,Mexican,Fish,Creamy,High,Pasta,Breakfast,1.0,0.0,0.0,1.0,1.0,0.0,0.5,10.0,10.0,8.0,9.0,52.0,1.3902777777777777,5,4,1
I04659,U037,F090,2026-02-20T16:39:00,Indian,Fish,Creamy,Low,Pasta,Snack,0.0,0.0,0.0,1.0,1.0,1.0,0.5,11.0,10.0,8.0,9.0,53.0,0.48333333333333334,16,4,0
I02329,U037,F090,2026-02-22T13:00:00,Indian,Fish,Creamy,Low,Pasta,Snack,0.0,0.0,0.0,1.0,1.0,1.0,0.5,11.0,11.0,8.0,9.0,55.0,0.9604166666666667,13,6,0
I04222,U037,F044,2026-02-23T16:35:00,Pakistani,Fish,Creamy,Low,Rice,Breakfast,0.0,0.0,0.0,1.0,0.0,0.0,0.16666666666666666,11.0,12.0,8.0,9.0,56.0,1.1493055555555556,16,0,0
I01940,U037,F067,2026-02-24T09:44:00,Thai,Vegetarian,Spicy,Medium,Noodles,Breakfast,1.0,1.0,0.0,1.0,1.0,0.0,0.6666666666666666,11.0,12.0,8.0,10.0,57.0,0.7145833333333333,9,1,0
I02626,U037,F045,2026-02-25T15:12:00,Pakistani,Beef,Spicy,Medium,Pasta,Snack,0.0,1.0,0.0,1.0,1.0,1.0,0.6666666666666666,11.0,12.0,8.0,11.0,58.0,1.2277777777777779,15,2,1
I04578,U037,F095,2026-02-25T19:20:00,Thai,Vegetarian,Sour,High,Pasta,Lunch,1.0,1.0,1.0,1.0,1.0,1.0,1.0,12.0,12.0,8.0,11.0,59.0,0.17222222222222222,19,2,1
I02907,U037,F024,2026-02-27T08:42:00,Thai,Chicken,Savory,High,Curry,Dinner,1.0,0.0,1.0,1.0,0.0,0.0,0.5,13.0,12.0,8.0,11.0,62.0,1.1354166666666667,8,4,0
I00546,U037,F030,2026-02-27T21:30:00,Pakistani,Beef,Creamy,Low,Rice,Snack,0.0,1.0,0.0,1.0,0.0,1.0,0.5,13.0,12.0,8.0,12.0,63.0,0.5333333333333333,21,4,0
I01663,U037,F047,2026-02-28T08:48:00,Indian,Mutton,Sour,Medium,Pasta,Snack,0.0,0.0,1.0,1.0,1.0,1.0,0.6666666666666666,13.0,12.0,8.0,13.0,64.0,0.4708333333333333,8,5,1
I04725,U037,F092,2026-03-01T11:28:00,Indian,Beef,Spicy,High,Curry,Snack,0.0,1.0,0.0,1.0,0.0,1.0,0.5,14.0,12.0,8.0,13.0,65.0,1.1111111111111112,11,6,1
I01670,U037,F052,2026-03-01T22:50:00,Pakistani,Vegetarian,Spicy,High,Curry,Breakfast,0.0,1.0,0.0,1.0,0.0,0.0,0.3333333333333333,15.0,12.0,8.0,13.0,66.0,0.4736111111111111,22,6,0
I00729,U037,F028,2026-03-03T05:54:00,Italian,Beef,Creamy,High,Rice,Dinner,0.0,1.0,0.0,1.0,0.0,0.0,0.3333333333333333,15.0,13.0,8.0,13.0,67.0,1.2944444444444445,5,1,0
I00876,U037,F047,2026-03-03T12:34:00,Indian,Mutton,Sour,Medium,Pasta,Snack,0.0,0.0,1.0,1.0,1.0,1.0,0.6666666666666666,15.0,13.0,8.0,14.0,68.0,0.2777777777777778,12,1,1
I02044,U047,F012,2026-01-03T05:46:00,Indian,Mutton,Sour,High,Bread,Lunch,1.0,0.0,0.0,0.0,1.0,0.0,0.3333333333333333,0.0,0.0,0.0,0.0,1.0,0.02847222222222222,5,5,1
I03532,U047,F079,2026-01-04T04:49:00,Italian,Chicken,Sour,Low,Curry,Lunch,0.0,1.0,0.0,0.0,0.0,0.0,0.16666666666666666,0.0,0.0,1.0,0.0,2.0,0.9604166666666667,4,6,0
I02991,U047,F080,2026-01-05T01:02:00,Italian,Fish,Savory,High,Bread,Dinner,0.0,0.0,0.0,0.0,1.0,1.0,0.3333333333333333,0.0,1.0,1.0,0.0,3.0,0.8423611111111111,1,0,1
I02747,U047,F098,2026-01-05T21:46:00,Mexican,Mutton,Spicy,Medium,Bread,Dinner,1.0,0.0,0.0,1.0,1.0,1.0,0.6666666666666666,0.0,1.0,2.0,0.0,4.0,0.8638888888888889,21,0,1
I00326,U047,F015,2026-01-06T00:25:00,Indian,Fish,Sweet,High,Curry,Lunch,1.0,0.0,0.0,0.0,0.0,0.0,0.16666666666666666,0.0,1.0,3.0,0.0,5.0,0.11041666666666666,0,1,0
I04734,U047,F064,2026-01-06T01:10:00,Pakistani,Chicken,Sweet,Low,Bread,Lunch,1.0,1.0,0.0,0.0,1.0,0.0,0.5,0.0,1.0,3.0,1.0,6.0,0.03125,1,1,0
I04270,U047,F069,2026-01-06T04:39:00,Mexican,Chicken,Sweet,High,Pasta,Lunch,1.0,1.0,0.0,0.0,1.0,0.0,0.5,0.0,2.0,3.0,1.0,7.0,0.1451388888888889,4,1,0
I01865,U047,F043,2026-01-08T08:02:00,Chinese,Fish,Spicy,Medium,Pasta,Lunch,0.0,0.0,0.0,1.0,1.0,0.0,0.3333333333333333,0.0,2.0,3.0,2.0,8.0,2.140972222222222,8,3,0
I04623,U047,F080,2026-01-09T23:02:00,Italian,Fish,Savory,High,Bread,Dinner,0.0,0.0,0.0,0.0,1.0,1.0,0.3333333333333333,0.0,2.0,3.0,3.0,9.0,1.625,23,4,1
I02736,U047,F003,2026-01-12T02:09:00,Thai,Fish,Savory,Low,Rice,Lunch,0.0,0.0,0.0,0.0,0.0,0.0,0.0,1.0,2.0,3.0,3.0,10.0,2.129861111111111,2,0,0
I01652,U047,F046,2026-01-13T11:18:00,Chinese,Fish,Savory,Low,Pasta,Breakfast,0.0,0.0,0.0,0.0,1.0,0.0,0.16666666666666666,1.0,2.0,3.0,4.0,11.0,1.38125,11,1,0
I04987,U047,F065,2026-01-13T13:07:00,Mexican,Fish,Creamy,High,Pasta,Breakfast,1.0,0.0,1.0,0.0,1.0,0.0,0.5,1.0,2.0,3.0,5.0,12.0,0.07569444444444444,13,1,1
I02858,U047,F093,2026-01-14T10:34:00,Pakistani,Vegetarian,Spicy,Low,Pasta,Lunch,1.0,0.0,0.0,0.0,1.0,0.0,0.3333333333333333,2.0,2.0,3.0,5.0,13.0,0.89375,10,2,0
I00468,U047,F080,2026-01-14T16:59:00,Italian,Fish,Savory,High,Bread,Dinner,0.0,0.0,0.0,0.0,1.0,1.0,0.3333333333333333,2.0,2.0,3.0,6.0,14.0,0.2673611111111111,16,2,1
I02811,U047,F023,2026-01-17T10:04:00,Indian,Fish,Creamy,Medium,Curry,Dinner,1.0,0.0,1.0,1.0,0.0,1.0,0.6666666666666666,3.0,2.0,3.0,6.0,15.0,2.7118055555555554,10,5,1
I01241,U047,F054,2026-01-17T16:32:00,Italian,Beef,Sweet,Low,Bread,Snack,0.0,0.0,0.0,0.0,1.0,0.0,0.16666666666666666,4.0,2.0,3.0,6.0,16.0,0.26944444444444443,16,5,0
I02942,U047,F052,2026-01-17T20:21:00,Pakistani,Vegetarian,Spicy,High,Curry,Breakfast,1.0,0.0,0.0,0.0,0.0,0.0,0.16666666666666666,4.0,3.0,3.0,6.0,17.0,0.15902777777777777,20,5,0
I01211,U047,F013,2026-01-18T04:11:00,Italian,Mutton,Spicy,High,Bread,Breakfast,0.0,0.0,0.0,0.0,1.0,0.0,0.16666666666666666,4.0,3.0,3.0,7.0,19.0,0.05416666666666667,4,6,1
I00698,U047,F025,2026-01-18T08:33:00,Mexican,Mutton,Savory,Medium,Pasta,Lunch,1.0,0.0,0.0,1.0,1.0,0.0,0.5,5.0,3.0,3.0,7.0,20.0,0.18194444444444444,8,6,1
I02321,U047,F004,2026-01-18T13:31:00,Chinese,Vegetarian,Creamy,Low,Curry,Lunch,0.0,0.0,1.0,0.0,0.0,0.0,0.16666666666666666,6.0,3.0,3.0,7.0,21.0,0.20694444444444443,13,6,0
I03673,U047,F003,2026-01-21T14:08:00,Thai,Fish,Savory,Low,Rice,Lunch,0.0,0.0,0.0,0.0,0.0,0.0,0.0,6.0,3.0,3.0,8.0,23.0,2.547222222222222,14,2,0
I04100,U047,F057,2026-01-24T02:05:00,Thai,Mutton,Spicy,Medium,Rice,Lunch,0.0,0.0,0.0,1.0,0.0,0.0,0.16666666666666666,6.0,3.0,3.0,9.0,25.0,0.17222222222222222,2,5,1
I04420,U047,F083,2026-01-24T03:58:00,Indian,Fish,Spicy,High,Curry,Dinner,1.0,0.0,0.0,0.0,0.0,1.0,0.3333333333333333,7.0,3.0,3.0,9.0,26.0,0.07847222222222222,3,5,0
I04184,U047,F010,2026-01-25T07:10:00,Mexican,Vegetarian,Sweet,High,Noodles,Breakfast,1.0,0.0,0.0,0.0,0.0,0.0,0.16666666666666666,7.0,3.0,3.0,10.0,27.0,1.1333333333333333,7,6,0
I04207,U047,F054,2026-01-25T20:38:00,Italian,Beef,Sweet,Low,Bread,Snack,0.0,0.0,0.0,0.0,1.0,0.0,0.16666666666666666,7.0,3.0,3.0,11.0,28.0,0.5611111111111111,20,6,1
I02665,U047,F093,2026-01-26T03:10:00,Pakistani,Vegetarian,Spicy,Low,Pasta,Lunch,1.0,0.0,0.0,0.0,1.0,0.0,0.3333333333333333,8.0,3.0,3.0,11.0,29.0,0.2722222222222222,3,0,0
I01824,U047,F001,2026-01-26T03:54:00,Mexican,Chicken,Savory,High,Bread,Lunch,1.0,1.0,0.0,0.0,1.0,0.0,0.5,8.0,4.0,3.0,11.0,30.0,0.030555555555555555,3,0,0
I04739,U047,F008,2026-01-26T08:00:00,Italian,Mutton,Creamy,Medium,Rice,Snack,0.0,0.0,1.0,1.0,0.0,0.0,0.3333333333333333,8.0,4.0,3.0,12.0,31.0,0.17083333333333334,8,0,0
I02872,U047,F016,2026-01-26T08:13:00,Mexican,Mutton,Savory,Low,Rice,Dinner,1.0,0.0,0.0,0.0,0.0,1.0,0.3333333333333333,8.0,4.0,3.0,13.0,32.0,0.009027777777777777,8,0,0
I04791,U047,F049,2026-01-27T12:21:00,Mexican,Mutton,Savory,Low,Curry,Snack,1.0,0.0,0.0,0.0,0.0,0.0,0.16666666666666666,8.0,4.0,3.0,14.0,33.0,1.1722222222222223,12,1,0
I00191,U047,F061,2026-01-27T12:39:00,Mexican,Vegetarian,Spicy,Medium,Bread,Lunch,1.0,0.0,0.0,1.0,1.0,0.0,0.5,8.0,4.0,3.0,15.0,34.0,0.0125,12,1,0
I02272,U047,F095,2026-01-27T15:08:00,Thai,Vegetarian,Sour,High,Pasta,Lunch,0.0,0.0,0.0,0.0,1.0,0.0,0.16666666666666666,8.0,5.0,3.0,15.0,35.0,0.10347222222222222,15,1,0
I04703,U047,F002,2026-01-29T18:57:00,Chinese,Beef,Savory,High,Curry,Breakfast,0.0,0.0,0.0,0.0,0.0,0.0,0.0,8.0,5.0,3.0,16.0,37.0,0.6777777777777778,18,3,0
I03314,U047,F047,2026-01-31T11:30:00,Indian,Mutton,Sour,Medium,Pasta,Snack,1.0,0.0,0.0,1.0,1.0,0.0,0.5,8.0,5.0,3.0,17.0,38.0,1.6895833333333334,11,5,1
I03173,U047,F053,2026-02-01T01:29:00,Thai,Chicken,Sour,High,Curry,Dinner,0.0,1.0,0.0,0.0,0.0,1.0,0.3333333333333333,8.0,5.0,4.0,17.0,39.0,0.5826388888888889,1,6,0
I02129,U047,F053,2026-02-01T05:40:00,Thai,Chicken,Sour,High,Curry,Dinner,0.0,1.0,0.0,0.0,0.0,1.0,0.3333333333333333,8.0,6.0,4.0,17.0,40.0,0.17430555555555555,5,6,0
I03571,U047,F095,2026-02-01T21:24:00,Thai,Vegetarian,Sour,High,Pasta,Lunch,0.0,0.0,0.0,0.0,1.0,0.0,0.16666666666666666,8.0,7.0,4.0,17.0,41.0,0.6555555555555556,21,6,1
I01178,U047,F059,2026-02-03T11:39:00,Thai,Vegetarian,Savory,High,Curry,Dinner,0.0,0.0,0.0,0.0,0.0,1.0,0.16666666666666666,9.0,7.0,4.0,17.0,42.0,1.59375,11,1,0
I04663,U047,F087,2026-02-04T04:19:00,Mexican,Chicken,Sweet,High,Curry,Dinner,1.0,1.0,0.0,0.0,0.0,1.0,0.5,9.0,7.0,4.0,18.0,43.0,0.6944444444444444,4,2,0
I02787,U047,F048,2026-02-04T22:28:00,Chinese,Beef,Sweet,Low,Rice,Breakfast,0.0,0.0,0.0,0.0,0.0,0.0,0.0,9.0,7.0,4.0,19.0,44.0,0.75625,22,2,0
I02730,U047,F021,2026-02-06T10:33:00,Chinese,Beef,Creamy,Medium,Rice,Breakfast,0.0,0.0,1.0,1.0,0.0,0.0,0.3333333333333333,9.0,7.0,4.0,20.0,45.0,1.5034722222222223,10,4,0
I00810,U047,F089,2026-02-06T14:34:00,Pakistani,Chicken,Spicy,Medium,Curry,Breakfast,1.0,1.0,0.0,1.0,0.0,0.0,0.5,9.0,7.0,4.0,21.0,46.0,0.1673611111111111,14,4,0
I03903,U047,F065,2026-02-06T21:42:00,Mexican,Fish,Creamy,High,Pasta,Breakfast,1.0,0.0,1.0,0.0,1.0,0.0,0.5,9.0,7.0,4.0,22.0,47.0,0.2972222222222222,21,4,1
I00167,U047,F029,2026-02-08T15:48:00,Indian,Chicken,Savory,Medium,Bread,Lunch,1.0,1.0,0.0,1.0,1.0,0.0,0.6666666666666666,9.0,7.0,5.0,22.0,48.0,1.7541666666666667,15,6,0
I03810,U047,F086,2026-02-09T15:13:00,Indian,Fish,Spicy,High,Pasta,Lunch,1.0,0.0,0.0,0.0,1.0,0.0,0.3333333333333333,9.0,7.0,5.0,23.0,49.0,0.9756944444444444,15,0,0
I04310,U047,F033,2026-02-09T15:57:00,Mexican,Mutton,Sour,High,Bread,Snack,1.0,0.0,0.0,0.0,1.0,0.0,0.3333333333333333,9.0,7.0,5.0,24.0,50.0,0.030555555555555555,15,0,0
I01299,U047,F029,2026-02-10T00:10:00,Indian,Chicken,Savory,Medium,Bread,Lunch,1.0,1.0,0.0,1.0,1.0,0.0,0.6666666666666666,9.0,8.0,5.0,24.0,51.0,0.3423611111111111,0,1,1
I03259,U047,F031,2026-02-10T22:10:00,Pakistani,Vegetarian,Spicy,Low,Pasta,Lunch,1.0,0.0,0.0,0.0,1.0,0.0,0.3333333333333333,9.0,8.0,5.0,24.0,52.0,0.9166666666666666,22,1,0
I00055,U047,F085,2026-02-12T04:33:00,Indian,Vegetarian,Creamy,High,Bread,Snack,1.0,0.0,1.0,0.0,1.0,0.0,0.5,9.0,9.0,5.0,24.0,53.0,1.2659722222222223,4,3,0
I04575,U047,F052,2026-02-12T18:51:00,Pakistani,Vegetarian,Spicy,High,Curry,Breakfast,1.0,0.0,0.0,0.0,0.0,0.0,0.16666666666666666,9.0,9.0,5.0,25.0,54.0,0.5958333333333333,18,3,0
I03437,U047,F016,2026-02-15T05:42:00,Mexican,Mutton,Savory,Low,Rice,Dinner,1.0,0.0,0.0,0.0,0.0,1.0,0.3333333333333333,9.0,10.0,5.0,25.0,55.0,2.4520833333333334,5,6,0
I04383,U047,F029,2026-02-15T23:34:00,Indian,Chicken,Savory,Medium,Bread,Lunch,1.0,1.0,0.0,1.0,1.0,0.0,0.6666666666666666,9.0,10.0,5.0,26.0,56.0,0.7444444444444445,23,6,0
I02394,U047,F058,2026-02-16T11:31:00,Italian,Mutton,Spicy,Medium,Curry,Dinner,0.0,0.0,0.0,1.0,0.0,1.0,0.3333333333333333,9.0,11.0,5.0,26.0,57.0,0.4979166666666667,11,0,0
I00461,U047,F003,2026-02-16T22:12:00,Thai,Fish,Savory,Low,Rice,Lunch,0.0,0.0,0.0,0.0,0.0,0.0,0.0,9.0,12.0,5.0,26.0,58.0,0.44513888888888886,22,0,0
I00646,U047,F035,2026-02-18T06:41:00,Italian,Chicken,Creamy,High,Noodles,Lunch,0.0,1.0,1.0,0.0,0.0,0.0,0.3333333333333333,9.0,13.0,5.0,26.0,60.0,1.1131944444444444,6,2,0
I03893,U047,F024,2026-02-21T01:44:00,Thai,Chicken,Savory,High,Curry,Dinner,0.0,1.0,0.0,0.0,0.0,1.0,0.3333333333333333,9.0,13.0,5.0,27.0,61.0,2.79375,1,5,1
I03796,U047,F018,2026-02-22T18:33:00,Chinese,Fish,Sour,High,Pasta,Lunch,0.0,0.0,0.0,0.0,1.0,0.0,0.16666666666666666,10.0,13.0,5.0,27.0,62.0,1.7006944444444445,18,6,1
I03954,U047,F065,2026-02-22T22:55:00,Mexican,Fish,Creamy,High,Pasta,Breakfast,1.0,0.0,1.0,0.0,1.0,0.0,0.5,11.0,13.0,5.0,27.0,63.0,0.18194444444444444,22,6,0
I00418,U047,F054,2026-02-26T07:12:00,Italian,Beef,Sweet,Low,Bread,Snack,0.0,0.0,0.0,0.0,1.0,0.0,0.16666666666666666,11.0,13.0,5.0,28.0,64.0,3.345138888888889,7,3,0
I04280,U047,F100,2026-02-27T15:57:00,Mexican,Beef,Spicy,Low,Pasta,Snack,1.0,0.0,0.0,0.0,1.0,0.0,0.3333333333333333,11.0,14.0,5.0,28.0,65.0,1.3645833333333333,15,4,1
I02716,U047,F076,2026-02-28T01:31:00,Pakistani,Chicken,Sweet,Low,Curry,Dinner,1.0,1.0,0.0,0.0,0.0,1.0,0.5,12.0,14.0,5.0,28.0,66.0,0.39861111111111114,1,5,0
I00231,U047,F081,2026-02-28T03:39:00,Mexican,Chicken,Sweet,High,Bread,Snack,1.0,1.0,0.0,0.0,1.0,0.0,0.5,12.0,14.0,5.0,29.0,67.0,0.08888888888888889,3,5,1
I01212,U013,F057,2026-01-01T08:22:00,Thai,Mutton,Spicy,Medium,Rice,Lunch,0.0,0.0,0.0,1.0,0.0,0.0,0.16666666666666666,0.0,0.0,0.0,0.0,0.0,-1.0,8,3,0
I04662,U013,F001,2026-01-04T01:40:00,Mexican,Chicken,Savory,High,Bread,Lunch,0.0,0.0,0.0,0.0,1.0,0.0,0.16666666666666666,0.0,0.0,0.0,1.0,2.0,2.6125,1,6,1
I03700,U013,F034,2026-01-05T11:22:00,Thai,Fish,Savory,Low,Noodles,Breakfast,0.0,0.0,0.0,1.0,0.0,1.0,0.3333333333333333,0.0,0.0,0.0,1.0,3.0,1.4041666666666666,11,0,1
I00110,U013,F078,2026-01-06T01:19:00,Indian,Vegetarian,Creamy,Low,Pasta,Lunch,1.0,1.0,1.0,1.0,0.0,0.0,0.6666666666666666,0.0,0.0,0.0,1.0,4.0,0.58125,1,1,1
I01744,U013,F026,2026-01-06T09:22:00,Indian,Chicken,Sweet,High,Noodles,Breakfast,1.0,0.0,0.0,0.0,0.0,1.0,0.3333333333333333,0.0,0.0,1.0,1.0,5.0,0.33541666666666664,9,1,1
I02715,U013,F056,2026-01-06T15:31:00,Indian,Vegetarian,Creamy,Low,Rice,Lunch,1.0,1.0,1.0,1.0,0.0,0.0,0.6666666666666666,0.0,0.0,2.0,1.0,6.0,0.25625,15,1,0
I00568,U013,F034,2026-01-10T00:38:00,Thai,Fish,Savory,Low,Noodles,Breakfast,0.0,0.0,0.0,1.0,0.0,1.0,0.3333333333333333,0.0,0.0,2.0,2.0,10.0,0.09791666666666667,0,5,0
I01566,U013,F019,2026-01-12T01:44:00,Italian,Beef,Spicy,High,Curry,Dinner,0.0,0.0,0.0,0.0,0.0,0.0,0.0,0.0,0.0,2.0,3.0,13.0,0.11944444444444445,1,0,0
I02215,U013,F099,2026-01-13T00:53:00,Thai,Chicken,Spicy,Low,Noodles,Snack,0.0,0.0,0.0,1.0,0.0,1.0,0.3333333333333333,0.0,0.0,2.0,4.0,14.0,0.9645833333333333,0,1,1
I02636,U013,F078,2026-01-13T09:11:00,Indian,Vegetarian,Creamy,Low,Pasta,Lunch,1.0,1.0,1.0,1.0,0.0,0.0,0.6666666666666666,1.0,0.0,2.0,4.0,15.0,0.3458333333333333,9,1,0
I01831,U013,F061,2026-01-13T20:05:00,Mexican,Vegetarian,Spicy,Medium,Bread,Lunch,0.0,1.0,0.0,1.0,1.0,0.0,0.5,1.0,1.0,2.0,4.0,16.0,0.45416666666666666,20,1,1
I03202,U013,F065,2026-01-17T08:16:00,Mexican,Fish,Creamy,High,Pasta,Breakfast,0.0,0.0,1.0,0.0,0.0,1.0,0.3333333333333333,2.0,1.0,2.0,4.0,18.0,2.861111111111111,8,5,0
I00869,U013,F072,2026-01-20T09:50:00,Chinese,Chicken,Sour,Low,Pasta,Lunch,1.0,0.0,1.0,1.0,0.0,0.0,0.5,2.0,2.0,2.0,4.0,19.0,3.0652777777777778,9,1,1
I02261,U013,F094,2026-01-20T19:12:00,Indian,Vegetarian,Creamy,High,Bread,Snack,1.0,1.0,1.0,0.0,1.0,1.0,0.8333333333333334,2.0,2.0,2.0,4.0,20.0,0.3902777777777778,19,1,1
I03924,U013,F047,2026-01-21T09:37:00,Indian,Mutton,Sour,Medium,Pasta,Snack,1.0,0.0,1.0,1.0,0.0,1.0,0.6666666666666666,2.0,2.0,3.0,4.0,21.0,0.6006944444444444,9,2,1
I03800,U013,F097,2026-01-22T05:28:00,Thai,Fish,Spicy,Medium,Pasta,Breakfast,0.0,0.0,0.0,1.0,0.0,1.0,0.3333333333333333,2.0,2.0,3.0,4.0,22.0,0.8270833333333333,5,3,0
I01417,U013,F007,2026-01-27T04:17:00,Chinese,Mutton,Savory,Low,Pasta,Breakfast,1.0,0.0,0.0,1.0,0.0,1.0,0.5,2.0,2.0,3.0,5.0,26.0,3.0368055555555555,4,1,0
I01864,U013,F043,2026-01-27T18:40:00,Chinese,Fish,Spicy,Medium,Pasta,Lunch,1.0,0.0,0.0,1.0,0.0,0.0,0.3333333333333333,2.0,3.0,3.0,5.0,27.0,0.5993055555555555,18,1,0
I02337,U013,F082,2026-01-28T11:47:00,Italian,Fish,Sweet,High,Noodles,Lunch,0.0,0.0,0.0,0.0,0.0,0.0,0.0,2.0,4.0,3.0,5.0,28.0,0.7131944444444445,11,2,0
I03552,U013,F018,2026-01-30T00:19:00,Chinese,Fish,Sour,High,Pasta,Lunch,1.0,0.0,1.0,0.0,0.0,0.0,0.3333333333333333,2.0,5.0,3.0,5.0,30.0,1.3631944444444444,0,4,0
I03318,U013,F071,2026-01-30T13:03:00,Mexican,Mutton,Sour,High,Noodles,Dinner,0.0,0.0,1.0,0.0,0.0,0.0,0.16666666666666666,2.0,6.0,3.0,5.0,31.0,0.5305555555555556,13,4,0
I02250,U013,F024,2026-01-31T05:31:00,Thai,Chicken,Savory,High,Curry,Dinner,0.0,0.0,0.0,0.0,0.0,0.0,0.0,2.0,7.0,3.0,5.0,32.0,0.6861111111111111,5,5,1
I03112,U013,F066,2026-02-01T01:50:00,Pakistani,Chicken,Spicy,High,Rice,Dinner,1.0,0.0,0.0,0.0,0.0,0.0,0.16666666666666666,2.0,7.0,4.0,5.0,34.0,0.8277777777777777,1,6,1
I01922,U013,F074,2026-02-01T12:21:00,Pakistani,Beef,Sour,Medium,Bread,Breakfast,1.0,0.0,1.0,1.0,1.0,1.0,0.8333333333333334,2.0,7.0,5.0,5.0,35.0,0.43819444444444444,12,6,1
I00622,U013,F059,2026-02-03T05:58:00,Thai,Vegetarian,Savory,High,Curry,Dinner,0.0,1.0,0.0,0.0,0.0,0.0,0.16666666666666666,3.0,7.0,5.0,5.0,36.0,1.7340277777777777,5,1,0
I04328,U013,F006,2026-02-04T05:15:00,Pakistani,Beef,Sour,Medium,Bread,Lunch,1.0,0.0,1.0,1.0,1.0,0.0,0.6666666666666666,3.0,7.0,5.0,6.0,37.0,0.9701388888888889,5,2,0
I04132,U013,F087,2026-02-04T07:27:00,Mexican,Chicken,Sweet,High,Curry,Dinner,0.0,0.0,0.0,0.0,0.0,0.0,0.0,3.0,8.0,5.0,6.0,38.0,0.09166666666666666,7,2,0
I03825,U013,F042,2026-02-04T17:24:00,Pakistani,Beef,Spicy,Low,Curry,Snack,1.0,0.0,0.0,1.0,0.0,1.0,0.5,3.0,9.0,5.0,6.0,39.0,0.41458333333333336,17,2,0
I01167,U013,F063,2026-02-04T19:13:00,Italian,Chicken,Savory,High,Pasta,Dinner,0.0,0.0,0.0,0.0,0.0,0.0,0.0,3.0,10.0,5.0,6.0,40.0,0.07569444444444444,19,2,0
I01774,U013,F038,2026-02-05T18:04:00,Chinese,Vegetarian,Spicy,High,Curry,Snack,1.0,1.0,0.0,0.0,0.0,1.0,0.5,3.0,11.0,5.0,6.0,41.0,0.9520833333333333,18,3,1
I04819,U013,F071,2026-02-07T11:40:00,Mexican,Mutton,Sour,High,Noodles,Dinner,0.0,0.0,1.0,0.0,0.0,0.0,0.16666666666666666,4.0,11.0,5.0,6.0,42.0,1.7333333333333334,11,5,0
I04303,U013,F076,2026-02-08T16:59:00,Pakistani,Chicken,Sweet,Low,Curry,Dinner,1.0,0.0,0.0,1.0,0.0,0.0,0.3333333333333333,4.0,12.0,5.0,6.0,43.0,1.2215277777777778,16,6,0
I00407,U013,F081,2026-02-10T02:17:00,Mexican,Chicken,Sweet,High,Bread,Snack,0.0,0.0,0.0,0.0,1.0,1.0,0.3333333333333333,4.0,12.0,5.0,7.0,44.0,1.3875,2,1,1
I01554,U013,F037,2026-02-12T01:04:00,Italian,Chicken,Creamy,Low,Bread,Snack,0.0,0.0,1.0,1.0,1.0,1.0,0.6666666666666666,4.0,12.0,6.0,7.0,45.0,1.9493055555555556,1,3,1
I00355,U013,F083,2026-02-12T04:10:00,Indian,Fish,Spicy,High,Curry,Dinner,1.0,0.0,0.0,0.0,0.0,0.0,0.16666666666666666,5.0,12.0,6.0,7.0,46.0,0.12916666666666668,4,3,0
I02594,U013,F045,2026-02-12T17:40:00,Pakistani,Beef,Spicy,Medium,Pasta,Snack,1.0,0.0,0.0,1.0,0.0,1.0,0.5,5.0,13.0,6.0,7.0,47.0,0.5625,17,3,0
I02738,U013,F062,2026-02-14T01:01:00,Mexican,Mutton,Spicy,High,Bread,Snack,0.0,0.0,0.0,0.0,1.0,1.0,0.3333333333333333,5.0,14.0,6.0,7.0,48.0,1.30625,1,5,0
I03500,U013,F015,2026-02-18T11:13:00,Indian,Fish,Sweet,High,Curry,Lunch,1.0,0.0,0.0,0.0,0.0,0.0,0.16666666666666666,5.0,14.0,6.0,8.0,49.0,4.425,11,2,0
I02894,U013,F008,2026-02-19T13:34:00,Italian,Mutton,Creamy,Medium,Rice,Snack,0.0,0.0,1.0,1.0,0.0,1.0,0.5,5.0,14.0,6.0,9.0,51.0,0.18194444444444444,13,3,0
I00059,U013,F006,2026-02-20T18:32:00,Pakistani,Beef,Sour,Medium,Bread,Lunch,1.0,0.0,1.0,1.0,1.0,0.0,0.6666666666666666,5.0,15.0,6.0,9.0,52.0,1.2069444444444444,18,4,1
I03131,U013,F060,2026-02-23T13:02:00,Mexican,Chicken,Spicy,Medium,Rice,Breakfast,0.0,0.0,0.0,1.0,0.0,1.0,0.3333333333333333,6.0,15.0,6.0,9.0,53.0,2.7708333333333335,13,0,0
I02001,U013,F057,2026-02-24T16:54:00,Thai,Mutton,Spicy,Medium,Rice,Lunch,0.0,0.0,0.0,1.0,0.0,0.0,0.16666666666666666,6.0,15.0,6.0,10.0,54.0,1.1611111111111112,16,1,0
I02458,U013,F063,2026-02-25T05:27:00,Italian,Chicken,Savory,High,Pasta,Dinner,0.0,0.0,0.0,0.0,0.0,0.0,0.0,6.0,16.0,6.0,10.0,55.0,0.5229166666666667,5,2,0
I00778,U013,F097,2026-02-26T21:03:00,Thai,Fish,Spicy,Medium,Pasta,Breakfast,0.0,0.0,0.0,1.0,0.0,1.0,0.3333333333333333,6.0,16.0,6.0,11.0,56.0,1.65,21,3,1
I00836,U013,F025,2026-02-26T22:54:00,Mexican,Mutton,Savory,Medium,Pasta,Lunch,0.0,0.0,0.0,1.0,0.0,0.0,0.16666666666666666,7.0,16.0,6.0,11.0,57.0,0.07708333333333334,22,3,0
I01365,U013,F061,2026-02-27T21:48:00,Mexican,Vegetarian,Spicy,Medium,Bread,Lunch,0.0,1.0,0.0,1.0,1.0,0.0,0.5,7.0,16.0,6.0,12.0,58.0,0.9541666666666667,21,4,1
I04630,U013,F003,2026-02-28T11:29:00,Thai,Fish,Savory,Low,Rice,Lunch,0.0,0.0,0.0,1.0,0.0,0.0,0.16666666666666666,7.0,16.0,7.0,12.0,59.0,0.5701388888888889,11,5,1
I01603,U013,F009,2026-02-28T22:01:00,Thai,Chicken,Sour,Low,Curry,Dinner,0.0,0.0,1.0,1.0,0.0,0.0,0.3333333333333333,7.0,16.0,7.0,12.0,60.0,0.4388888888888889,22,5,1
I03535,U013,F043,2026-03-02T00:04:00,Chinese,Fish,Spicy,Medium,Pasta,Lunch,1.0,0.0,0.0,1.0,0.0,0.0,0.3333333333333333,8.0,16.0,7.0,12.0,61.0,1.0854166666666667,0,0,0
I04702,U013,F001,2026-03-02T04:16:00,Mexican,Chicken,Savory,High,Bread,Lunch,0.0,0.0,0.0,0.0,1.0,0.0,0.16666666666666666,8.0,16.0,7.0,13.0,62.0,0.175,4,0,0
I01986,U013,F013,2026-03-02T12:51:00,Italian,Mutton,Spicy,High,Bread,Breakfast,0.0,0.0,0.0,0.0,1.0,1.0,0.3333333333333333,8.0,16.0,7.0,14.0,63.0,0.3576388888888889,12,0,1
I03761,U013,F086,2026-03-04T07:18:00,Indian,Fish,Spicy,High,Pasta,Lunch,1.0,0.0,0.0,0.0,0.0,0.0,0.16666666666666666,8.0,16.0,8.0,14.0,64.0,1.76875,7,2,0
I02169,U013,F013,2026-03-04T10:14:00,Italian,Mutton,Spicy,High,Bread,Breakfast,0.0,0.0,0.0,0.0,1.0,1.0,0.3333333333333333,8.0,17.0,8.0,14.0,65.0,0.12222222222222222,10,2,0
I00107,U013,F047,2026-03-06T15:22:00,Indian,Mutton,Sour,Medium,Pasta,Snack,1.0,0.0,1.0,1.0,0.0,1.0,0.6666666666666666,8.0,18.0,8.0,14.0,66.0,2.213888888888889,15,4,1
I00469,U013,F078,2026-03-08T06:53:00,Indian,Vegetarian,Creamy,Low,Pasta,Lunch,1.0,1.0,1.0,1.0,0.0,0.0,0.6666666666666666,9.0,18.0,8.0,14.0,67.0,1.6465277777777778,6,6,1
I00429,U031,F017,2026-01-02T07:38:00,Indian,Mutton,Savory,Low,Curry,Dinner,1.0,1.0,0.0,1.0,1.0,1.0,0.8333333333333334,0.0,0.0,0.0,0.0,0.0,-1.0,7,4,1
I00484,U031,F063,2026-01-06T02:09:00,Italian,Chicken,Savory,High,Pasta,Dinner,0.0,0.0,0.0,1.0,0.0,1.0,0.3333333333333333,0.0,0.0,1.0,0.0,1.0,3.7715277777777776,2,1,1
I01072,U031,F061,2026-01-08T13:21:00,Mexican,Vegetarian,Spicy,Medium,Bread,Lunch,1.0,0.0,0.0,0.0,1.0,1.0,0.5,1.0,0.0,1.0,0.0,3.0,1.1027777777777779,13,3,0
I01903,U031,F082,2026-01-08T19:46:00,Italian,Fish,Sweet,High,Noodles,Lunch,0.0,1.0,0.0,1.0,0.0,1.0,0.5,1.0,1.0,1.0,0.0,4.0,0.2673611111111111,19,3,0
I02519,U031,F009,2026-01-09T13:34:00,Thai,Chicken,Sour,Low,Curry,Dinner,0.0,0.0,1.0,1.0,1.0,1.0,0.6666666666666666,1.0,2.0,1.0,0.0,5.0,0.7416666666666667,13,4,0
I00209,U031,F008,2026-01-11T17:03:00,Italian,Mutton,Creamy,Medium,Rice,Snack,0.0,1.0,0.0,0.0,0.0,1.0,0.3333333333333333,1.0,3.0,1.0,0.0,6.0,2.145138888888889,17,6,0
I04190,U031,F081,2026-01-12T16:29:00,Mexican,Chicken,Sweet,High,Bread,Snack,1.0,0.0,0.0,1.0,1.0,1.0,0.6666666666666666,1.0,3.0,1.0,1.0,7.0,0.9763888888888889,16,0,1
I03074,U031,F011,2026-01-12T20:46:00,Pakistani,Beef,Sweet,Low,Noodles,Breakfast,0.0,1.0,0.0,1.0,0.0,0.0,0.3333333333333333,1.0,3.0,1.0,1.0,8.0,0.17847222222222223,20,0,1
I02409,U031,F044,2026-01-13T19:10:00,Pakistani,Fish,Creamy,Low,Rice,Breakfast,0.0,1.0,0.0,1.0,0.0,0.0,0.3333333333333333,1.0,3.0,2.0,1.0,9.0,0.9333333333333333,19,1,0
I00299,U031,F010,2026-01-14T03:31:00,Mexican,Vegetarian,Sweet,High,Noodles,Breakfast,1.0,0.0,0.0,1.0,0.0,0.0,0.3333333333333333,1.0,4.0,2.0,1.0,10.0,0.34791666666666665,3,2,1
I00250,U031,F014,2026-01-15T04:50:00,Thai,Beef,Creamy,High,Noodles,Lunch,0.0,1.0,0.0,1.0,0.0,1.0,0.5,2.0,4.0,2.0,1.0,12.0,0.013194444444444444,4,3,1
I02569,U031,F052,2026-01-18T04:07:00,Pakistani,Vegetarian,Spicy,High,Curry,Breakfast,0.0,0.0,0.0,1.0,1.0,0.0,0.3333333333333333,2.0,4.0,2.0,1.0,14.0,0.49236111111111114,4,6,0
I01664,U031,F033,2026-01-18T04:13:00,Mexican,Mutton,Sour,High,Bread,Snack,1.0,1.0,1.0,1.0,1.0,1.0,1.0,2.0,5.0,2.0,1.0,15.0,0.004166666666666667,4,6,1
I04772,U031,F071,2026-01-18T20:08:00,Mexican,Mutton,Sour,High,Noodles,Dinner,1.0,1.0,1.0,1.0,0.0,1.0,0.8333333333333334,3.0,5.0,2.0,1.0,16.0,0.6631944444444444,20,6,1
I03397,U031,F039,2026-01-21T19:52:00,Chinese,Fish,Sour,Low,Rice,Breakfast,0.0,1.0,1.0,1.0,0.0,0.0,0.5,3.0,5.0,3.0,1.0,18.0,2.557638888888889,19,2,1
I01582,U031,F054,2026-01-22T20:27:00,Italian,Beef,Sweet,Low,Bread,Snack,0.0,1.0,0.0,1.0,1.0,1.0,0.6666666666666666,3.0,5.0,4.0,1.0,19.0,1.0243055555555556,20,3,1
I01466,U031,F085,2026-01-22T22:31:00,Indian,Vegetarian,Creamy,High,Bread,Snack,1.0,0.0,0.0,1.0,1.0,1.0,0.6666666666666666,3.0,5.0,4.0,1.0,20.0,0.08611111111111111,22,3,1
I01600,U031,F012,2026-01-23T06:26:00,Indian,Mutton,Sour,High,Bread,Lunch,1.0,1.0,1.0,1.0,1.0,1.0,1.0,4.0,5.0,4.0,1.0,21.0,0.3298611111111111,6,4,1
I04102,U031,F025,2026-01-23T17:22:00,Mexican,Mutton,Savory,Medium,Pasta,Lunch,1.0,1.0,0.0,0.0,0.0,1.0,0.5,4.0,5.0,5.0,1.0,22.0,0.45555555555555555,17,4,0
I01551,U031,F051,2026-01-24T18:18:00,Chinese,Chicken,Creamy,Low,Noodles,Snack,0.0,0.0,0.0,1.0,0.0,1.0,0.3333333333333333,4.0,5.0,5.0,2.0,23.0,1.038888888888889,18,5,0
I04896,U031,F003,2026-01-30T00:06:00,Thai,Fish,Savory,Low,Rice,Lunch,0.0,1.0,0.0,1.0,0.0,1.0,0.5,4.0,6.0,5.0,2.0,25.0,1.8743055555555554,0,4,1
I00967,U031,F090,2026-01-31T02:50:00,Indian,Fish,Creamy,Low,Pasta,Snack,1.0,1.0,0.0,1.0,0.0,1.0,0.6666666666666666,4.0,6.0,6.0,2.0,27.0,0.30833333333333335,2,5,0
I02517,U031,F023,2026-01-31T15:32:00,Indian,Fish,Creamy,Medium,Curry,Dinner,1.0,1.0,0.0,0.0,1.0,1.0,0.6666666666666666,4.0,6.0,6.0,3.0,28.0,0.5291666666666667,15,5,1
I04327,U031,F006,2026-02-01T13:56:00,Pakistani,Beef,Sour,Medium,Bread,Lunch,0.0,1.0,1.0,0.0,1.0,1.0,0.6666666666666666,5.0,6.0,6.0,3.0,30.0,0.7840277777777778,13,6,0
I04262,U031,F061,2026-02-03T08:20:00,Mexican,Vegetarian,Spicy,Medium,Bread,Lunch,1.0,0.0,0.0,0.0,1.0,1.0,0.5,5.0,6.0,6.0,4.0,31.0,1.7666666666666666,8,1,0
I00425,U031,F076,2026-02-03T23:30:00,Pakistani,Chicken,Sweet,Low,Curry,Dinner,0.0,0.0,0.0,1.0,1.0,1.0,0.5,5.0,7.0,6.0,4.0,33.0,0.46597222222222223,23,1,0
I01213,U031,F044,2026-02-04T12:42:00,Pakistani,Fish,Creamy,Low,Rice,Breakfast,0.0,1.0,0.0,1.0,0.0,0.0,0.3333333333333333,5.0,8.0,6.0,4.0,35.0,0.26944444444444443,12,2,1
I01610,U031,F020,2026-02-04T21:25:00,Mexican,Vegetarian,Sour,High,Pasta,Dinner,1.0,0.0,1.0,1.0,0.0,1.0,0.6666666666666666,6.0,8.0,6.0,4.0,36.0,0.36319444444444443,21,2,1
I03295,U031,F023,2026-02-05T00:10:00,Indian,Fish,Creamy,Medium,Curry,Dinner,1.0,1.0,0.0,0.0,1.0,1.0,0.6666666666666666,6.0,8.0,7.0,4.0,37.0,0.11458333333333333,0,3,1
I00060,U031,F033,2026-02-06T12:11:00,Mexican,Mutton,Sour,High,Bread,Snack,1.0,1.0,1.0,1.0,1.0,1.0,1.0,6.0,8.0,7.0,4.0,38.0,1.5006944444444446,12,4,1
I02133,U031,F092,2026-02-07T02:12:00,Indian,Beef,Spicy,High,Curry,Snack,1.0,1.0,0.0,1.0,1.0,1.0,0.8333333333333334,6.0,8.0,8.0,4.0,39.0,0.5840277777777778,2,5,0
I02697,U031,F058,2026-02-07T22:18:00,Italian,Mutton,Spicy,Medium,Curry,Dinner,0.0,1.0,0.0,0.0,1.0,1.0,0.5,6.0,9.0,8.0,4.0,40.0,0.8375,22,5,1
I01636,U031,F096,2026-02-08T16:02:00,Mexican,Fish,Sour,Medium,Noodles,Dinner,1.0,1.0,1.0,0.0,0.0,1.0,0.6666666666666666,6.0,9.0,9.0,4.0,41.0,0.7388888888888889,16,6,1
I03813,U031,F053,2026-02-08T19:01:00,Thai,Chicken,Sour,High,Curry,Dinner,0.0,0.0,1.0,1.0,1.0,1.0,0.6666666666666666,6.0,9.0,10.0,4.0,42.0,0.12430555555555556,19,6,1
I03380,U031,F023,2026-02-09T01:49:00,Indian,Fish,Creamy,Medium,Curry,Dinner,1.0,1.0,0.0,0.0,1.0,1.0,0.6666666666666666,6.0,9.0,11.0,4.0,43.0,0.2833333333333333,1,0,0
I03683,U031,F050,2026-02-11T12:42:00,Thai,Vegetarian,Spicy,Low,Curry,Breakfast,0.0,0.0,0.0,1.0,1.0,0.0,0.3333333333333333,6.0,10.0,11.0,4.0,44.0,2.453472222222222,12,2,1
I02241,U031,F061,2026-02-11T22:24:00,Mexican,Vegetarian,Spicy,Medium,Bread,Lunch,1.0,0.0,0.0,0.0,1.0,1.0,0.5,7.0,10.0,11.0,4.0,45.0,0.4041666666666667,22,2,0
I03237,U031,F065,2026-02-14T05:52:00,Mexican,Fish,Creamy,High,Pasta,Breakfast,1.0,1.0,0.0,1.0,0.0,0.0,0.5,7.0,11.0,11.0,4.0,47.0,1.8625,5,5,1
I03042,U031,F060,2026-02-16T19:11:00,Mexican,Chicken,Spicy,Medium,Rice,Breakfast,1.0,0.0,0.0,0.0,0.0,0.0,0.16666666666666666,7.0,11.0,11.0,4.0,48.0,2.5548611111111112,19,0,0
I02372,U031,F014,2026-02-19T06:17:00,Thai,Beef,Creamy,High,Noodles,Lunch,0.0,1.0,0.0,1.0,0.0,1.0,0.5,7.0,11.0,11.0,5.0,49.0,2.4625,6,3,1
I02195,U031,F018,2026-02-22T05:10:00,Chinese,Fish,Sour,High,Pasta,Lunch,0.0,1.0,1.0,1.0,0.0,1.0,0.6666666666666666,8.0,11.0,11.0,5.0,51.0,1.238888888888889,5,6,0
I01282,U031,F001,2026-02-22T18:58:00,Mexican,Chicken,Savory,High,Bread,Lunch,1.0,0.0,0.0,1.0,1.0,1.0,0.6666666666666666,8.0,12.0,11.0,5.0,52.0,0.575,18,6,0
I01863,U031,F034,2026-02-23T08:54:00,Thai,Fish,Savory,Low,Noodles,Breakfast,0.0,1.0,0.0,1.0,0.0,0.0,0.3333333333333333,8.0,12.0,11.0,6.0,53.0,0.5805555555555556,8,0,0
I03505,U031,F001,2026-02-23T19:09:00,Mexican,Chicken,Savory,High,Bread,Lunch,1.0,0.0,0.0,1.0,1.0,1.0,0.6666666666666666,8.0,13.0,11.0,6.0,54.0,0.4270833333333333,19,0,0
I00516,U031,F075,2026-02-23T23:00:00,Italian,Mutton,Creamy,Medium,Curry,Dinner,0.0,1.0,0.0,0.0,1.0,1.0,0.5,8.0,14.0,11.0,6.0,55.0,0.16041666666666668,23,0,0
I04060,U031,F054,2026-02-24T23:38:00,Italian,Beef,Sweet,Low,Bread,Snack,0.0,1.0,0.0,1.0,1.0,1.0,0.6666666666666666,8.0,14.0,11.0,7.0,56.0,1.0263888888888888,23,1,0
I04824,U031,F024,2026-02-28T06:49:00,Thai,Chicken,Savory,High,Curry,Dinner,0.0,0.0,0.0,1.0,1.0,1.0,0.5,8.0,14.0,11.0,8.0,58.0,2.048611111111111,6,5,0
I04758,U031,F089,2026-03-03T13:35:00,Pakistani,Chicken,Spicy,Medium,Curry,Breakfast,0.0,0.0,0.0,0.0,1.0,0.0,0.16666666666666666,8.0,15.0,11.0,8.0,62.0,0.4701388888888889,13,1,0
I03912,U031,F063,2026-03-04T11:33:00,Italian,Chicken,Savory,High,Pasta,Dinner,0.0,0.0,0.0,1.0,0.0,1.0,0.3333333333333333,8.0,15.0,11.0,9.0,63.0,0.9152777777777777,11,2,0
I01060,U031,F086,2026-03-04T17:27:00,Indian,Fish,Spicy,High,Pasta,Lunch,1.0,1.0,0.0,1.0,0.0,1.0,0.6666666666666666,8.0,15.0,11.0,10.0,64.0,0.24583333333333332,17,2,1
I02354,U012,F083,2026-01-04T01:36:00,Indian,Fish,Spicy,High,Curry,Dinner,0.0,0.0,0.0,1.0,0.0,1.0,0.3333333333333333,0.0,0.0,0.0,0.0,2.0,2.18125,1,6,1
I03204,U012,F099,2026-01-07T03:42:00,Thai,Chicken,Spicy,Low,Noodles,Snack,0.0,0.0,0.0,0.0,1.0,0.0,0.16666666666666666,1.0,0.0,0.0,0.0,4.0,2.1416666666666666,3,2,0
I02521,U012,F002,2026-01-09T09:35:00,Chinese,Beef,Savory,High,Curry,Breakfast,0.0,0.0,0.0,1.0,0.0,0.0,0.16666666666666666,1.0,0.0,0.0,1.0,5.0,2.245138888888889,9,4,0
I04877,U012,F028,2026-01-11T03:45:00,Italian,Beef,Creamy,High,Rice,Dinner,1.0,0.0,0.0,1.0,1.0,1.0,0.6666666666666666,1.0,1.0,0.0,1.0,6.0,1.7569444444444444,3,6,1
I03809,U012,F028,2026-01-11T04:50:00,Italian,Beef,Creamy,High,Rice,Dinner,1.0,0.0,0.0,1.0,1.0,1.0,0.6666666666666666,1.0,1.0,1.0,1.0,7.0,0.04513888888888889,4,6,0
I04127,U012,F083,2026-01-12T02:34:00,Indian,Fish,Spicy,High,Curry,Dinner,0.0,0.0,0.0,1.0,0.0,1.0,0.3333333333333333,1.0,2.0,1.0,1.0,8.0,0.9055555555555556,2,0,0
I02959,U012,F010,2026-01-12T16:46:00,Mexican,Vegetarian,Sweet,High,Noodles,Breakfast,0.0,0.0,1.0,1.0,1.0,0.0,0.5,1.0,2.0,1.0,2.0,9.0,0.5916666666666667,16,0,1
I02082,U012,F021,2026-01-14T15:52:00,Chinese,Beef,Creamy,Medium,Rice,Breakfast,0.0,0.0,0.0,0.0,1.0,0.0,0.16666666666666666,2.0,2.0,1.0,2.0,11.0,0.7409722222222223,15,2,0
I04839,U012,F093,2026-01-17T16:05:00,Pakistani,Vegetarian,Spicy,Low,Pasta,Lunch,0.0,0.0,0.0,0.0,0.0,0.0,0.0,2.0,2.0,1.0,3.0,12.0,3.009027777777778,16,5,0
I03489,U012,F008,2026-01-18T00:37:00,Italian,Mutton,Creamy,Medium,Rice,Snack,1.0,1.0,0.0,0.0,1.0,0.0,0.5,2.0,3.0,1.0,3.0,13.0,0.35555555555555557,0,6,1
I04465,U012,F086,2026-01-18T22:21:00,Indian,Fish,Spicy,High,Pasta,Lunch,0.0,0.0,0.0,1.0,0.0,0.0,0.16666666666666666,3.0,3.0,1.0,3.0,14.0,0.9055555555555556,22,6,1
I00801,U012,F019,2026-01-19T01:06:00,Italian,Beef,Spicy,High,Curry,Dinner,1.0,0.0,0.0,1.0,0.0,1.0,0.5,4.0,3.0,1.0,3.0,15.0,0.11458333333333333,1,0,1
I02417,U012,F018,2026-01-20T03:47:00,Chinese,Fish,Sour,High,Pasta,Lunch,0.0,0.0,0.0,1.0,0.0,0.0,0.16666666666666666,5.0,3.0,1.0,3.0,16.0,1.1118055555555555,3,1,0
I02969,U012,F029,2026-01-21T02:56:00,Indian,Chicken,Savory,Medium,Bread,Lunch,0.0,0.0,0.0,0.0,1.0,0.0,0.16666666666666666,5.0,3.0,1.0,4.0,18.0,0.125,2,2,0
I04302,U012,F088,2026-01-21T04:41:00,Pakistani,Beef,Sweet,Low,Noodles,Lunch,0.0,0.0,1.0,0.0,1.0,0.0,0.3333333333333333,5.0,4.0,1.0,4.0,19.0,0.07291666666666667,4,2,0
I04593,U012,F064,2026-01-21T09:28:00,Pakistani,Chicken,Sweet,Low,Bread,Lunch,0.0,0.0,1.0,0.0,1.0,0.0,0.3333333333333333,5.0,4.0,1.0,5.0,20.0,0.19930555555555557,9,2,0
I04267,U012,F072,2026-01-21T13:28:00,Chinese,Chicken,Sour,Low,Pasta,Lunch,0.0,0.0,0.0,0.0,0.0,0.0,0.0,5.0,5.0,1.0,5.0,21.0,0.16666666666666666,13,2,0
I04473,U012,F034,2026-01-25T09:08:00,Thai,Fish,Savory,Low,Noodles,Breakfast,0.0,0.0,0.0,0.0,1.0,0.0,0.16666666666666666,5.0,6.0,1.0,5.0,22.0,3.8194444444444446,9,6,0
I01715,U012,F031,2026-01-25T18:16:00,Pakistani,Vegetarian,Spicy,Low,Pasta,Lunch,0.0,0.0,0.0,0.0,0.0,0.0,0.0,5.0,6.0,1.0,6.0,23.0,0.38055555555555554,18,6,0
I00080,U012,F047,2026-01-26T04:44:00,Indian,Mutton,Sour,Medium,Pasta,Snack,0.0,1.0,0.0,0.0,0.0,0.0,0.16666666666666666,5.0,7.0,1.0,6.0,24.0,0.4361111111111111,4,0,0
I00789,U012,F059,2026-01-26T15:31:00,Thai,Vegetarian,Savory,High,Curry,Dinner,0.0,0.0,0.0,1.0,0.0,1.0,0.3333333333333333,5.0,8.0,1.0,6.0,25.0,0.44930555555555557,15,0,0
I00180,U012,F097,2026-01-29T10:15:00,Thai,Fish,Spicy,Medium,Pasta,Breakfast,0.0,0.0,0.0,0.0,0.0,0.0,0.0,5.0,8.0,1.0,7.0,26.0,2.7805555555555554,10,3,0
I00645,U012,F074,2026-01-30T03:24:00,Pakistani,Beef,Sour,Medium,Bread,Breakfast,0.0,0.0,0.0,0.0,1.0,0.0,0.16666666666666666,5.0,9.0,1.0,7.0,27.0,0.7145833333333333,3,4,1
I02572,U012,F075,2026-01-30T06:54:00,Italian,Mutton,Creamy,Medium,Curry,Dinner,1.0,1.0,0.0,0.0,0.0,1.0,0.5,5.0,9.0,2.0,7.0,28.0,0.14583333333333334,6,4,1
I02825,U012,F069,2026-01-31T01:43:00,Mexican,Chicken,Sweet,High,Pasta,Lunch,0.0,0.0,1.0,1.0,0.0,0.0,0.3333333333333333,5.0,9.0,3.0,7.0,29.0,0.7840277777777778,1,5,0
I03417,U012,F047,2026-01-31T07:40:00,Indian,Mutton,Sour,Medium,Pasta,Snack,0.0,1.0,0.0,0.0,0.0,0.0,0.16666666666666666,5.0,9.0,3.0,8.0,30.0,0.24791666666666667,7,5,0
I04435,U012,F063,2026-02-03T03:09:00,Italian,Chicken,Savory,High,Pasta,Dinner,1.0,0.0,0.0,1.0,0.0,1.0,0.5,5.0,10.0,3.0,8.0,33.0,0.26666666666666666,3,1,0
I00399,U012,F058,2026-02-03T07:43:00,Italian,Mutton,Spicy,Medium,Curry,Dinner,1.0,1.0,0.0,0.0,0.0,1.0,0.5,5.0,11.0,3.0,8.0,34.0,0.19027777777777777,7,1,1
I03978,U012,F053,2026-02-05T12:51:00,Thai,Chicken,Sour,High,Curry,Dinner,0.0,0.0,0.0,1.0,0.0,1.0,0.3333333333333333,6.0,11.0,3.0,8.0,35.0,2.213888888888889,12,3,0
I02559,U012,F058,2026-02-07T20:31:00,Italian,Mutton,Spicy,Medium,Curry,Dinner,1.0,1.0,0.0,0.0,0.0,1.0,0.5,6.0,12.0,3.0,8.0,36.0,2.3194444444444446,20,5,1
I02200,U012,F042,2026-02-12T06:47:00,Pakistani,Beef,Spicy,Low,Curry,Snack,0.0,0.0,0.0,0.0,0.0,0.0,0.0,7.0,12.0,3.0,8.0,38.0,0.64375,6,3,0
I01796,U012,F034,2026-02-12T13:20:00,Thai,Fish,Savory,Low,Noodles,Breakfast,0.0,0.0,0.0,0.0,1.0,0.0,0.16666666666666666,7.0,12.0,3.0,9.0,39.0,0.27291666666666664,13,3,0
I02125,U012,F052,2026-02-12T15:50:00,Pakistani,Vegetarian,Spicy,High,Curry,Breakfast,0.0,0.0,0.0,1.0,0.0,0.0,0.16666666666666666,7.0,13.0,3.0,9.0,40.0,0.10416666666666667,15,3,0
I01248,U012,F095,2026-02-14T02:18:00,Thai,Vegetarian,Sour,High,Pasta,Lunch,0.0,0.0,0.0,1.0,0.0,0.0,0.16666666666666666,7.0,13.0,3.0,10.0,41.0,1.4361111111111111,2,5,0
I03116,U012,F045,2026-02-15T15:15:00,Pakistani,Beef,Spicy,Medium,Pasta,Snack,0.0,0.0,0.0,0.0,0.0,0.0,0.0,7.0,14.0,3.0,10.0,43.0,0.28402777777777777,15,6,0
I02637,U012,F069,2026-02-17T06:06:00,Mexican,Chicken,Sweet,High,Pasta,Lunch,0.0,0.0,1.0,1.0,0.0,0.0,0.3333333333333333,7.0,14.0,3.0,11.0,44.0,1.61875,6,1,1
I02861,U012,F052,2026-02-17T11:36:00,Pakistani,Vegetarian,Spicy,High,Curry,Breakfast,0.0,0.0,0.0,1.0,0.0,0.0,0.16666666666666666,7.0,14.0,4.0,11.0,45.0,0.22916666666666666,11,1,0
I02056,U012,F061,2026-02-17T19:14:00,Mexican,Vegetarian,Spicy,Medium,Bread,Lunch,0.0,0.0,0.0,0.0,1.0,0.0,0.16666666666666666,7.0,14.0,4.0,12.0,46.0,0.31805555555555554,19,1,1
I03428,U012,F098,2026-02-17T19:39:00,Mexican,Mutton,Spicy,Medium,Bread,Dinner,0.0,1.0,0.0,0.0,1.0,1.0,0.5,7.0,14.0,5.0,12.0,47.0,0.017361111111111112,19,1,1
I03475,U012,F080,2026-02-17T22:23:00,Italian,Fish,Savory,High,Bread,Dinner,1.0,0.0,0.0,1.0,1.0,1.0,0.6666666666666666,8.0,14.0,5.0,12.0,48.0,0.11388888888888889,22,1,0
I02995,U012,F082,2026-02-20T07:35:00,Italian,Fish,Sweet,High,Noodles,Lunch,1.0,0.0,1.0,1.0,1.0,0.0,0.6666666666666666,8.0,15.0,5.0,12.0,49.0,2.3833333333333333,7,4,1
I03049,U012,F023,2026-02-22T05:50:00,Indian,Fish,Creamy,Medium,Curry,Dinner,0.0,0.0,0.0,0.0,0.0,1.0,0.16666666666666666,8.0,15.0,5.0,12.0,50.0,1.9270833333333333,5,6,1
I04151,U012,F078,2026-02-22T19:14:00,Indian,Vegetarian,Creamy,Low,Pasta,Lunch,0.0,0.0,0.0,0.0,0.0,0.0,0.0,8.0,15.0,5.0,12.0,51.0,0.5583333333333333,19,6,0
I01263,U012,F033,2026-02-22T23:09:00,Mexican,Mutton,Sour,High,Bread,Snack,0.0,1.0,0.0,1.0,1.0,0.0,0.5,8.0,16.0,5.0,12.0,52.0,0.16319444444444445,23,6,0
I01846,U012,F094,2026-02-23T02:11:00,Indian,Vegetarian,Creamy,High,Bread,Snack,0.0,0.0,0.0,1.0,1.0,0.0,0.3333333333333333,8.0,17.0,5.0,12.0,53.0,0.12638888888888888,2,0,0
I04914,U012,F096,2026-02-23T20:22:00,Mexican,Fish,Sour,Medium,Noodles,Dinner,0.0,0.0,0.0,0.0,1.0,1.0,0.3333333333333333,8.0,17.0,5.0,13.0,54.0,0.7576388888888889,20,0,0
I03207,U012,F020,2026-02-24T16:19:00,Mexican,Vegetarian,Sour,High,Pasta,Dinner,0.0,0.0,0.0,1.0,0.0,1.0,0.3333333333333333,8.0,17.0,5.0,14.0,55.0,0.83125,16,1,1
I00681,U012,F014,2026-02-26T00:16:00,Thai,Beef,Creamy,High,Noodles,Lunch,0.0,0.0,0.0,1.0,1.0,0.0,0.3333333333333333,8.0,17.0,5.0,14.0,56.0,1.33125,0,3,1
I03047,U012,F009,2026-02-26T07:24:00,Thai,Chicken,Sour,Low,Curry,Dinner,0.0,0.0,0.0,0.0,0.0,1.0,0.16666666666666666,9.0,17.0,5.0,14.0,57.0,0.2972222222222222,7,3,0
I04881,U012,F059,2026-02-26T15:13:00,Thai,Vegetarian,Savory,High,Curry,Dinner,0.0,0.0,0.0,1.0,0.0,1.0,0.3333333333333333,9.0,18.0,5.0,14.0,58.0,0.32569444444444445,15,3,0
I03277,U012,F047,2026-02-28T12:52:00,Indian,Mutton,Sour,Medium,Pasta,Snack,0.0,1.0,0.0,0.0,0.0,0.0,0.16666666666666666,9.0,19.0,5.0,14.0,59.0,1.9020833333333333,12,5,0
I00255,U012,F071,2026-03-01T07:54:00,Mexican,Mutton,Sour,High,Noodles,Dinner,0.0,1.0,0.0,1.0,1.0,1.0,0.6666666666666666,9.0,20.0,5.0,14.0,60.0,0.7930555555555555,7,6,1
I00907,U012,F015,2026-03-01T22:32:00,Indian,Fish,Sweet,High,Curry,Lunch,0.0,0.0,1.0,1.0,0.0,0.0,0.3333333333333333,9.0,20.0,6.0,14.0,62.0,0.07152777777777777,22,6,0
I03688,U012,F012,2026-03-02T08:05:00,Indian,Mutton,Sour,High,Bread,Lunch,0.0,1.0,0.0,1.0,1.0,0.0,0.5,9.0,21.0,6.0,14.0,63.0,0.39791666666666664,8,0,0
I00494,U021,F016,2026-01-03T03:30:00,Mexican,Mutton,Savory,Low,Rice,Dinner,0.0,1.0,1.0,1.0,0.0,0.0,0.5,0.0,0.0,0.0,0.0,0.0,-1.0,3,5,0
I04125,U021,F097,2026-01-03T15:37:00,Thai,Fish,Spicy,Medium,Pasta,Breakfast,1.0,0.0,0.0,0.0,1.0,0.0,0.3333333333333333,0.0,0.0,0.0,1.0,1.0,0.5048611111111111,15,5,0
I02987,U021,F067,2026-01-05T21:57:00,Thai,Vegetarian,Spicy,Medium,Noodles,Breakfast,1.0,0.0,0.0,0.0,1.0,0.0,0.3333333333333333,0.0,0.0,0.0,2.0,2.0,2.263888888888889,21,0,0
I04934,U021,F030,2026-01-07T20:35:00,Pakistani,Beef,Creamy,Low,Rice,Snack,1.0,0.0,0.0,1.0,0.0,0.0,0.3333333333333333,0.0,0.0,0.0,3.0,3.0,1.9430555555555555,20,2,1
I03694,U021,F063,2026-01-09T01:52:00,Italian,Chicken,Savory,High,Pasta,Dinner,0.0,1.0,1.0,1.0,1.0,0.0,0.6666666666666666,1.0,0.0,0.0,3.0,4.0,1.2201388888888889,1,4,1
I02176,U021,F066,2026-01-09T14:44:00,Pakistani,Chicken,Spicy,High,Rice,Dinner,1.0,1.0,0.0,1.0,0.0,0.0,0.5,2.0,0.0,0.0,3.0,5.0,0.5361111111111111,14,4,1
I04073,U021,F062,2026-01-12T13:20:00,Mexican,Mutton,Spicy,High,Bread,Snack,0.0,1.0,0.0,1.0,0.0,0.0,0.3333333333333333,3.0,0.0,0.0,3.0,6.0,2.941666666666667,13,0,0
I01081,U021,F049,2026-01-13T16:40:00,Mexican,Mutton,Savory,Low,Curry,Snack,0.0,1.0,1.0,1.0,1.0,0.0,0.6666666666666666,3.0,1.0,0.0,3.0,8.0,1.0430555555555556,16,1,1
I04017,U021,F018,2026-01-14T02:08:00,Chinese,Fish,Sour,High,Pasta,Lunch,0.0,0.0,0.0,1.0,1.0,1.0,0.5,4.0,1.0,0.0,3.0,9.0,0.39444444444444443,2,2,1
I03445,U021,F053,2026-01-15T09:30:00,Thai,Chicken,Sour,High,Curry,Dinner,1.0,1.0,0.0,1.0,1.0,0.0,0.6666666666666666,5.0,1.0,0.0,3.0,10.0,1.3069444444444445,9,3,1
I03739,U021,F025,2026-01-16T04:09:00,Mexican,Mutton,Savory,Medium,Pasta,Lunch,0.0,1.0,1.0,0.0,1.0,1.0,0.6666666666666666,5.0,1.0,1.0,3.0,11.0,0.7770833333333333,4,4,1
I02314,U021,F090,2026-01-17T03:17:00,Indian,Fish,Creamy,Low,Pasta,Snack,1.0,0.0,0.0,1.0,1.0,0.0,0.5,6.0,1.0,1.0,3.0,13.0,0.20833333333333334,3,5,1
I03093,U021,F070,2026-01-17T07:14:00,Chinese,Beef,Spicy,Medium,Rice,Lunch,0.0,0.0,0.0,0.0,0.0,1.0,0.16666666666666666,6.0,1.0,2.0,3.0,14.0,0.16458333333333333,7,5,0
I01709,U021,F067,2026-01-17T17:12:00,Thai,Vegetarian,Spicy,Medium,Noodles,Breakfast,1.0,0.0,0.0,0.0,1.0,0.0,0.3333333333333333,6.0,2.0,2.0,3.0,15.0,0.4152777777777778,17,5,1
I00936,U021,F016,2026-01-18T10:58:00,Mexican,Mutton,Savory,Low,Rice,Dinner,0.0,1.0,1.0,1.0,0.0,0.0,0.5,7.0,2.0,2.0,3.0,16.0,0.7402777777777778,10,6,0
I00300,U021,F048,2026-01-18T21:53:00,Chinese,Beef,Sweet,Low,Rice,Breakfast,0.0,0.0,1.0,1.0,0.0,0.0,0.3333333333333333,7.0,2.0,2.0,4.0,17.0,0.4548611111111111,21,6,0
I01941,U021,F050,2026-01-19T01:25:00,Thai,Vegetarian,Spicy,Low,Curry,Breakfast,1.0,0.0,0.0,1.0,1.0,0.0,0.5,7.0,3.0,2.0,4.0,19.0,0.03611111111111111,1,0,1
I02699,U021,F027,2026-01-20T01:15:00,Mexican,Mutton,Creamy,High,Noodles,Lunch,0.0,1.0,0.0,1.0,1.0,1.0,0.6666666666666666,8.0,3.0,2.0,4.0,20.0,0.9930555555555556,1,1,1
I04996,U021,F091,2026-01-23T12:50:00,Indian,Beef,Spicy,High,Rice,Breakfast,1.0,0.0,0.0,1.0,0.0,0.0,0.3333333333333333,9.0,3.0,2.0,4.0,22.0,0.6201388888888889,12,4,0
I03680,U021,F055,2026-01-24T04:15:00,Chinese,Mutton,Sour,Medium,Rice,Breakfast,0.0,1.0,0.0,0.0,0.0,0.0,0.16666666666666666,9.0,3.0,2.0,5.0,23.0,0.6423611111111112,4,5,0
I00074,U021,F084,2026-01-24T17:02:00,Indian,Vegetarian,Savory,Medium,Bread,Lunch,1.0,0.0,1.0,0.0,0.0,1.0,0.5,9.0,4.0,2.0,5.0,24.0,0.5326388888888889,17,5,1
I03528,U021,F039,2026-01-25T09:47:00,Chinese,Fish,Sour,Low,Rice,Breakfast,0.0,0.0,0.0,1.0,0.0,0.0,0.16666666666666666,9.0,4.0,2.0,5.0,25.0,0.6979166666666666,9,6,0
I02048,U021,F053,2026-01-26T06:02:00,Thai,Chicken,Sour,High,Curry,Dinner,1.0,1.0,0.0,1.0,1.0,0.0,0.6666666666666666,9.0,4.0,2.0,6.0,26.0,0.84375,6,0,1
I02437,U021,F081,2026-01-26T16:54:00,Mexican,Chicken,Sweet,High,Bread,Snack,0.0,1.0,1.0,1.0,0.0,0.0,0.5,10.0,4.0,2.0,6.0,27.0,0.4527777777777778,16,0,0
I00451,U021,F082,2026-01-27T05:45:00,Italian,Fish,Sweet,High,Noodles,Lunch,0.0,0.0,1.0,1.0,1.0,1.0,0.6666666666666666,10.0,4.0,2.0,7.0,29.0,0.3576388888888889,5,1,1
I00859,U021,F064,2026-01-28T04:44:00,Pakistani,Chicken,Sweet,Low,Bread,Lunch,1.0,1.0,1.0,1.0,0.0,1.0,0.8333333333333334,10.0,4.0,3.0,7.0,31.0,0.8479166666666667,4,2,1
I03708,U021,F085,2026-01-29T16:28:00,Indian,Vegetarian,Creamy,High,Bread,Snack,1.0,0.0,0.0,1.0,0.0,0.0,0.3333333333333333,11.0,4.0,3.0,7.0,32.0,1.488888888888889,16,3,1
I01845,U021,F098,2026-01-31T03:35:00,Mexican,Mutton,Spicy,Medium,Bread,Dinner,0.0,1.0,0.0,0.0,0.0,0.0,0.16666666666666666,12.0,4.0,3.0,7.0,33.0,1.4631944444444445,3,5,0
I02796,U021,F006,2026-01-31T18:10:00,Pakistani,Beef,Sour,Medium,Bread,Lunch,1.0,0.0,0.0,0.0,0.0,1.0,0.3333333333333333,12.0,4.0,3.0,8.0,34.0,0.6076388888888888,18,5,0
I04807,U021,F035,2026-01-31T19:11:00,Italian,Chicken,Creamy,High,Noodles,Lunch,0.0,1.0,0.0,1.0,1.0,1.0,0.6666666666666666,12.0,5.0,3.0,8.0,35.0,0.04236111111111111,19,5,1
I01145,U021,F006,2026-02-05T12:18:00,Pakistani,Beef,Sour,Medium,Bread,Lunch,1.0,0.0,0.0,0.0,0.0,1.0,0.3333333333333333,12.0,5.0,3.0,8.0,36.0,4.7131944444444445,12,3,0
I01985,U021,F055,2026-02-05T15:39:00,Chinese,Mutton,Sour,Medium,Rice,Breakfast,0.0,1.0,0.0,0.0,0.0,0.0,0.16666666666666666,12.0,5.0,3.0,9.0,37.0,0.13958333333333334,15,3,0
I01943,U021,F013,2026-02-06T09:20:00,Italian,Mutton,Spicy,High,Bread,Breakfast,0.0,1.0,0.0,1.0,0.0,0.0,0.3333333333333333,12.0,6.0,3.0,9.0,39.0,0.6798611111111111,9,4,1
I01028,U021,F041,2026-02-08T09:15:00,Mexican,Chicken,Savory,Low,Pasta,Dinner,0.0,1.0,1.0,1.0,1.0,0.0,0.6666666666666666,13.0,6.0,3.0,9.0,41.0,1.3305555555555555,9,6,0
I00744,U021,F045,2026-02-09T05:46:00,Pakistani,Beef,Spicy,Medium,Pasta,Snack,1.0,0.0,0.0,0.0,1.0,0.0,0.3333333333333333,13.0,6.0,3.0,10.0,42.0,0.8548611111111111,5,0,0
I00343,U021,F051,2026-02-10T15:27:00,Chinese,Chicken,Creamy,Low,Noodles,Snack,0.0,1.0,0.0,1.0,1.0,0.0,0.5,13.0,7.0,3.0,10.0,44.0,0.6236111111111111,15,1,0
I01623,U021,F017,2026-02-10T16:52:00,Indian,Mutton,Savory,Low,Curry,Dinner,1.0,1.0,1.0,1.0,1.0,0.0,0.8333333333333334,13.0,7.0,3.0,11.0,45.0,0.059027777777777776,16,1,1
I03052,U021,F084,2026-02-10T18:58:00,Indian,Vegetarian,Savory,Medium,Bread,Lunch,1.0,0.0,1.0,0.0,0.0,1.0,0.5,14.0,7.0,3.0,11.0,46.0,0.0875,18,1,1
I04737,U021,F012,2026-02-13T09:33:00,Indian,Mutton,Sour,High,Bread,Lunch,1.0,1.0,0.0,1.0,0.0,1.0,0.6666666666666666,14.0,7.0,3.0,11.0,47.0,2.607638888888889,9,4,1
I03028,U021,F041,2026-02-13T16:24:00,Mexican,Chicken,Savory,Low,Pasta,Dinner,0.0,1.0,1.0,1.0,1.0,0.0,0.6666666666666666,14.0,7.0,4.0,11.0,48.0,0.28541666666666665,16,4,1
I02094,U021,F039,2026-02-15T01:14:00,Chinese,Fish,Sour,Low,Rice,Breakfast,0.0,0.0,0.0,1.0,0.0,0.0,0.16666666666666666,15.0,7.0,4.0,11.0,49.0,1.3680555555555556,1,6,0
I04727,U021,F037,2026-02-15T16:47:00,Italian,Chicken,Creamy,Low,Bread,Snack,0.0,1.0,0.0,1.0,0.0,0.0,0.3333333333333333,15.0,7.0,4.0,12.0,50.0,0.6479166666666667,16,6,0
I04336,U021,F006,2026-02-18T23:35:00,Pakistani,Beef,Sour,Medium,Bread,Lunch,1.0,0.0,0.0,0.0,0.0,1.0,0.3333333333333333,15.0,7.0,4.0,13.0,53.0,0.13194444444444445,23,2,0
I04245,U021,F090,2026-02-22T03:30:00,Indian,Fish,Creamy,Low,Pasta,Snack,1.0,0.0,0.0,1.0,1.0,0.0,0.5,15.0,8.0,4.0,13.0,55.0,2.379861111111111,3,6,1
I02702,U021,F075,2026-02-22T04:11:00,Italian,Mutton,Creamy,Medium,Curry,Dinner,0.0,1.0,0.0,0.0,1.0,0.0,0.3333333333333333,16.0,8.0,4.0,13.0,56.0,0.02847222222222222,4,6,1
I02554,U021,F040,2026-02-27T07:23:00,Mexican,Fish,Sweet,Medium,Pasta,Snack,0.0,0.0,1.0,0.0,1.0,0.0,0.3333333333333333,16.0,8.0,5.0,13.0,60.0,0.19652777777777777,7,4,0
I04765,U021,F022,2026-03-01T09:56:00,Pakistani,Beef,Spicy,High,Pasta,Breakfast,1.0,0.0,0.0,1.0,1.0,0.0,0.5,16.0,8.0,5.0,14.0,61.0,2.10625,9,6,1
I03376,U021,F073,2026-03-02T05:42:00,Chinese,Fish,Sweet,Medium,Noodles,Lunch,0.0,0.0,1.0,0.0,1.0,1.0,0.5,16.0,8.0,5.0,14.0,62.0,0.8236111111111111,5,0,0
I04976,U021,F027,2026-03-02T13:49:00,Mexican,Mutton,Creamy,High,Noodles,Lunch,0.0,1.0,0.0,1.0,1.0,1.0,0.6666666666666666,16.0,8.0,5.0,15.0,63.0,0.33819444444444446,13,0,1
I03679,U021,F045,2026-03-03T04:40:00,Pakistani,Beef,Spicy,Medium,Pasta,Snack,1.0,0.0,0.0,0.0,1.0,0.0,0.3333333333333333,17.0,8.0,5.0,15.0,64.0,0.61875,4,1,0
I01416,U021,F024,2026-03-04T02:23:00,Thai,Chicken,Savory,High,Curry,Dinner,1.0,1.0,1.0,1.0,1.0,0.0,0.8333333333333334,17.0,8.0,5.0,16.0,65.0,0.9048611111111111,2,2,1
I01147,U021,F056,2026-03-04T05:09:00,Indian,Vegetarian,Creamy,Low,Rice,Lunch,1.0,0.0,0.0,1.0,0.0,1.0,0.5,18.0,8.0,5.0,16.0,66.0,0.11527777777777778,5,2,0
I02351,U021,F072,2026-03-05T09:48:00,Chinese,Chicken,Sour,Low,Pasta,Lunch,0.0,1.0,0.0,1.0,1.0,1.0,0.6666666666666666,18.0,9.0,5.0,16.0,67.0,1.19375,9,3,1
I04319,U021,F042,2026-03-05T12:01:00,Pakistani,Beef,Spicy,Low,Curry,Snack,1.0,0.0,0.0,1.0,1.0,0.0,0.5,19.0,9.0,5.0,16.0,68.0,0.09236111111111112,12,3,0
I03128,U021,F023,2026-03-06T01:17:00,Indian,Fish,Creamy,Medium,Curry,Dinner,1.0,0.0,0.0,0.0,1.0,0.0,0.3333333333333333,19.0,10.0,5.0,16.0,69.0,0.5527777777777778,1,4,1
I02955,U021,F007,2026-03-07T01:28:00,Chinese,Mutton,Savory,Low,Pasta,Breakfast,0.0,1.0,1.0,1.0,1.0,0.0,0.6666666666666666,19.0,10.0,6.0,16.0,71.0,0.5083333333333333,1,5,1
I01704,U044,F031,2026-01-02T00:53:00,Pakistani,Vegetarian,Spicy,Low,Pasta,Lunch,0.0,1.0,0.0,1.0,0.0,0.0,0.3333333333333333,0.0,0.0,0.0,0.0,0.0,-1.0,0,4,1
I02406,U044,F013,2026-01-02T01:48:00,Italian,Mutton,Spicy,High,Bread,Breakfast,1.0,0.0,0.0,0.0,0.0,0.0,0.16666666666666666,0.0,0.0,0.0,0.0,1.0,0.03819444444444445,1,4,0
I02201,U044,F091,2026-01-03T04:47:00,Indian,Beef,Spicy,High,Rice,Breakfast,0.0,0.0,0.0,0.0,0.0,0.0,0.0,0.0,1.0,0.0,0.0,2.0,1.1243055555555554,4,5,0
I03263,U044,F013,2026-01-03T15:36:00,Italian,Mutton,Spicy,High,Bread,Breakfast,1.0,0.0,0.0,0.0,0.0,0.0,0.16666666666666666,0.0,1.0,0.0,1.0,3.0,0.45069444444444445,15,5,1
I04203,U044,F036,2026-01-03T22:31:00,Pakistani,Chicken,Savory,Low,Rice,Breakfast,0.0,1.0,1.0,1.0,0.0,0.0,0.5,1.0,1.0,0.0,1.0,4.0,0.2881944444444444,22,5,0
I04852,U044,F059,2026-01-04T12:15:00,Thai,Vegetarian,Savory,High,Curry,Dinner,0.0,1.0,1.0,0.0,1.0,1.0,0.6666666666666666,1.0,1.0,0.0,2.0,5.0,0.5722222222222222,12,6,1
I04386,U044,F099,2026-01-05T12:12:00,Thai,Chicken,Spicy,Low,Noodles,Snack,0.0,1.0,0.0,1.0,0.0,0.0,0.3333333333333333,1.0,1.0,1.0,2.0,6.0,0.9979166666666667,12,0,1
I01953,U044,F100,2026-01-05T14:47:00,Mexican,Beef,Spicy,Low,Pasta,Snack,0.0,0.0,0.0,1.0,0.0,0.0,0.16666666666666666,1.0,1.0,2.0,2.0,7.0,0.1076388888888889,14,0,1
I00476,U044,F041,2026-01-06T00:19:00,Mexican,Chicken,Savory,Low,Pasta,Dinner,0.0,1.0,1.0,1.0,0.0,1.0,0.6666666666666666,1.0,1.0,3.0,2.0,8.0,0.3972222222222222,0,1,1
I01492,U044,F019,2026-01-08T03:16:00,Italian,Beef,Spicy,High,Curry,Dinner,1.0,0.0,0.0,0.0,1.0,1.0,0.5,2.0,1.0,3.0,2.0,9.0,2.122916666666667,3,3,1
I00695,U044,F080,2026-01-08T12:08:00,Italian,Fish,Savory,High,Bread,Dinner,1.0,1.0,1.0,0.0,0.0,1.0,0.6666666666666666,2.0,1.0,3.0,2.0,10.0,0.36944444444444446,12,3,1
I03587,U044,F049,2026-01-10T20:53:00,Mexican,Mutton,Savory,Low,Curry,Snack,0.0,0.0,1.0,1.0,1.0,0.0,0.5,2.0,1.0,3.0,2.0,11.0,2.3645833333333335,20,5,0
I04211,U044,F092,2026-01-12T18:27:00,Indian,Beef,Spicy,High,Curry,Snack,0.0,0.0,0.0,0.0,1.0,0.0,0.16666666666666666,2.0,1.0,3.0,3.0,12.0,1.898611111111111,18,0,1
I03247,U044,F018,2026-01-12T20:25:00,Chinese,Fish,Sour,High,Pasta,Lunch,1.0,1.0,0.0,0.0,0.0,0.0,0.3333333333333333,2.0,1.0,4.0,3.0,13.0,0.08194444444444444,20,0,1
I01064,U044,F042,2026-01-13T02:36:00,Pakistani,Beef,Spicy,Low,Curry,Snack,0.0,0.0,0.0,1.0,1.0,0.0,0.3333333333333333,3.0,1.0,4.0,3.0,14.0,0.25763888888888886,2,1,1
I02896,U044,F059,2026-01-13T05:59:00,Thai,Vegetarian,Savory,High,Curry,Dinner,0.0,1.0,1.0,0.0,1.0,1.0,0.6666666666666666,3.0,1.0,5.0,3.0,15.0,0.14097222222222222,5,1,1
I01808,U044,F082,2026-01-13T08:55:00,Italian,Fish,Sweet,High,Noodles,Lunch,1.0,1.0,0.0,0.0,0.0,0.0,0.3333333333333333,3.0,1.0,5.0,3.0,16.0,0.12222222222222222,8,1,0
I02178,U044,F069,2026-01-14T07:54:00,Mexican,Chicken,Sweet,High,Pasta,Lunch,0.0,1.0,0.0,0.0,0.0,0.0,0.16666666666666666,3.0,2.0,5.0,3.0,18.0,0.19236111111111112,7,2,0
I03006,U044,F066,2026-01-15T16:25:00,Pakistani,Chicken,Spicy,High,Rice,Dinner,0.0,1.0,0.0,0.0,0.0,1.0,0.3333333333333333,3.0,3.0,5.0,3.0,19.0,1.354861111111111,16,3,0
I03441,U044,F084,2026-01-15T16:58:00,Indian,Vegetarian,Savory,Medium,Bread,Lunch,0.0,1.0,1.0,1.0,0.0,0.0,0.5,3.0,4.0,5.0,3.0,20.0,0.022916666666666665,16,3,0
I04024,U044,F042,2026-01-15T20:09:00,Pakistani,Beef,Spicy,Low,Curry,Snack,0.0,0.0,0.0,1.0,1.0,0.0,0.3333333333333333,3.0,4.0,5.0,4.0,21.0,0.1326388888888889,20,3,0
I02590,U044,F078,2026-01-18T16:01:00,Indian,Vegetarian,Creamy,Low,Pasta,Lunch,0.0,1.0,0.0,1.0,0.0,0.0,0.3333333333333333,3.0,4.0,5.0,5.0,23.0,1.226388888888889,16,6,0
I04201,U044,F027,2026-01-21T01:21:00,Mexican,Mutton,Creamy,High,Noodles,Lunch,0.0,0.0,0.0,0.0,0.0,0.0,0.0,3.0,4.0,5.0,6.0,25.0,0.5479166666666667,1,2,0
I02814,U044,F056,2026-01-21T16:10:00,Indian,Vegetarian,Creamy,Low,Rice,Lunch,0.0,1.0,0.0,1.0,0.0,0.0,0.3333333333333333,3.0,5.0,5.0,6.0,26.0,0.6173611111111111,16,2,1
I01540,U044,F078,2026-01-22T23:01:00,Indian,Vegetarian,Creamy,Low,Pasta,Lunch,0.0,1.0,0.0,1.0,0.0,0.0,0.3333333333333333,4.0,5.0,5.0,6.0,27.0,1.2854166666666667,23,3,1
I00405,U044,F080,2026-01-23T05:42:00,Italian,Fish,Savory,High,Bread,Dinner,1.0,1.0,1.0,0.0,0.0,1.0,0.6666666666666666,5.0,5.0,5.0,6.0,28.0,0.27847222222222223,5,4,1
I00514,U044,F017,2026-01-23T17:11:00,Indian,Mutton,Savory,Low,Curry,Dinner,0.0,0.0,1.0,1.0,1.0,1.0,0.6666666666666666,5.0,5.0,5.0,6.0,30.0,0.22916666666666666,17,4,0
I00459,U044,F018,2026-01-25T05:37:00,Chinese,Fish,Sour,High,Pasta,Lunch,1.0,1.0,0.0,0.0,0.0,0.0,0.3333333333333333,5.0,5.0,5.0,7.0,31.0,1.5180555555555555,5,6,1
I03582,U044,F034,2026-01-25T06:39:00,Thai,Fish,Savory,Low,Noodles,Breakfast,0.0,1.0,1.0,1.0,0.0,0.0,0.5,5.0,5.0,5.0,7.0,32.0,0.043055555555555555,6,6,0
I03977,U044,F002,2026-01-26T07:07:00,Chinese,Beef,Savory,High,Curry,Breakfast,1.0,0.0,1.0,0.0,1.0,0.0,0.5,5.0,5.0,5.0,8.0,35.0,0.008333333333333333,7,0,0
I01390,U044,F035,2026-01-28T01:10:00,Italian,Chicken,Creamy,High,Noodles,Lunch,1.0,1.0,0.0,0.0,0.0,0.0,0.3333333333333333,5.0,6.0,5.0,8.0,37.0,0.5680555555555555,1,2,1
I00168,U044,F093,2026-01-30T08:26:00,Pakistani,Vegetarian,Spicy,Low,Pasta,Lunch,0.0,1.0,0.0,1.0,0.0,0.0,0.3333333333333333,6.0,6.0,5.0,8.0,38.0,2.3027777777777776,8,4,0
I04967,U044,F067,2026-01-31T08:47:00,Thai,Vegetarian,Spicy,Medium,Noodles,Breakfast,0.0,1.0,0.0,1.0,0.0,0.0,0.3333333333333333,6.0,6.0,5.0,9.0,39.0,1.0145833333333334,8,5,0
I02674,U044,F036,2026-02-01T07:43:00,Pakistani,Chicken,Savory,Low,Rice,Breakfast,0.0,1.0,1.0,1.0,0.0,0.0,0.5,6.0,7.0,5.0,9.0,40.0,0.9555555555555556,7,6,0
I04261,U044,F060,2026-02-01T23:41:00,Mexican,Chicken,Spicy,Medium,Rice,Breakfast,0.0,1.0,0.0,1.0,0.0,0.0,0.3333333333333333,6.0,7.0,5.0,10.0,41.0,0.6652777777777777,23,6,1
I02448,U044,F078,2026-02-03T10:53:00,Indian,Vegetarian,Creamy,Low,Pasta,Lunch,0.0,1.0,0.0,1.0,0.0,0.0,0.3333333333333333,7.0,7.0,5.0,10.0,42.0,1.4666666666666666,10,1,0
I04459,U044,F042,2026-02-06T03:15:00,Pakistani,Beef,Spicy,Low,Curry,Snack,0.0,0.0,0.0,1.0,1.0,0.0,0.3333333333333333,7.0,8.0,5.0,10.0,44.0,0.5013888888888889,3,4,0
I04888,U044,F084,2026-02-06T22:46:00,Indian,Vegetarian,Savory,Medium,Bread,Lunch,0.0,1.0,1.0,1.0,0.0,0.0,0.5,7.0,9.0,5.0,10.0,45.0,0.8131944444444444,22,4,0
I02092,U044,F048,2026-02-07T00:48:00,Chinese,Beef,Sweet,Low,Rice,Breakfast,1.0,0.0,0.0,1.0,0.0,0.0,0.3333333333333333,7.0,9.0,5.0,11.0,46.0,0.08472222222222223,0,5,1
I00403,U044,F061,2026-02-08T02:41:00,Mexican,Vegetarian,Spicy,Medium,Bread,Lunch,0.0,1.0,0.0,1.0,0.0,0.0,0.3333333333333333,8.0,9.0,5.0,11.0,47.0,1.0784722222222223,2,6,0
I04217,U044,F087,2026-02-10T07:42:00,Mexican,Chicken,Sweet,High,Curry,Dinner,0.0,1.0,0.0,0.0,1.0,1.0,0.5,8.0,10.0,5.0,11.0,48.0,2.2090277777777776,7,1,0
I02950,U044,F014,2026-02-18T03:50:00,Thai,Beef,Creamy,High,Noodles,Lunch,0.0,0.0,0.0,0.0,0.0,0.0,0.0,8.0,11.0,5.0,11.0,51.0,1.2138888888888888,3,2,1
I04712,U044,F075,2026-02-18T12:27:00,Italian,Mutton,Creamy,Medium,Curry,Dinner,1.0,0.0,0.0,1.0,1.0,1.0,0.6666666666666666,9.0,11.0,5.0,11.0,52.0,0.3590277777777778,12,2,1
I01415,U044,F090,2026-02-18T17:47:00,Indian,Fish,Creamy,Low,Pasta,Snack,0.0,1.0,0.0,1.0,0.0,0.0,0.3333333333333333,9.0,11.0,6.0,11.0,53.0,0.2222222222222222,17,2,0
I03911,U044,F077,2026-02-19T08:34:00,Pakistani,Chicken,Creamy,Medium,Bread,Dinner,0.0,1.0,0.0,1.0,0.0,1.0,0.5,9.0,11.0,6.0,12.0,57.0,0.1361111111111111,8,3,0
I02288,U044,F091,2026-02-20T01:21:00,Indian,Beef,Spicy,High,Rice,Breakfast,0.0,0.0,0.0,0.0,0.0,0.0,0.0,9.0,11.0,6.0,13.0,59.0,0.3125,1,4,0
I01180,U044,F014,2026-02-20T03:58:00,Thai,Beef,Creamy,High,Noodles,Lunch,0.0,0.0,0.0,0.0,0.0,0.0,0.0,9.0,11.0,6.0,14.0,60.0,0.10902777777777778,3,4,0
I01297,U044,F084,2026-02-22T09:21:00,Indian,Vegetarian,Savory,Medium,Bread,Lunch,0.0,1.0,1.0,1.0,0.0,0.0,0.5,9.0,12.0,6.0,14.0,62.0,0.6840277777777778,9,6,1
I02530,U044,F097,2026-02-22T12:17:00,Thai,Fish,Spicy,Medium,Pasta,Breakfast,0.0,1.0,0.0,1.0,0.0,0.0,0.3333333333333333,9.0,12.0,6.0,14.0,63.0,0.12222222222222222,12,6,0
I00764,U044,F030,2026-02-24T10:39:00,Pakistani,Beef,Creamy,Low,Rice,Snack,0.0,0.0,0.0,1.0,0.0,0.0,0.16666666666666666,9.0,12.0,6.0,15.0,64.0,1.9319444444444445,10,1,0
I04668,U044,F033,2026-02-25T20:27:00,Mexican,Mutton,Sour,High,Bread,Snack,0.0,0.0,0.0,0.0,0.0,0.0,0.0,9.0,12.0,6.0,16.0,65.0,1.4083333333333334,20,2,0
I01531,U044,F078,2026-02-26T12:04:00,Indian,Vegetarian,Creamy,Low,Pasta,Lunch,0.0,1.0,0.0,1.0,0.0,0.0,0.3333333333333333,9.0,13.0,6.0,16.0,66.0,0.6506944444444445,12,3,0
I01465,U044,F071,2026-02-27T03:56:00,Mexican,Mutton,Sour,High,Noodles,Dinner,0.0,0.0,0.0,0.0,0.0,1.0,0.16666666666666666,9.0,13.0,6.0,17.0,67.0,0.6611111111111111,3,4,0
I00424,U044,F004,2026-02-27T06:03:00,Chinese,Vegetarian,Creamy,Low,Curry,Lunch,1.0,1.0,0.0,1.0,1.0,0.0,0.6666666666666666,9.0,13.0,6.0,18.0,69.0,0.07361111111111111,6,4,1
I00291,U044,F098,2026-02-28T00:33:00,Mexican,Mutton,Spicy,Medium,Bread,Dinner,0.0,0.0,0.0,1.0,0.0,1.0,0.3333333333333333,9.0,13.0,7.0,18.0,70.0,0.7708333333333334,0,5,1
I04717,U044,F049,2026-02-28T21:18:00,Mexican,Mutton,Savory,Low,Curry,Snack,0.0,0.0,1.0,1.0,1.0,0.0,0.5,10.0,13.0,7.0,18.0,71.0,0.8645833333333334,21,5,0
I02520,U044,F049,2026-03-01T14:04:00,Mexican,Mutton,Savory,Low,Curry,Snack,0.0,0.0,1.0,1.0,1.0,0.0,0.5,10.0,14.0,7.0,18.0,74.0,0.2881944444444444,14,6,1
I02727,U044,F055,2026-03-03T00:42:00,Chinese,Mutton,Sour,Medium,Rice,Breakfast,1.0,0.0,0.0,1.0,0.0,0.0,0.3333333333333333,10.0,14.0,8.0,18.0,75.0,1.4430555555555555,0,1,1
I01124,U044,F053,2026-03-03T04:33:00,Thai,Chicken,Sour,High,Curry,Dinner,0.0,1.0,0.0,0.0,1.0,1.0,0.5,10.0,14.0,9.0,18.0,76.0,0.16041666666666668,4,1,0
I00774,U044,F004,2026-03-03T04:34:00,Chinese,Vegetarian,Creamy,Low,Curry,Lunch,1.0,1.0,0.0,1.0,1.0,0.0,0.6666666666666666,10.0,15.0,9.0,18.0,77.0,0.0006944444444444445,4,1,1
I04244,U044,F048,2026-03-05T01:47:00,Chinese,Beef,Sweet,Low,Rice,Breakfast,1.0,0.0,0.0,1.0,0.0,0.0,0.3333333333333333,10.0,15.0,10.0,18.0,78.0,1.8840277777777779,1,3,1
I04095,U044,F022,2026-03-06T16:26:00,Pakistani,Beef,Spicy,High,Pasta,Breakfast,0.0,0.0,0.0,0.0,0.0,0.0,0.0,10.0,15.0,11.0,18.0,79.0,1.6104166666666666,16,4,0
I00837,U008,F035,2026-01-02T21:15:00,Italian,Chicken,Creamy,High,Noodles,Lunch,1.0,0.0,0.0,0.0,0.0,1.0,0.3333333333333333,0.0,0.0,0.0,0.0,1.0,1.7909722222222222,21,4,1
I01834,U008,F073,2026-01-05T22:01:00,Chinese,Fish,Sweet,Medium,Noodles,Lunch,0.0,1.0,0.0,1.0,0.0,1.0,0.5,1.0,0.0,0.0,0.0,4.0,1.1826388888888888,22,0,1
I02606,U008,F018,2026-01-07T01:24:00,Chinese,Fish,Sour,High,Pasta,Lunch,0.0,1.0,0.0,0.0,1.0,1.0,0.5,1.0,0.0,1.0,0.0,5.0,1.1409722222222223,1,2,1
I00099,U008,F035,2026-01-07T09:54:00,Italian,Chicken,Creamy,High,Noodles,Lunch,1.0,0.0,0.0,0.0,0.0,1.0,0.3333333333333333,2.0,0.0,1.0,0.0,6.0,0.3541666666666667,9,2,0
I02824,U008,F072,2026-01-07T17:40:00,Chinese,Chicken,Sour,Low,Pasta,Lunch,0.0,0.0,0.0,1.0,1.0,1.0,0.5,2.0,1.0,1.0,0.0,7.0,0.3236111111111111,17,2,1
I01727,U008,F028,2026-01-11T23:36:00,Italian,Beef,Creamy,High,Rice,Dinner,1.0,0.0,0.0,0.0,0.0,0.0,0.16666666666666666,2.0,1.0,1.0,0.0,11.0,1.1006944444444444,23,6,1
I03283,U008,F059,2026-01-12T22:54:00,Thai,Vegetarian,Savory,High,Curry,Dinner,0.0,0.0,1.0,0.0,1.0,0.0,0.3333333333333333,3.0,1.0,1.0,0.0,12.0,0.9708333333333333,22,0,0
I04891,U008,F010,2026-01-13T23:21:00,Mexican,Vegetarian,Sweet,High,Noodles,Breakfast,1.0,0.0,0.0,0.0,0.0,1.0,0.3333333333333333,3.0,2.0,1.0,0.0,13.0,1.01875,23,1,0
I01056,U008,F019,2026-01-14T05:45:00,Italian,Beef,Spicy,High,Curry,Dinner,1.0,0.0,1.0,0.0,1.0,0.0,0.5,3.0,2.0,1.0,1.0,14.0,0.26666666666666666,5,2,1
I04129,U008,F022,2026-01-17T00:31:00,Pakistani,Beef,Spicy,High,Pasta,Breakfast,0.0,0.0,1.0,0.0,1.0,1.0,0.5,3.0,2.0,2.0,1.0,15.0,2.7819444444444446,0,5,0
I03910,U008,F100,2026-01-17T06:55:00,Mexican,Beef,Spicy,Low,Pasta,Snack,1.0,0.0,1.0,1.0,1.0,0.0,0.6666666666666666,3.0,2.0,2.0,2.0,16.0,0.26666666666666666,6,5,1
I01573,U008,F013,2026-01-17T11:18:00,Italian,Mutton,Spicy,High,Bread,Breakfast,1.0,1.0,1.0,0.0,0.0,1.0,0.6666666666666666,3.0,2.0,2.0,2.0,17.0,0.18263888888888888,11,5,0
I01622,U008,F074,2026-01-19T03:05:00,Pakistani,Beef,Sour,Medium,Bread,Breakfast,0.0,0.0,0.0,1.0,0.0,1.0,0.3333333333333333,3.0,2.0,2.0,3.0,18.0,1.6576388888888889,3,0,0
I00877,U008,F075,2026-01-19T17:58:00,Italian,Mutton,Creamy,Medium,Curry,Dinner,1.0,1.0,0.0,1.0,1.0,0.0,0.6666666666666666,3.0,2.0,2.0,4.0,19.0,0.6201388888888889,17,0,1
I03075,U008,F019,2026-01-20T03:56:00,Italian,Beef,Spicy,High,Curry,Dinner,1.0,0.0,1.0,0.0,1.0,0.0,0.5,3.0,2.0,3.0,4.0,20.0,0.4152777777777778,3,1,1
I03617,U008,F012,2026-01-20T13:52:00,Indian,Mutton,Sour,High,Bread,Lunch,1.0,1.0,0.0,0.0,0.0,1.0,0.5,3.0,2.0,4.0,4.0,21.0,0.41388888888888886,13,1,1
I03454,U008,F026,2026-01-20T17:41:00,Indian,Chicken,Sweet,High,Noodles,Breakfast,1.0,0.0,0.0,0.0,0.0,1.0,0.3333333333333333,3.0,2.0,5.0,4.0,22.0,0.15902777777777777,17,1,0
I01399,U008,F030,2026-01-23T00:30:00,Pakistani,Beef,Creamy,Low,Rice,Snack,0.0,0.0,0.0,1.0,0.0,0.0,0.16666666666666666,3.0,3.0,5.0,4.0,25.0,1.6729166666666666,0,4,0
I01019,U008,F084,2026-01-23T16:47:00,Indian,Vegetarian,Savory,Medium,Bread,Lunch,1.0,0.0,1.0,1.0,0.0,1.0,0.6666666666666666,3.0,4.0,5.0,4.0,27.0,0.10069444444444445,16,4,0
I01176,U008,F095,2026-01-24T13:24:00,Thai,Vegetarian,Sour,High,Pasta,Lunch,0.0,0.0,0.0,0.0,1.0,1.0,0.3333333333333333,3.0,5.0,5.0,4.0,29.0,0.3194444444444444,13,5,0
I04090,U008,F071,2026-01-24T14:21:00,Mexican,Mutton,Sour,High,Noodles,Dinner,1.0,1.0,0.0,0.0,0.0,0.0,0.3333333333333333,3.0,6.0,5.0,4.0,30.0,0.03958333333333333,14,5,0
I01334,U008,F019,2026-01-25T06:32:00,Italian,Beef,Spicy,High,Curry,Dinner,1.0,0.0,1.0,0.0,1.0,0.0,0.5,3.0,7.0,5.0,4.0,31.0,0.6743055555555556,6,6,0
I01446,U008,F058,2026-01-26T02:00:00,Italian,Mutton,Spicy,Medium,Curry,Dinner,1.0,1.0,1.0,1.0,1.0,0.0,0.8333333333333334,3.0,8.0,5.0,4.0,32.0,0.8111111111111111,2,0,1
I03464,U008,F098,2026-01-26T13:00:00,Mexican,Mutton,Spicy,Medium,Bread,Dinner,1.0,1.0,1.0,1.0,0.0,0.0,0.6666666666666666,4.0,8.0,5.0,4.0,33.0,0.4583333333333333,13,0,1
I04467,U008,F098,2026-01-27T07:37:00,Mexican,Mutton,Spicy,Medium,Bread,Dinner,1.0,1.0,1.0,1.0,0.0,0.0,0.6666666666666666,5.0,8.0,5.0,4.0,35.0,0.18472222222222223,7,1,1
I04429,U008,F036,2026-01-28T08:22:00,Pakistani,Chicken,Savory,Low,Rice,Breakfast,0.0,0.0,1.0,1.0,0.0,1.0,0.5,5.0,8.0,6.0,4.0,37.0,0.26944444444444443,8,2,1
I03859,U008,F005,2026-01-29T01:53:00,Mexican,Vegetarian,Sour,Low,Pasta,Dinner,1.0,0.0,0.0,1.0,1.0,0.0,0.5,5.0,8.0,7.0,4.0,39.0,0.04583333333333333,1,3,1
I01951,U008,F046,2026-01-29T02:32:00,Chinese,Fish,Savory,Low,Pasta,Breakfast,0.0,1.0,1.0,1.0,1.0,1.0,0.8333333333333334,5.0,8.0,8.0,4.0,40.0,0.027083333333333334,2,3,0
I03905,U008,F010,2026-01-29T11:31:00,Mexican,Vegetarian,Sweet,High,Noodles,Breakfast,1.0,0.0,0.0,0.0,0.0,1.0,0.3333333333333333,5.0,8.0,8.0,5.0,42.0,0.29444444444444445,11,3,1
I01003,U008,F040,2026-01-29T15:13:00,Mexican,Fish,Sweet,Medium,Pasta,Snack,1.0,1.0,0.0,1.0,1.0,0.0,0.6666666666666666,6.0,8.0,8.0,5.0,43.0,0.15416666666666667,15,3,1
I04818,U008,F089,2026-01-29T18:02:00,Pakistani,Chicken,Spicy,Medium,Curry,Breakfast,0.0,0.0,1.0,1.0,1.0,1.0,0.6666666666666666,6.0,8.0,9.0,5.0,44.0,0.11736111111111111,18,3,1
I00627,U008,F034,2026-01-29T23:06:00,Thai,Fish,Savory,Low,Noodles,Breakfast,0.0,1.0,1.0,1.0,0.0,1.0,0.6666666666666666,7.0,8.0,9.0,5.0,45.0,0.2111111111111111,23,3,1
I00528,U008,F049,2026-02-03T04:26:00,Mexican,Mutton,Savory,Low,Curry,Snack,1.0,1.0,1.0,1.0,1.0,0.0,0.8333333333333334,7.0,8.0,10.0,5.0,47.0,0.8631944444444445,4,1,1
I01901,U008,F040,2026-02-03T06:06:00,Mexican,Fish,Sweet,Medium,Pasta,Snack,1.0,1.0,0.0,1.0,1.0,0.0,0.6666666666666666,8.0,8.0,10.0,5.0,48.0,0.06944444444444445,6,1,1
I03432,U008,F037,2026-02-03T22:12:00,Italian,Chicken,Creamy,Low,Bread,Snack,1.0,0.0,0.0,1.0,0.0,0.0,0.3333333333333333,9.0,8.0,10.0,5.0,49.0,0.6708333333333333,22,1,1
I01058,U008,F030,2026-02-05T19:51:00,Pakistani,Beef,Creamy,Low,Rice,Snack,0.0,0.0,0.0,1.0,0.0,0.0,0.16666666666666666,9.0,8.0,11.0,5.0,50.0,1.9020833333333333,19,3,0
I01786,U008,F006,2026-02-07T07:47:00,Pakistani,Beef,Sour,Medium,Bread,Lunch,0.0,0.0,0.0,1.0,0.0,1.0,0.3333333333333333,9.0,8.0,11.0,6.0,51.0,1.4972222222222222,7,5,0
I04216,U008,F015,2026-02-07T15:31:00,Indian,Fish,Sweet,High,Curry,Lunch,1.0,1.0,0.0,0.0,1.0,1.0,0.6666666666666666,9.0,8.0,11.0,7.0,52.0,0.32222222222222224,15,5,1
I01165,U008,F039,2026-02-09T23:22:00,Chinese,Fish,Sour,Low,Rice,Breakfast,0.0,1.0,0.0,1.0,0.0,1.0,0.5,10.0,8.0,11.0,7.0,53.0,2.3270833333333334,23,0,1
I03764,U008,F068,2026-02-10T07:12:00,Italian,Mutton,Savory,Medium,Noodles,Lunch,1.0,1.0,1.0,1.0,0.0,1.0,0.8333333333333334,11.0,8.0,11.0,7.0,54.0,0.3263888888888889,7,1,1
I03827,U008,F029,2026-02-10T09:21:00,Indian,Chicken,Savory,Medium,Bread,Lunch,1.0,0.0,1.0,1.0,0.0,1.0,0.6666666666666666,12.0,8.0,11.0,7.0,55.0,0.08958333333333333,9,1,1
I00087,U008,F067,2026-02-11T07:41:00,Thai,Vegetarian,Spicy,Medium,Noodles,Breakfast,0.0,0.0,1.0,1.0,0.0,1.0,0.5,12.0,8.0,12.0,7.0,56.0,0.9305555555555556,7,2,1
I02441,U008,F090,2026-02-11T07:46:00,Indian,Fish,Creamy,Low,Pasta,Snack,1.0,1.0,0.0,1.0,1.0,0.0,0.6666666666666666,13.0,8.0,12.0,7.0,57.0,0.003472222222222222,7,2,0
I01351,U008,F010,2026-02-12T06:42:00,Mexican,Vegetarian,Sweet,High,Noodles,Breakfast,1.0,0.0,0.0,0.0,0.0,1.0,0.3333333333333333,13.0,9.0,12.0,7.0,58.0,0.9555555555555556,6,3,0
I00960,U008,F060,2026-02-13T07:30:00,Mexican,Chicken,Spicy,Medium,Rice,Breakfast,1.0,0.0,1.0,1.0,0.0,1.0,0.6666666666666666,13.0,9.0,12.0,8.0,59.0,1.0333333333333334,7,4,1
I03092,U008,F019,2026-02-15T18:45:00,Italian,Beef,Spicy,High,Curry,Dinner,1.0,0.0,1.0,0.0,1.0,0.0,0.5,14.0,9.0,12.0,8.0,60.0,2.46875,18,6,1
I00690,U008,F033,2026-02-16T01:46:00,Mexican,Mutton,Sour,High,Bread,Snack,1.0,1.0,0.0,0.0,0.0,0.0,0.3333333333333333,15.0,9.0,12.0,8.0,61.0,0.2923611111111111,1,0,0
I01592,U008,F001,2026-02-17T11:04:00,Mexican,Chicken,Savory,High,Bread,Lunch,1.0,0.0,1.0,0.0,0.0,1.0,0.5,15.0,10.0,12.0,8.0,62.0,1.3875,11,1,0
I00264,U008,F024,2026-02-19T14:16:00,Thai,Chicken,Savory,High,Curry,Dinner,0.0,0.0,1.0,0.0,1.0,0.0,0.3333333333333333,15.0,10.0,12.0,9.0,64.0,0.029166666666666667,14,3,0
I04687,U008,F011,2026-02-19T14:58:00,Pakistani,Beef,Sweet,Low,Noodles,Breakfast,0.0,0.0,0.0,1.0,0.0,1.0,0.3333333333333333,15.0,11.0,12.0,9.0,65.0,0.029166666666666667,14,3,0
I02088,U008,F023,2026-02-19T23:01:00,Indian,Fish,Creamy,Medium,Curry,Dinner,1.0,1.0,0.0,1.0,1.0,0.0,0.6666666666666666,15.0,11.0,12.0,10.0,66.0,0.33541666666666664,23,3,0
I03251,U008,F083,2026-02-20T05:21:00,Indian,Fish,Spicy,High,Curry,Dinner,1.0,1.0,1.0,0.0,1.0,0.0,0.6666666666666666,15.0,11.0,12.0,11.0,67.0,0.2638888888888889,5,4,0
I04869,U008,F093,2026-02-23T00:18:00,Pakistani,Vegetarian,Spicy,Low,Pasta,Lunch,0.0,0.0,1.0,1.0,1.0,1.0,0.6666666666666666,15.0,11.0,12.0,12.0,69.0,0.225,0,0,0
I00292,U008,F021,2026-02-24T06:54:00,Chinese,Beef,Creamy,Medium,Rice,Breakfast,0.0,0.0,0.0,1.0,0.0,1.0,0.3333333333333333,15.0,11.0,12.0,13.0,70.0,1.275,6,1,0
I04624,U008,F051,2026-02-26T00:49:00,Chinese,Chicken,Creamy,Low,Noodles,Snack,0.0,0.0,0.0,1.0,0.0,0.0,0.16666666666666666,15.0,12.0,12.0,13.0,71.0,1.7465277777777777,0,3,0
I01195,U008,F064,2026-02-27T23:48:00,Pakistani,Chicken,Sweet,Low,Bread,Lunch,0.0,0.0,0.0,1.0,0.0,1.0,0.3333333333333333,15.0,12.0,12.0,14.0,72.0,1.957638888888889,23,4,0
I00929,U008,F028,2026-02-28T23:08:00,Italian,Beef,Creamy,High,Rice,Dinner,1.0,0.0,0.0,0.0,0.0,0.0,0.16666666666666666,15.0,12.0,12.0,15.0,73.0,0.9722222222222222,23,5,0
I04378,U008,F007,2026-03-03T05:00:00,Chinese,Mutton,Savory,Low,Pasta,Breakfast,0.0,1.0,1.0,1.0,1.0,1.0,0.8333333333333334,15.0,12.0,12.0,16.0,75.0,0.5013888888888889,5,1,1
I02202,U008,F083,2026-03-04T01:38:00,Indian,Fish,Spicy,High,Curry,Dinner,1.0,1.0,1.0,0.0,1.0,0.0,0.6666666666666666,16.0,12.0,12.0,16.0,76.0,0.8597222222222223,1,2,1
I04563,U008,F082,2026-03-04T18:59:00,Italian,Fish,Sweet,High,Noodles,Lunch,1.0,1.0,0.0,0.0,0.0,1.0,0.5,17.0,12.0,12.0,16.0,77.0,0.7229166666666667,18,2,0
I02223,U008,F021,2026-03-04T20:38:00,Chinese,Beef,Creamy,Medium,Rice,Breakfast,0.0,0.0,0.0,1.0,0.0,1.0,0.3333333333333333,17.0,12.0,12.0,17.0,78.0,0.06875,20,2,0
I04260,U041,F086,2026-01-01T12:46:00,Indian,Fish,Spicy,High,Pasta,Lunch,1.0,0.0,1.0,1.0,0.0,0.0,0.5,0.0,0.0,0.0,0.0,0.0,-1.0,12,3,0
I03038,U041,F040,2026-01-02T03:04:00,Mexican,Fish,Sweet,Medium,Pasta,Snack,0.0,0.0,0.0,1.0,0.0,1.0,0.3333333333333333,0.0,1.0,0.0,0.0,2.0,0.19305555555555556,3,4,0
I01722,U041,F058,2026-01-02T06:05:00,Italian,Mutton,Spicy,Medium,Curry,Dinner,0.0,0.0,1.0,1.0,1.0,1.0,0.6666666666666666,0.0,2.0,0.0,0.0,3.0,0.12569444444444444,6,4,0
I02011,U041,F072,2026-01-02T06:34:00,Chinese,Chicken,Sour,Low,Pasta,Lunch,0.0,1.0,0.0,1.0,0.0,0.0,0.3333333333333333,0.0,3.0,0.0,0.0,4.0,0.02013888888888889,6,4,0
I03086,U041,F068,2026-01-02T19:40:00,Italian,Mutton,Savory,Medium,Noodles,Lunch,0.0,0.0,0.0,1.0,1.0,0.0,0.3333333333333333,0.0,4.0,0.0,0.0,5.0,0.5458333333333333,19,4,1
I01328,U041,F075,2026-01-04T06:47:00,Italian,Mutton,Creamy,Medium,Curry,Dinner,0.0,0.0,1.0,1.0,1.0,1.0,0.6666666666666666,1.0,4.0,0.0,0.0,6.0,1.4631944444444445,6,6,0
I01688,U041,F058,2026-01-05T07:27:00,Italian,Mutton,Spicy,Medium,Curry,Dinner,0.0,0.0,1.0,1.0,1.0,1.0,0.6666666666666666,1.0,5.0,0.0,0.0,7.0,1.0277777777777777,7,0,1
I01565,U041,F020,2026-01-05T09:20:00,Mexican,Vegetarian,Sour,High,Pasta,Dinner,0.0,1.0,0.0,1.0,0.0,1.0,0.5,1.0,5.0,1.0,0.0,8.0,0.07847222222222222,9,0,1
I03319,U041,F039,2026-01-07T11:17:00,Chinese,Fish,Sour,Low,Rice,Breakfast,0.0,0.0,0.0,1.0,1.0,0.0,0.3333333333333333,2.0,5.0,1.0,0.0,9.0,2.08125,11,2,0
I04020,U041,F014,2026-01-07T17:39:00,Thai,Beef,Creamy,High,Noodles,Lunch,1.0,0.0,1.0,1.0,1.0,0.0,0.6666666666666666,2.0,6.0,1.0,0.0,10.0,0.2652777777777778,17,2,1
I03474,U041,F024,2026-01-08T12:52:00,Thai,Chicken,Savory,High,Curry,Dinner,1.0,1.0,0.0,1.0,1.0,1.0,0.8333333333333334,2.0,6.0,2.0,0.0,11.0,0.8006944444444445,12,3,1
I00760,U041,F039,2026-01-08T21:21:00,Chinese,Fish,Sour,Low,Rice,Breakfast,0.0,0.0,0.0,1.0,1.0,0.0,0.3333333333333333,2.0,6.0,2.0,0.0,12.0,0.35347222222222224,21,3,1
I01448,U041,F080,2026-01-11T10:00:00,Italian,Fish,Savory,High,Bread,Dinner,0.0,0.0,0.0,1.0,0.0,1.0,0.3333333333333333,2.0,6.0,2.0,0.0,13.0,2.527083333333333,10,6,1
I02168,U041,F010,2026-01-11T16:14:00,Mexican,Vegetarian,Sweet,High,Noodles,Breakfast,0.0,1.0,0.0,1.0,1.0,0.0,0.5,2.0,6.0,3.0,0.0,14.0,0.25972222222222224,16,6,1
I04821,U041,F011,2026-01-11T16:16:00,Pakistani,Beef,Sweet,Low,Noodles,Breakfast,1.0,0.0,0.0,1.0,1.0,0.0,0.5,3.0,6.0,3.0,0.0,15.0,0.001388888888888889,16,6,0
I00542,U041,F100,2026-01-14T07:01:00,Mexican,Beef,Spicy,Low,Pasta,Snack,0.0,0.0,1.0,1.0,0.0,1.0,0.5,3.0,7.0,3.0,0.0,17.0,1.1680555555555556,7,2,1
I01498,U041,F084,2026-01-15T02:49:00,Indian,Vegetarian,Savory,Medium,Bread,Lunch,1.0,1.0,0.0,1.0,0.0,0.0,0.5,3.0,7.0,4.0,0.0,18.0,0.825,2,3,1
I04534,U041,F064,2026-01-16T19:42:00,Pakistani,Chicken,Sweet,Low,Bread,Lunch,1.0,1.0,0.0,1.0,0.0,0.0,0.5,4.0,7.0,4.0,0.0,19.0,1.7034722222222223,19,4,1
I02462,U041,F040,2026-01-16T20:26:00,Mexican,Fish,Sweet,Medium,Pasta,Snack,0.0,0.0,0.0,1.0,0.0,1.0,0.3333333333333333,4.0,7.0,4.0,0.0,20.0,0.030555555555555555,20,4,0
I01441,U041,F074,2026-01-19T09:10:00,Pakistani,Beef,Sour,Medium,Bread,Breakfast,1.0,0.0,0.0,1.0,0.0,0.0,0.3333333333333333,4.0,7.0,4.0,1.0,21.0,2.5305555555555554,9,0,0
I03472,U041,F014,2026-01-20T11:48:00,Thai,Beef,Creamy,High,Noodles,Lunch,1.0,0.0,1.0,1.0,1.0,0.0,0.6666666666666666,4.0,8.0,4.0,1.0,23.0,0.5236111111111111,11,1,0
I04579,U041,F007,2026-01-20T17:44:00,Chinese,Mutton,Savory,Low,Pasta,Breakfast,0.0,0.0,0.0,1.0,0.0,0.0,0.16666666666666666,4.0,9.0,4.0,1.0,24.0,0.24722222222222223,17,1,0
I02264,U041,F082,2026-01-20T18:27:00,Italian,Fish,Sweet,High,Noodles,Lunch,0.0,0.0,0.0,1.0,1.0,0.0,0.3333333333333333,4.0,10.0,4.0,1.0,25.0,0.029861111111111113,18,1,0
I01122,U041,F040,2026-01-21T08:31:00,Mexican,Fish,Sweet,Medium,Pasta,Snack,0.0,0.0,0.0,1.0,0.0,1.0,0.3333333333333333,4.0,11.0,4.0,1.0,26.0,0.5861111111111111,8,2,1
I02390,U041,F094,2026-01-21T12:33:00,Indian,Vegetarian,Creamy,High,Bread,Snack,1.0,1.0,1.0,1.0,0.0,1.0,0.8333333333333334,5.0,11.0,4.0,1.0,27.0,0.16805555555555557,12,2,1
I03767,U041,F089,2026-01-23T17:15:00,Pakistani,Chicken,Spicy,Medium,Curry,Breakfast,1.0,1.0,1.0,1.0,1.0,0.0,0.8333333333333334,5.0,11.0,4.0,1.0,28.0,2.1958333333333333,17,4,0
I02868,U041,F008,2026-01-27T07:22:00,Italian,Mutton,Creamy,Medium,Rice,Snack,0.0,0.0,1.0,1.0,1.0,1.0,0.6666666666666666,5.0,11.0,4.0,2.0,30.0,0.9347222222222222,7,1,0
I03854,U041,F025,2026-01-29T11:45:00,Mexican,Mutton,Savory,Medium,Pasta,Lunch,0.0,0.0,0.0,1.0,0.0,0.0,0.16666666666666666,5.0,12.0,4.0,2.0,31.0,2.182638888888889,11,3,0
I04730,U041,F050,2026-01-31T05:19:00,Thai,Vegetarian,Spicy,Low,Curry,Breakfast,1.0,1.0,1.0,1.0,1.0,0.0,0.8333333333333334,5.0,13.0,4.0,2.0,32.0,1.7319444444444445,5,5,0
I03051,U041,F039,2026-01-31T05:41:00,Chinese,Fish,Sour,Low,Rice,Breakfast,0.0,0.0,0.0,1.0,1.0,0.0,0.3333333333333333,5.0,13.0,4.0,3.0,33.0,0.015277777777777777,5,5,1
I01955,U041,F005,2026-02-01T04:40:00,Mexican,Vegetarian,Sour,Low,Pasta,Dinner,0.0,1.0,0.0,1.0,0.0,1.0,0.5,5.0,13.0,5.0,3.0,34.0,0.9576388888888889,4,6,0
I03624,U041,F006,2026-02-01T18:04:00,Pakistani,Beef,Sour,Medium,Bread,Lunch,1.0,0.0,0.0,1.0,0.0,0.0,0.3333333333333333,5.0,13.0,5.0,4.0,35.0,0.5583333333333333,18,6,1
I02282,U041,F066,2026-02-02T12:10:00,Pakistani,Chicken,Spicy,High,Rice,Dinner,1.0,1.0,1.0,1.0,1.0,1.0,1.0,6.0,13.0,5.0,4.0,36.0,0.7541666666666667,12,0,1
I00383,U041,F094,2026-02-03T07:09:00,Indian,Vegetarian,Creamy,High,Bread,Snack,1.0,1.0,1.0,1.0,0.0,1.0,0.8333333333333334,6.0,13.0,6.0,4.0,37.0,0.7909722222222222,7,1,0
I04990,U041,F056,2026-02-05T11:03:00,Indian,Vegetarian,Creamy,Low,Rice,Lunch,1.0,1.0,1.0,1.0,1.0,0.0,0.8333333333333334,6.0,13.0,6.0,5.0,38.0,2.1625,11,3,1
I02860,U041,F050,2026-02-07T01:26:00,Thai,Vegetarian,Spicy,Low,Curry,Breakfast,1.0,1.0,1.0,1.0,1.0,0.0,0.8333333333333334,7.0,13.0,6.0,5.0,39.0,1.5993055555555555,1,5,1
I04586,U041,F079,2026-02-08T15:41:00,Italian,Chicken,Sour,Low,Curry,Lunch,0.0,1.0,0.0,1.0,1.0,0.0,0.5,7.0,13.0,6.0,5.0,41.0,1.0576388888888888,15,6,0
I00843,U041,F089,2026-02-09T11:20:00,Pakistani,Chicken,Spicy,Medium,Curry,Breakfast,1.0,1.0,1.0,1.0,1.0,0.0,0.8333333333333334,7.0,14.0,6.0,5.0,42.0,0.81875,11,0,1
I02480,U041,F049,2026-02-10T03:40:00,Mexican,Mutton,Savory,Low,Curry,Snack,0.0,0.0,0.0,1.0,1.0,1.0,0.5,7.0,14.0,7.0,5.0,43.0,0.6805555555555556,3,1,0
I04858,U041,F045,2026-02-10T17:10:00,Pakistani,Beef,Spicy,Medium,Pasta,Snack,1.0,0.0,1.0,1.0,0.0,1.0,0.6666666666666666,7.0,14.0,7.0,6.0,44.0,0.5625,17,1,0
I00381,U041,F073,2026-02-12T02:39:00,Chinese,Fish,Sweet,Medium,Noodles,Lunch,0.0,0.0,0.0,1.0,1.0,0.0,0.3333333333333333,7.0,15.0,7.0,6.0,45.0,1.395138888888889,2,3,1
I02643,U041,F078,2026-02-18T04:38:00,Indian,Vegetarian,Creamy,Low,Pasta,Lunch,1.0,1.0,1.0,1.0,0.0,0.0,0.6666666666666666,7.0,15.0,8.0,6.0,47.0,4.610416666666667,4,2,0
I02909,U041,F054,2026-02-18T22:25:00,Italian,Beef,Sweet,Low,Bread,Snack,0.0,0.0,0.0,1.0,0.0,1.0,0.3333333333333333,7.0,16.0,8.0,6.0,48.0,0.7409722222222223,22,2,0
I02605,U041,F063,2026-02-19T10:41:00,Italian,Chicken,Savory,High,Pasta,Dinner,0.0,1.0,0.0,1.0,0.0,1.0,0.5,7.0,16.0,8.0,7.0,49.0,0.5111111111111111,10,3,0
I00657,U041,F044,2026-02-21T02:26:00,Pakistani,Fish,Creamy,Low,Rice,Breakfast,1.0,0.0,1.0,1.0,1.0,0.0,0.6666666666666666,7.0,16.0,8.0,8.0,51.0,0.4930555555555556,2,5,1
I01121,U041,F057,2026-02-21T06:49:00,Thai,Mutton,Spicy,Medium,Rice,Lunch,1.0,0.0,1.0,1.0,1.0,0.0,0.6666666666666666,7.0,16.0,9.0,8.0,52.0,0.18263888888888888,6,5,0
I01116,U041,F041,2026-02-22T01:09:00,Mexican,Chicken,Savory,Low,Pasta,Dinner,0.0,1.0,0.0,1.0,0.0,1.0,0.5,7.0,17.0,9.0,8.0,53.0,0.7638888888888888,1,6,0
I02393,U041,F046,2026-02-23T15:43:00,Chinese,Fish,Savory,Low,Pasta,Breakfast,0.0,0.0,0.0,1.0,0.0,0.0,0.16666666666666666,7.0,17.0,9.0,9.0,55.0,0.13055555555555556,15,0,0
I02058,U041,F046,2026-02-23T16:13:00,Chinese,Fish,Savory,Low,Pasta,Breakfast,0.0,0.0,0.0,1.0,0.0,0.0,0.16666666666666666,7.0,17.0,9.0,10.0,56.0,0.020833333333333332,16,0,0
I04411,U041,F063,2026-02-24T02:10:00,Italian,Chicken,Savory,High,Pasta,Dinner,0.0,1.0,0.0,1.0,0.0,1.0,0.5,7.0,18.0,9.0,10.0,57.0,0.41458333333333336,2,1,1
I03322,U026,F021,2026-01-02T20:16:00,Chinese,Beef,Creamy,Medium,Rice,Breakfast,0.0,1.0,0.0,0.0,1.0,0.0,0.3333333333333333,0.0,0.0,0.0,0.0,1.0,1.2402777777777778,20,4,1
I01604,U026,F013,2026-01-02T20:35:00,Italian,Mutton,Spicy,High,Bread,Breakfast,1.0,0.0,1.0,1.0,1.0,0.0,0.6666666666666666,1.0,0.0,0.0,0.0,2.0,0.013194444444444444,20,4,0
I02495,U026,F003,2026-01-04T22:51:00,Thai,Fish,Savory,Low,Rice,Lunch,0.0,1.0,1.0,0.0,1.0,0.0,0.5,1.0,1.0,0.0,0.0,4.0,0.63125,22,6,0
I04403,U026,F072,2026-01-05T04:39:00,Chinese,Chicken,Sour,Low,Pasta,Lunch,0.0,0.0,1.0,0.0,0.0,0.0,0.16666666666666666,1.0,2.0,0.0,0.0,5.0,0.24166666666666667,4,0,0
I01342,U026,F082,2026-01-05T07:04:00,Italian,Fish,Sweet,High,Noodles,Lunch,1.0,1.0,0.0,1.0,1.0,0.0,0.6666666666666666,1.0,3.0,0.0,0.0,6.0,0.10069444444444445,7,0,0
I02892,U026,F055,2026-01-06T17:43:00,Chinese,Mutton,Sour,Medium,Rice,Breakfast,0.0,0.0,1.0,0.0,1.0,0.0,0.3333333333333333,1.0,3.0,0.0,1.0,7.0,1.44375,17,1,0
I01707,U026,F025,2026-01-07T19:43:00,Mexican,Mutton,Savory,Medium,Pasta,Lunch,0.0,0.0,1.0,0.0,0.0,0.0,0.16666666666666666,1.0,3.0,0.0,2.0,8.0,1.0833333333333333,19,2,0
I02883,U026,F048,2026-01-08T02:36:00,Chinese,Beef,Sweet,Low,Rice,Breakfast,0.0,1.0,0.0,0.0,1.0,0.0,0.3333333333333333,1.0,4.0,0.0,2.0,9.0,0.28680555555555554,2,3,0
I04829,U026,F021,2026-01-08T14:28:00,Chinese,Beef,Creamy,Medium,Rice,Breakfast,0.0,1.0,0.0,0.0,1.0,0.0,0.3333333333333333,1.0,5.0,0.0,2.0,10.0,0.49444444444444446,14,3,1
I03852,U026,F019,2026-01-09T16:57:00,Italian,Beef,Spicy,High,Curry,Dinner,1.0,1.0,1.0,1.0,0.0,0.0,0.6666666666666666,1.0,5.0,1.0,2.0,12.0,0.18333333333333332,16,4,1
I03178,U026,F009,2026-01-09T17:36:00,Thai,Chicken,Sour,Low,Curry,Dinner,0.0,0.0,1.0,0.0,0.0,0.0,0.16666666666666666,2.0,5.0,1.0,2.0,13.0,0.027083333333333334,17,4,0
I01880,U026,F062,2026-01-10T08:32:00,Mexican,Mutton,Spicy,High,Bread,Snack,0.0,0.0,1.0,1.0,1.0,1.0,0.6666666666666666,2.0,5.0,1.0,3.0,14.0,0.6222222222222222,8,5,0
I03321,U026,F047,2026-01-11T12:25:00,Indian,Mutton,Sour,Medium,Pasta,Snack,0.0,0.0,1.0,0.0,0.0,1.0,0.3333333333333333,2.0,5.0,1.0,4.0,16.0,0.40902777777777777,12,6,0
I02822,U026,F038,2026-01-12T19:50:00,Chinese,Vegetarian,Spicy,High,Curry,Snack,0.0,1.0,1.0,1.0,0.0,1.0,0.6666666666666666,2.0,6.0,1.0,4.0,18.0,0.30694444444444446,19,0,1
I02303,U026,F080,2026-01-12T20:24:00,Italian,Fish,Savory,High,Bread,Dinner,1.0,1.0,1.0,1.0,1.0,0.0,0.8333333333333334,2.0,6.0,2.0,4.0,19.0,0.02361111111111111,20,0,1
I00495,U026,F053,2026-01-12T20:37:00,Thai,Chicken,Sour,High,Curry,Dinner,0.0,0.0,1.0,1.0,0.0,0.0,0.3333333333333333,3.0,6.0,2.0,4.0,20.0,0.009027777777777777,20,0,1
I03009,U026,F040,2026-01-14T11:09:00,Mexican,Fish,Sweet,Medium,Pasta,Snack,0.0,1.0,0.0,0.0,0.0,1.0,0.3333333333333333,3.0,6.0,3.0,4.0,21.0,1.6055555555555556,11,2,1
I03146,U026,F034,2026-01-16T15:24:00,Thai,Fish,Savory,Low,Noodles,Breakfast,0.0,1.0,1.0,0.0,1.0,0.0,0.5,4.0,6.0,3.0,4.0,23.0,1.8305555555555555,15,4,1
I00547,U026,F056,2026-01-16T18:15:00,Indian,Vegetarian,Creamy,Low,Rice,Lunch,0.0,1.0,0.0,0.0,1.0,0.0,0.3333333333333333,5.0,6.0,3.0,4.0,24.0,0.11875,18,4,1
I03794,U026,F058,2026-01-20T01:11:00,Italian,Mutton,Spicy,Medium,Curry,Dinner,1.0,0.0,1.0,0.0,0.0,0.0,0.3333333333333333,6.0,6.0,3.0,4.0,28.0,0.052083333333333336,1,1,0
I02452,U026,F060,2026-01-20T04:50:00,Mexican,Chicken,Spicy,Medium,Rice,Breakfast,0.0,0.0,1.0,0.0,1.0,0.0,0.3333333333333333,6.0,7.0,3.0,4.0,29.0,0.15208333333333332,4,1,0
I03597,U026,F030,2026-01-20T22:02:00,Pakistani,Beef,Creamy,Low,Rice,Snack,0.0,1.0,0.0,0.0,1.0,1.0,0.5,6.0,7.0,3.0,5.0,30.0,0.7166666666666667,22,1,1
I01379,U026,F090,2026-01-21T09:20:00,Indian,Fish,Creamy,Low,Pasta,Snack,0.0,1.0,0.0,0.0,0.0,1.0,0.3333333333333333,6.0,7.0,4.0,5.0,32.0,0.10625,9,2,0
I00095,U026,F039,2026-01-21T15:00:00,Chinese,Fish,Sour,Low,Rice,Breakfast,0.0,1.0,1.0,0.0,1.0,0.0,0.5,6.0,8.0,4.0,5.0,33.0,0.2361111111111111,15,2,1
I00785,U026,F039,2026-01-22T14:25:00,Chinese,Fish,Sour,Low,Rice,Breakfast,0.0,1.0,1.0,0.0,1.0,0.0,0.5,6.0,8.0,5.0,5.0,34.0,0.9756944444444444,14,3,0
I02270,U026,F021,2026-01-25T08:29:00,Chinese,Beef,Creamy,Medium,Rice,Breakfast,0.0,1.0,0.0,0.0,1.0,0.0,0.3333333333333333,6.0,9.0,5.0,5.0,35.0,2.7527777777777778,8,6,0
I04660,U026,F099,2026-01-26T13:53:00,Thai,Chicken,Spicy,Low,Noodles,Snack,0.0,0.0,1.0,0.0,1.0,1.0,0.5,6.0,10.0,5.0,5.0,37.0,0.5381944444444444,13,0,0
I02653,U026,F060,2026-01-27T15:48:00,Mexican,Chicken,Spicy,Medium,Rice,Breakfast,0.0,0.0,1.0,0.0,1.0,0.0,0.3333333333333333,6.0,11.0,5.0,5.0,38.0,1.0798611111111112,15,1,0
I00551,U026,F085,2026-01-29T04:39:00,Indian,Vegetarian,Creamy,High,Bread,Snack,0.0,1.0,0.0,1.0,1.0,1.0,0.6666666666666666,6.0,12.0,5.0,5.0,40.0,0.1701388888888889,4,3,1
I03205,U026,F081,2026-01-30T01:49:00,Mexican,Chicken,Sweet,High,Bread,Snack,0.0,0.0,0.0,1.0,1.0,1.0,0.5,7.0,12.0,5.0,5.0,42.0,0.7777777777777778,1,4,1
I02623,U026,F036,2026-01-30T12:57:00,Pakistani,Chicken,Savory,Low,Rice,Breakfast,0.0,0.0,1.0,0.0,1.0,0.0,0.3333333333333333,7.0,12.0,6.0,5.0,43.0,0.4638888888888889,12,4,1
I03356,U026,F024,2026-02-02T06:16:00,Thai,Chicken,Savory,High,Curry,Dinner,0.0,0.0,1.0,1.0,0.0,0.0,0.3333333333333333,8.0,12.0,6.0,5.0,44.0,2.7215277777777778,6,0,1
I02705,U026,F025,2026-02-02T13:17:00,Mexican,Mutton,Savory,Medium,Pasta,Lunch,0.0,0.0,1.0,0.0,0.0,0.0,0.16666666666666666,8.0,12.0,7.0,5.0,45.0,0.2923611111111111,13,0,0
I02652,U026,F032,2026-02-02T16:36:00,Italian,Vegetarian,Creamy,Medium,Noodles,Lunch,1.0,1.0,0.0,0.0,1.0,0.0,0.5,8.0,13.0,7.0,5.0,46.0,0.13819444444444445,16,0,1
I03329,U026,F092,2026-02-04T23:50:00,Indian,Beef,Spicy,High,Curry,Snack,0.0,1.0,1.0,1.0,0.0,1.0,0.6666666666666666,8.0,13.0,7.0,5.0,47.0,2.301388888888889,23,2,1
I02529,U026,F048,2026-02-07T05:02:00,Chinese,Beef,Sweet,Low,Rice,Breakfast,0.0,1.0,0.0,0.0,1.0,0.0,0.3333333333333333,8.0,13.0,7.0,5.0,48.0,2.216666666666667,5,5,0
I02119,U026,F028,2026-02-07T06:05:00,Italian,Beef,Creamy,High,Rice,Dinner,1.0,1.0,0.0,1.0,1.0,0.0,0.6666666666666666,8.0,14.0,7.0,5.0,49.0,0.04375,6,5,1
I03313,U026,F029,2026-02-07T07:16:00,Indian,Chicken,Savory,Medium,Bread,Lunch,0.0,0.0,1.0,0.0,1.0,0.0,0.3333333333333333,9.0,14.0,7.0,5.0,50.0,0.049305555555555554,7,5,0
I02003,U026,F002,2026-02-07T23:05:00,Chinese,Beef,Savory,High,Curry,Breakfast,0.0,1.0,1.0,1.0,0.0,0.0,0.5,9.0,15.0,7.0,5.0,51.0,0.6590277777777778,23,5,1
I03507,U026,F039,2026-02-09T03:02:00,Chinese,Fish,Sour,Low,Rice,Breakfast,0.0,1.0,1.0,0.0,1.0,0.0,0.5,10.0,15.0,7.0,5.0,52.0,1.1645833333333333,3,0,0
I02997,U026,F022,2026-02-11T06:22:00,Pakistani,Beef,Spicy,High,Pasta,Breakfast,0.0,1.0,1.0,1.0,0.0,0.0,0.5,10.0,15.0,7.0,6.0,54.0,0.7763888888888889,6,2,1
I00848,U026,F024,2026-02-11T15:28:00,Thai,Chicken,Savory,High,Curry,Dinner,0.0,0.0,1.0,1.0,0.0,0.0,0.3333333333333333,10.0,15.0,8.0,6.0,55.0,0.37916666666666665,15,2,0
I02970,U026,F087,2026-02-12T18:24:00,Mexican,Chicken,Sweet,High,Curry,Dinner,0.0,0.0,0.0,1.0,0.0,0.0,0.16666666666666666,10.0,15.0,8.0,7.0,57.0,0.6243055555555556,18,3,0
I02251,U026,F042,2026-02-14T06:24:00,Pakistani,Beef,Spicy,Low,Curry,Snack,0.0,1.0,1.0,0.0,0.0,1.0,0.5,10.0,16.0,8.0,7.0,58.0,1.5,6,5,1
I01486,U026,F044,2026-02-14T13:21:00,Pakistani,Fish,Creamy,Low,Rice,Breakfast,0.0,1.0,0.0,0.0,1.0,0.0,0.3333333333333333,10.0,16.0,9.0,7.0,59.0,0.28958333333333336,13,5,0
I02021,U026,F049,2026-02-15T10:38:00,Mexican,Mutton,Savory,Low,Curry,Snack,0.0,0.0,1.0,0.0,0.0,1.0,0.3333333333333333,10.0,16.0,9.0,8.0,60.0,0.8868055555555555,10,6,0
I00759,U026,F096,2026-02-15T12:07:00,Mexican,Fish,Sour,Medium,Noodles,Dinner,0.0,1.0,1.0,0.0,1.0,0.0,0.5,10.0,16.0,9.0,9.0,61.0,0.06180555555555556,12,6,1
I00109,U026,F048,2026-02-16T04:55:00,Chinese,Beef,Sweet,Low,Rice,Breakfast,0.0,1.0,0.0,0.0,1.0,0.0,0.3333333333333333,11.0,16.0,9.0,9.0,62.0,0.7,4,0,0
I01840,U026,F009,2026-02-18T16:06:00,Thai,Chicken,Sour,Low,Curry,Dinner,0.0,0.0,1.0,0.0,0.0,0.0,0.16666666666666666,11.0,17.0,9.0,9.0,64.0,0.2263888888888889,16,2,0
I03713,U026,F018,2026-02-18T21:28:00,Chinese,Fish,Sour,High,Pasta,Lunch,0.0,1.0,1.0,1.0,0.0,0.0,0.5,11.0,17.0,9.0,10.0,65.0,0.22361111111111112,21,2,0
I02546,U026,F002,2026-02-19T12:47:00,Chinese,Beef,Savory,High,Curry,Breakfast,0.0,1.0,1.0,1.0,0.0,0.0,0.5,11.0,17.0,9.0,11.0,66.0,0.6381944444444444,12,3,0
I00479,U026,F052,2026-02-19T23:32:00,Pakistani,Vegetarian,Spicy,High,Curry,Breakfast,0.0,1.0,1.0,1.0,0.0,0.0,0.5,11.0,18.0,9.0,11.0,68.0,0.44305555555555554,23,3,0
I02874,U026,F083,2026-02-22T01:11:00,Indian,Fish,Spicy,High,Curry,Dinner,0.0,1.0,1.0,1.0,0.0,0.0,0.5,11.0,19.0,9.0,11.0,71.0,0.2902777777777778,1,6,1
I03974,U026,F035,2026-02-24T18:38:00,Italian,Chicken,Creamy,High,Noodles,Lunch,1.0,0.0,0.0,1.0,1.0,0.0,0.5,12.0,19.0,9.0,11.0,73.0,0.5125,18,1,1
I01516,U026,F059,2026-02-24T23:42:00,Thai,Vegetarian,Savory,High,Curry,Dinner,0.0,1.0,1.0,1.0,0.0,0.0,0.5,13.0,19.0,9.0,11.0,74.0,0.2111111111111111,23,1,1
I00256,U026,F081,2026-02-25T13:30:00,Mexican,Chicken,Sweet,High,Bread,Snack,0.0,0.0,0.0,1.0,1.0,1.0,0.5,14.0,19.0,9.0,11.0,75.0,0.575,13,2,1
I04851,U026,F073,2026-02-26T07:26:00,Chinese,Fish,Sweet,Medium,Noodles,Lunch,0.0,1.0,0.0,0.0,1.0,0.0,0.3333333333333333,14.0,19.0,10.0,11.0,76.0,0.7472222222222222,7,3,0
I02124,U026,F064,2026-02-27T05:21:00,Pakistani,Chicken,Sweet,Low,Bread,Lunch,0.0,0.0,0.0,0.0,1.0,0.0,0.16666666666666666,14.0,19.0,10.0,12.0,77.0,0.9131944444444444,5,4,0
I01400,U026,F084,2026-02-28T07:30:00,Indian,Vegetarian,Savory,Medium,Bread,Lunch,0.0,1.0,1.0,0.0,1.0,0.0,0.5,14.0,20.0,10.0,12.0,78.0,1.0895833333333333,7,5,1
I01827,U026,F008,2026-03-03T06:16:00,Italian,Mutton,Creamy,Medium,Rice,Snack,1.0,0.0,0.0,0.0,1.0,1.0,0.5,15.0,20.0,10.0,12.0,80.0,0.9291666666666667,6,1,0
I04305,U026,F092,2026-03-04T02:11:00,Indian,Beef,Spicy,High,Curry,Snack,0.0,1.0,1.0,1.0,0.0,1.0,0.6666666666666666,15.0,21.0,10.0,12.0,82.0,0.29375,2,2,1
I02350,U026,F056,2026-03-04T03:33:00,Indian,Vegetarian,Creamy,Low,Rice,Lunch,0.0,1.0,0.0,0.0,1.0,0.0,0.3333333333333333,15.0,21.0,11.0,12.0,83.0,0.05694444444444444,3,2,0
I04719,U049,F034,2026-01-02T15:39:00,Thai,Fish,Savory,Low,Noodles,Breakfast,1.0,0.0,1.0,1.0,1.0,1.0,0.8333333333333334,0.0,0.0,0.0,0.0,1.0,1.1625,15,4,1
I03652,U049,F057,2026-01-03T19:11:00,Thai,Mutton,Spicy,Medium,Rice,Lunch,1.0,1.0,0.0,1.0,0.0,0.0,0.5,0.0,0.0,1.0,0.0,2.0,1.1472222222222221,19,5,0
I00826,U049,F040,2026-01-05T09:16:00,Mexican,Fish,Sweet,Medium,Pasta,Snack,0.0,0.0,1.0,1.0,0.0,1.0,0.5,0.0,1.0,1.0,0.0,4.0,0.09791666666666667,9,0,0
I01306,U049,F013,2026-01-11T02:04:00,Italian,Mutton,Spicy,High,Bread,Breakfast,0.0,1.0,0.0,1.0,0.0,1.0,0.5,0.0,2.0,1.0,0.0,6.0,0.28125,2,6,0
I01381,U049,F071,2026-01-14T17:13:00,Mexican,Mutton,Sour,High,Noodles,Dinner,0.0,1.0,0.0,1.0,1.0,0.0,0.5,0.0,2.0,1.0,1.0,8.0,2.9368055555555554,17,2,1
I01505,U049,F097,2026-01-16T06:10:00,Thai,Fish,Spicy,Medium,Pasta,Breakfast,1.0,0.0,0.0,1.0,0.0,1.0,0.5,1.0,2.0,1.0,1.0,9.0,1.5395833333333333,6,4,1
I04400,U049,F064,2026-01-16T12:07:00,Pakistani,Chicken,Sweet,Low,Bread,Lunch,0.0,0.0,1.0,1.0,0.0,0.0,0.3333333333333333,1.0,2.0,2.0,1.0,10.0,0.24791666666666667,12,4,0
I00108,U049,F071,2026-01-17T03:18:00,Mexican,Mutton,Sour,High,Noodles,Dinner,0.0,1.0,0.0,1.0,1.0,0.0,0.5,1.0,3.0,2.0,1.0,11.0,0.6326388888888889,3,5,1
I01215,U049,F097,2026-01-18T14:38:00,Thai,Fish,Spicy,Medium,Pasta,Breakfast,1.0,0.0,0.0,1.0,0.0,1.0,0.5,1.0,3.0,2.0,1.0,12.0,1.4722222222222223,14,6,0
I01945,U049,F014,2026-01-19T03:16:00,Thai,Beef,Creamy,High,Noodles,Lunch,1.0,0.0,0.0,1.0,1.0,0.0,0.5,1.0,3.0,2.0,2.0,13.0,0.5263888888888889,3,0,0
I02911,U049,F059,2026-01-19T18:16:00,Thai,Vegetarian,Savory,High,Curry,Dinner,1.0,0.0,1.0,1.0,0.0,0.0,0.5,1.0,3.0,2.0,3.0,14.0,0.625,18,0,1
I02248,U049,F017,2026-01-19T19:46:00,Indian,Mutton,Savory,Low,Curry,Dinner,0.0,1.0,1.0,1.0,0.0,0.0,0.5,1.0,3.0,3.0,3.0,15.0,0.0625,19,0,1
I04047,U049,F026,2026-01-21T10:10:00,Indian,Chicken,Sweet,High,Noodles,Breakfast,0.0,0.0,1.0,1.0,1.0,1.0,0.6666666666666666,2.0,3.0,3.0,3.0,17.0,0.11736111111111111,10,2,1
I02708,U049,F073,2026-01-22T08:33:00,Chinese,Fish,Sweet,Medium,Noodles,Lunch,0.0,0.0,1.0,1.0,1.0,0.0,0.5,3.0,3.0,3.0,3.0,19.0,0.7326388888888888,8,3,0
I02143,U049,F075,2026-01-22T12:30:00,Italian,Mutton,Creamy,Medium,Curry,Dinner,0.0,1.0,0.0,1.0,0.0,0.0,0.3333333333333333,3.0,4.0,3.0,3.0,20.0,0.16458333333333333,12,3,0
I04243,U049,F043,2026-01-22T20:22:00,Chinese,Fish,Spicy,Medium,Pasta,Lunch,0.0,0.0,0.0,1.0,0.0,0.0,0.16666666666666666,3.0,5.0,3.0,3.0,21.0,0.3277777777777778,20,3,0
I01288,U049,F036,2026-01-25T03:04:00,Pakistani,Chicken,Savory,Low,Rice,Breakfast,0.0,0.0,1.0,1.0,0.0,1.0,0.5,3.0,5.0,3.0,4.0,23.0,1.6715277777777777,3,6,0
I00526,U049,F076,2026-01-25T10:02:00,Pakistani,Chicken,Sweet,Low,Curry,Dinner,0.0,0.0,1.0,1.0,0.0,0.0,0.3333333333333333,3.0,5.0,3.0,5.0,24.0,0.2902777777777778,10,6,0
I00274,U049,F006,2026-01-28T14:30:00,Pakistani,Beef,Sour,Medium,Bread,Lunch,0.0,0.0,0.0,1.0,0.0,0.0,0.16666666666666666,3.0,5.0,3.0,6.0,26.0,0.6472222222222223,14,2,0
I03059,U049,F068,2026-01-28T16:44:00,Italian,Mutton,Savory,Medium,Noodles,Lunch,0.0,1.0,1.0,1.0,1.0,0.0,0.6666666666666666,3.0,5.0,3.0,7.0,27.0,0.09305555555555556,16,2,0
I04746,U049,F024,2026-01-30T01:41:00,Thai,Chicken,Savory,High,Curry,Dinner,1.0,0.0,1.0,1.0,0.0,0.0,0.5,3.0,5.0,3.0,8.0,29.0,0.11597222222222223,1,4,0
I02450,U049,F063,2026-01-30T20:02:00,Italian,Chicken,Savory,High,Pasta,Dinner,0.0,0.0,1.0,1.0,0.0,0.0,0.3333333333333333,3.0,6.0,3.0,8.0,31.0,0.7381944444444445,20,4,1
I00098,U049,F048,2026-01-31T15:55:00,Chinese,Beef,Sweet,Low,Rice,Breakfast,0.0,0.0,1.0,1.0,0.0,1.0,0.5,3.0,6.0,3.0,8.0,32.0,0.8284722222222223,15,5,0
I01964,U049,F098,2026-02-01T22:36:00,Mexican,Mutton,Spicy,Medium,Bread,Dinner,0.0,1.0,0.0,1.0,0.0,0.0,0.3333333333333333,3.0,7.0,3.0,8.0,33.0,1.2784722222222222,22,6,1
I00491,U049,F063,2026-02-05T01:43:00,Italian,Chicken,Savory,High,Pasta,Dinner,0.0,0.0,1.0,1.0,0.0,0.0,0.3333333333333333,3.0,7.0,3.0,8.0,35.0,1.3194444444444444,1,3,1
I03264,U049,F052,2026-02-05T11:14:00,Pakistani,Vegetarian,Spicy,High,Curry,Breakfast,0.0,0.0,0.0,1.0,0.0,1.0,0.3333333333333333,4.0,7.0,3.0,8.0,36.0,0.39652777777777776,11,3,0
I03651,U049,F080,2026-02-08T02:08:00,Italian,Fish,Savory,High,Bread,Dinner,0.0,0.0,1.0,1.0,0.0,0.0,0.3333333333333333,4.0,8.0,3.0,8.0,37.0,2.620833333333333,2,6,0
I03067,U049,F099,2026-02-08T08:03:00,Thai,Chicken,Spicy,Low,Noodles,Snack,1.0,0.0,0.0,1.0,1.0,1.0,0.6666666666666666,4.0,8.0,3.0,9.0,38.0,0.2465277777777778,8,6,1
I01424,U049,F049,2026-02-08T20:18:00,Mexican,Mutton,Savory,Low,Curry,Snack,0.0,1.0,1.0,1.0,0.0,1.0,0.6666666666666666,5.0,8.0,3.0,9.0,39.0,0.5104166666666666,20,6,1
I01651,U049,F037,2026-02-10T13:20:00,Italian,Chicken,Creamy,Low,Bread,Snack,0.0,0.0,0.0,1.0,0.0,1.0,0.3333333333333333,6.0,8.0,3.0,9.0,41.0,1.0840277777777778,13,1,0
I03245,U049,F089,2026-02-10T16:25:00,Pakistani,Chicken,Spicy,Medium,Curry,Breakfast,0.0,0.0,0.0,1.0,0.0,1.0,0.3333333333333333,6.0,8.0,3.0,10.0,42.0,0.1284722222222222,16,1,0
I02146,U049,F034,2026-02-12T15:22:00,Thai,Fish,Savory,Low,Noodles,Breakfast,1.0,0.0,1.0,1.0,1.0,1.0,0.8333333333333334,6.0,9.0,3.0,10.0,43.0,1.95625,15,3,1
I02445,U049,F021,2026-02-14T02:03:00,Chinese,Beef,Creamy,Medium,Rice,Breakfast,0.0,0.0,0.0,1.0,0.0,1.0,0.3333333333333333,6.0,9.0,4.0,10.0,44.0,1.445138888888889,2,5,1
I03769,U049,F035,2026-02-14T03:49:00,Italian,Chicken,Creamy,High,Noodles,Lunch,0.0,0.0,0.0,1.0,1.0,0.0,0.3333333333333333,7.0,9.0,4.0,10.0,45.0,0.07361111111111111,3,5,0
I02981,U049,F005,2026-02-15T06:06:00,Mexican,Vegetarian,Sour,Low,Pasta,Dinner,0.0,0.0,0.0,1.0,0.0,0.0,0.16666666666666666,7.0,9.0,4.0,11.0,46.0,1.0951388888888889,6,6,0
I01541,U049,F068,2026-02-16T04:33:00,Italian,Mutton,Savory,Medium,Noodles,Lunch,0.0,1.0,1.0,1.0,1.0,0.0,0.6666666666666666,7.0,9.0,4.0,12.0,47.0,0.9354166666666667,4,0,0
I02413,U049,F006,2026-02-18T16:16:00,Pakistani,Beef,Sour,Medium,Bread,Lunch,0.0,0.0,0.0,1.0,0.0,0.0,0.16666666666666666,7.0,10.0,4.0,12.0,48.0,2.4881944444444444,16,2,1
I02123,U049,F082,2026-02-20T07:41:00,Italian,Fish,Sweet,High,Noodles,Lunch,0.0,0.0,1.0,1.0,1.0,0.0,0.5,8.0,10.0,4.0,12.0,49.0,1.6423611111111112,7,4,1
I00740,U049,F018,2026-02-20T22:15:00,Chinese,Fish,Sour,High,Pasta,Lunch,0.0,0.0,0.0,1.0,0.0,0.0,0.16666666666666666,8.0,10.0,5.0,12.0,50.0,0.6069444444444444,22,4,0
I04099,U049,F090,2026-02-21T23:18:00,Indian,Fish,Creamy,Low,Pasta,Snack,0.0,0.0,0.0,1.0,0.0,1.0,0.3333333333333333,8.0,11.0,5.0,12.0,52.0,0.18055555555555555,23,5,0
I00770,U049,F041,2026-02-22T10:21:00,Mexican,Chicken,Savory,Low,Pasta,Dinner,0.0,0.0,1.0,1.0,0.0,0.0,0.3333333333333333,8.0,11.0,5.0,13.0,53.0,0.46041666666666664,10,6,0
I04991,U049,F003,2026-02-22T19:40:00,Thai,Fish,Savory,Low,Rice,Lunch,1.0,0.0,1.0,1.0,0.0,0.0,0.5,8.0,11.0,5.0,14.0,54.0,0.38819444444444445,19,6,0
I03192,U049,F099,2026-02-23T10:43:00,Thai,Chicken,Spicy,Low,Noodles,Snack,1.0,0.0,0.0,1.0,1.0,1.0,0.6666666666666666,8.0,11.0,5.0,15.0,55.0,0.6270833333333333,10,0,1
I01867,U049,F005,2026-02-23T20:25:00,Mexican,Vegetarian,Sour,Low,Pasta,Dinner,0.0,0.0,0.0,1.0,0.0,0.0,0.16666666666666666,9.0,11.0,5.0,15.0,56.0,0.4041666666666667,20,0,0
I03169,U049,F068,2026-02-24T00:45:00,Italian,Mutton,Savory,Medium,Noodles,Lunch,0.0,1.0,1.0,1.0,1.0,0.0,0.6666666666666666,9.0,12.0,5.0,15.0,57.0,0.18055555555555555,0,1,1
I04827,U049,F055,2026-02-24T00:58:00,Chinese,Mutton,Sour,Medium,Rice,Breakfast,0.0,1.0,0.0,1.0,0.0,1.0,0.5,9.0,12.0,6.0,15.0,58.0,0.009027777777777777,0,1,1
I04398,U049,F030,2026-02-24T10:10:00,Pakistani,Beef,Creamy,Low,Rice,Snack,0.0,0.0,0.0,1.0,0.0,1.0,0.3333333333333333,10.0,12.0,6.0,15.0,59.0,0.38333333333333336,10,1,0
I00304,U049,F016,2026-02-24T10:44:00,Mexican,Mutton,Savory,Low,Rice,Dinner,0.0,1.0,1.0,1.0,0.0,0.0,0.5,10.0,12.0,6.0,16.0,60.0,0.02361111111111111,10,1,0
I01639,U049,F023,2026-02-24T23:12:00,Indian,Fish,Creamy,Medium,Curry,Dinner,0.0,0.0,0.0,1.0,0.0,0.0,0.16666666666666666,10.0,13.0,6.0,16.0,61.0,0.5194444444444445,23,1,0
I00874,U025,F046,2026-01-01T19:43:00,Chinese,Fish,Savory,Low,Pasta,Breakfast,0.0,1.0,0.0,1.0,0.0,1.0,0.5,0.0,0.0,0.0,0.0,0.0,-1.0,19,3,1
I04707,U025,F026,2026-01-02T15:06:00,Indian,Chicken,Sweet,High,Noodles,Breakfast,1.0,0.0,1.0,1.0,1.0,1.0,0.8333333333333334,1.0,0.0,0.0,0.0,2.0,0.45208333333333334,15,4,1
I01253,U025,F030,2026-01-06T22:53:00,Pakistani,Beef,Creamy,Low,Rice,Snack,0.0,0.0,0.0,1.0,0.0,1.0,0.3333333333333333,1.0,0.0,1.0,0.0,4.0,0.7319444444444444,22,1,0
I00956,U025,F029,2026-01-07T14:52:00,Indian,Chicken,Savory,Medium,Bread,Lunch,1.0,0.0,0.0,1.0,0.0,1.0,0.5,1.0,1.0,1.0,0.0,5.0,0.6659722222222222,14,2,1
I01642,U025,F017,2026-01-08T07:28:00,Indian,Mutton,Savory,Low,Curry,Dinner,1.0,0.0,0.0,1.0,1.0,0.0,0.5,1.0,1.0,2.0,0.0,6.0,0.6916666666666667,7,3,0
I02336,U025,F040,2026-01-09T05:53:00,Mexican,Fish,Sweet,Medium,Pasta,Snack,0.0,1.0,1.0,1.0,0.0,1.0,0.6666666666666666,1.0,1.0,2.0,1.0,7.0,0.9340277777777778,5,4,1
I00258,U025,F001,2026-01-09T19:42:00,Mexican,Chicken,Savory,High,Bread,Lunch,0.0,0.0,0.0,1.0,0.0,1.0,0.3333333333333333,1.0,1.0,2.0,1.0,8.0,0.5756944444444444,19,4,0
I00309,U025,F015,2026-01-10T18:01:00,Indian,Fish,Sweet,High,Curry,Lunch,1.0,1.0,1.0,1.0,1.0,1.0,1.0,1.0,2.0,2.0,1.0,10.0,0.7125,18,5,1
I03425,U025,F009,2026-01-11T06:02:00,Thai,Chicken,Sour,Low,Curry,Dinner,1.0,0.0,1.0,1.0,1.0,0.0,0.6666666666666666,1.0,2.0,3.0,1.0,11.0,0.5006944444444444,6,6,1
I04548,U025,F002,2026-01-11T10:02:00,Chinese,Beef,Savory,High,Curry,Breakfast,0.0,0.0,0.0,1.0,1.0,1.0,0.5,1.0,2.0,3.0,1.0,12.0,0.16666666666666666,10,6,1
I01440,U025,F076,2026-01-12T03:43:00,Pakistani,Chicken,Sweet,Low,Curry,Dinner,0.0,0.0,1.0,1.0,1.0,0.0,0.5,1.0,2.0,4.0,1.0,14.0,0.34375,3,0,1
I00389,U025,F021,2026-01-12T11:32:00,Chinese,Beef,Creamy,Medium,Rice,Breakfast,0.0,0.0,0.0,1.0,0.0,1.0,0.3333333333333333,2.0,2.0,4.0,1.0,16.0,0.015277777777777777,11,0,0
I03429,U025,F051,2026-01-15T08:10:00,Chinese,Chicken,Creamy,Low,Noodles,Snack,0.0,0.0,0.0,1.0,1.0,1.0,0.5,2.0,2.0,4.0,2.0,17.0,2.859722222222222,8,3,1
I02000,U025,F017,2026-01-16T05:40:00,Indian,Mutton,Savory,Low,Curry,Dinner,1.0,0.0,0.0,1.0,1.0,0.0,0.5,3.0,2.0,4.0,2.0,18.0,0.8958333333333334,5,4,0
I04409,U025,F061,2026-01-16T11:47:00,Mexican,Vegetarian,Spicy,Medium,Bread,Lunch,0.0,0.0,1.0,1.0,0.0,1.0,0.5,3.0,3.0,4.0,2.0,19.0,0.2548611111111111,11,4,0
I00656,U025,F079,2026-01-19T05:43:00,Italian,Chicken,Sour,Low,Curry,Lunch,1.0,0.0,1.0,1.0,1.0,1.0,0.8333333333333334,3.0,4.0,4.0,2.0,22.0,2.0416666666666665,5,0,1
I00895,U025,F088,2026-01-19T18:06:00,Pakistani,Beef,Sweet,Low,Noodles,Lunch,0.0,0.0,1.0,1.0,1.0,1.0,0.6666666666666666,3.0,4.0,5.0,2.0,24.0,0.3416666666666667,18,0,0
I02815,U025,F001,2026-01-23T23:21:00,Mexican,Chicken,Savory,High,Bread,Lunch,0.0,0.0,0.0,1.0,0.0,1.0,0.3333333333333333,3.0,4.0,5.0,3.0,26.0,2.563888888888889,23,4,1
I01890,U025,F057,2026-01-24T22:31:00,Thai,Mutton,Spicy,Medium,Rice,Lunch,1.0,0.0,1.0,1.0,0.0,1.0,0.6666666666666666,4.0,4.0,5.0,3.0,27.0,0.9652777777777778,22,5,1
I04094,U025,F061,2026-01-27T10:23:00,Mexican,Vegetarian,Spicy,Medium,Bread,Lunch,0.0,0.0,1.0,1.0,0.0,1.0,0.5,5.0,4.0,5.0,3.0,30.0,0.14166666666666666,10,1,0
I04625,U025,F081,2026-01-27T11:26:00,Mexican,Chicken,Sweet,High,Bread,Snack,0.0,0.0,1.0,1.0,0.0,1.0,0.5,5.0,4.0,5.0,4.0,31.0,0.04375,11,1,0
I03868,U025,F004,2026-01-31T00:14:00,Chinese,Vegetarian,Creamy,Low,Curry,Lunch,0.0,0.0,0.0,1.0,1.0,1.0,0.5,5.0,4.0,5.0,5.0,35.0,0.6944444444444444,0,5,1
I04223,U025,F053,2026-02-01T11:09:00,Thai,Chicken,Sour,High,Curry,Dinner,1.0,0.0,1.0,1.0,1.0,0.0,0.6666666666666666,6.0,4.0,5.0,5.0,36.0,1.4548611111111112,11,6,1
I01520,U025,F004,2026-02-04T04:15:00,Chinese,Vegetarian,Creamy,Low,Curry,Lunch,0.0,0.0,0.0,1.0,1.0,1.0,0.5,7.0,4.0,5.0,5.0,37.0,2.7125,4,2,0
I02844,U025,F073,2026-02-04T17:27:00,Chinese,Fish,Sweet,Medium,Noodles,Lunch,0.0,1.0,1.0,1.0,1.0,1.0,0.8333333333333334,7.0,5.0,5.0,5.0,38.0,0.55,17,2,1
I01262,U025,F033,2026-02-06T04:54:00,Mexican,Mutton,Sour,High,Bread,Snack,0.0,0.0,1.0,1.0,0.0,1.0,0.5,8.0,5.0,5.0,5.0,39.0,1.4770833333333333,4,4,1
I04242,U025,F045,2026-02-06T09:39:00,Pakistani,Beef,Spicy,Medium,Pasta,Snack,0.0,0.0,1.0,1.0,0.0,1.0,0.5,8.0,5.0,5.0,5.0,40.0,0.19791666666666666,9,4,0
I00784,U025,F067,2026-02-07T15:00:00,Thai,Vegetarian,Spicy,Medium,Noodles,Breakfast,1.0,0.0,1.0,1.0,1.0,1.0,0.8333333333333334,8.0,5.0,5.0,6.0,41.0,1.2229166666666667,15,5,1
I03837,U025,F002,2026-02-08T18:32:00,Chinese,Beef,Savory,High,Curry,Breakfast,0.0,0.0,0.0,1.0,1.0,1.0,0.5,8.0,5.0,5.0,6.0,43.0,0.3576388888888889,18,6,0
I01009,U025,F048,2026-02-09T15:12:00,Chinese,Beef,Sweet,Low,Rice,Breakfast,0.0,0.0,1.0,1.0,0.0,1.0,0.5,8.0,5.0,5.0,7.0,44.0,0.8611111111111112,15,0,1
I02622,U025,F022,2026-02-10T12:03:00,Pakistani,Beef,Spicy,High,Pasta,Breakfast,0.0,0.0,1.0,1.0,0.0,1.0,0.5,9.0,5.0,5.0,7.0,45.0,0.86875,12,1,0
I02074,U025,F017,2026-02-11T09:39:00,Indian,Mutton,Savory,Low,Curry,Dinner,1.0,0.0,0.0,1.0,1.0,0.0,0.5,9.0,6.0,5.0,7.0,46.0,0.9,9,2,1
I00100,U025,F079,2026-02-11T19:43:00,Italian,Chicken,Sour,Low,Curry,Lunch,1.0,0.0,1.0,1.0,1.0,1.0,0.8333333333333334,9.0,6.0,5.0,7.0,47.0,0.41944444444444445,19,2,1
I01076,U025,F013,2026-02-14T01:55:00,Italian,Mutton,Spicy,High,Bread,Breakfast,1.0,0.0,1.0,1.0,0.0,1.0,0.6666666666666666,9.0,6.0,5.0,7.0,49.0,1.2756944444444445,1,5,1
I04538,U025,F009,2026-02-14T11:30:00,Thai,Chicken,Sour,Low,Curry,Dinner,1.0,0.0,1.0,1.0,1.0,0.0,0.6666666666666666,9.0,6.0,5.0,7.0,50.0,0.3993055555555556,11,5,1
I01690,U025,F028,2026-02-17T12:25:00,Italian,Beef,Creamy,High,Rice,Dinner,1.0,0.0,0.0,1.0,0.0,0.0,0.3333333333333333,10.0,6.0,5.0,7.0,51.0,3.0381944444444446,12,1,1
I03513,U025,F029,2026-02-17T20:15:00,Indian,Chicken,Savory,Medium,Bread,Lunch,1.0,0.0,0.0,1.0,0.0,1.0,0.5,10.0,6.0,5.0,7.0,52.0,0.3263888888888889,20,1,1
I03045,U025,F085,2026-02-20T01:48:00,Indian,Vegetarian,Creamy,High,Bread,Snack,1.0,0.0,0.0,1.0,0.0,1.0,0.5,11.0,6.0,5.0,7.0,54.0,1.825,1,4,0
I00916,U025,F035,2026-02-20T19:36:00,Italian,Chicken,Creamy,High,Noodles,Lunch,1.0,0.0,0.0,1.0,1.0,1.0,0.6666666666666666,11.0,6.0,5.0,8.0,55.0,0.7416666666666667,19,4,1
I00973,U025,F089,2026-02-24T09:12:00,Pakistani,Chicken,Spicy,Medium,Curry,Breakfast,0.0,0.0,1.0,1.0,1.0,1.0,0.6666666666666666,12.0,6.0,5.0,8.0,56.0,3.566666666666667,9,1,1
I01068,U025,F058,2026-02-28T01:13:00,Italian,Mutton,Spicy,Medium,Curry,Dinner,1.0,0.0,1.0,1.0,1.0,0.0,0.6666666666666666,13.0,6.0,5.0,8.0,57.0,3.667361111111111,1,5,1
I03504,U025,F035,2026-02-28T09:41:00,Italian,Chicken,Creamy,High,Noodles,Lunch,1.0,0.0,0.0,1.0,1.0,1.0,0.6666666666666666,14.0,6.0,5.0,8.0,58.0,0.3527777777777778,9,5,0
I03190,U025,F089,2026-03-02T02:40:00,Pakistani,Chicken,Spicy,Medium,Curry,Breakfast,0.0,0.0,1.0,1.0,1.0,1.0,0.6666666666666666,14.0,6.0,5.0,9.0,60.0,0.6534722222222222,2,0,1
I00868,U025,F056,2026-03-02T04:44:00,Indian,Vegetarian,Creamy,Low,Rice,Lunch,1.0,0.0,0.0,1.0,0.0,1.0,0.5,15.0,6.0,5.0,9.0,61.0,0.08611111111111111,4,0,0
I03230,U025,F088,2026-03-02T12:04:00,Pakistani,Beef,Sweet,Low,Noodles,Lunch,0.0,0.0,1.0,1.0,1.0,1.0,0.6666666666666666,15.0,6.0,5.0,10.0,62.0,0.3055555555555556,12,0,1
I01872,U025,F088,2026-03-03T01:46:00,Pakistani,Beef,Sweet,Low,Noodles,Lunch,0.0,0.0,1.0,1.0,1.0,1.0,0.6666666666666666,16.0,6.0,5.0,10.0,63.0,0.5708333333333333,1,1,0
I03609,U025,F023,2026-03-05T15:05:00,Indian,Fish,Creamy,Medium,Curry,Dinner,1.0,1.0,0.0,1.0,1.0,0.0,0.6666666666666666,16.0,7.0,5.0,10.0,64.0,2.5548611111111112,15,3,1
I04784,U025,F022,2026-03-05T21:48:00,Pakistani,Beef,Spicy,High,Pasta,Breakfast,0.0,0.0,1.0,1.0,0.0,1.0,0.5,16.0,7.0,6.0,10.0,65.0,0.2798611111111111,21,3,0
I04369,U025,F022,2026-03-06T08:59:00,Pakistani,Beef,Spicy,High,Pasta,Breakfast,0.0,0.0,1.0,1.0,0.0,1.0,0.5,16.0,8.0,6.0,10.0,66.0,0.46597222222222223,8,4,1
I00337,U025,F095,2026-03-09T08:07:00,Thai,Vegetarian,Sour,High,Pasta,Lunch,1.0,0.0,1.0,1.0,0.0,1.0,0.6666666666666666,16.0,8.0,7.0,10.0,68.0,0.5694444444444444,8,0,0
I03025,U045,F055,2026-01-01T01:20:00,Chinese,Mutton,Sour,Medium,Rice,Breakfast,0.0,0.0,0.0,1.0,1.0,1.0,0.5,0.0,0.0,0.0,0.0,0.0,-1.0,1,3,0
I02893,U045,F013,2026-01-03T01:26:00,Italian,Mutton,Spicy,High,Bread,Breakfast,1.0,0.0,0.0,1.0,0.0,1.0,0.5,0.0,1.0,0.0,0.0,1.0,2.004166666666667,1,5,1
I01628,U045,F012,2026-01-03T12:22:00,Indian,Mutton,Sour,High,Bread,Lunch,1.0,0.0,0.0,1.0,0.0,0.0,0.3333333333333333,1.0,1.0,0.0,0.0,2.0,0.45555555555555555,12,5,1
I04802,U045,F044,2026-01-04T10:25:00,Pakistani,Fish,Creamy,Low,Rice,Breakfast,1.0,1.0,1.0,1.0,1.0,1.0,1.0,2.0,1.0,0.0,0.0,3.0,0.91875,10,6,1
I03453,U045,F012,2026-01-05T06:46:00,Indian,Mutton,Sour,High,Bread,Lunch,1.0,0.0,0.0,1.0,0.0,0.0,0.3333333333333333,3.0,1.0,0.0,0.0,4.0,0.8479166666666667,6,0,0
I04425,U045,F029,2026-01-06T02:28:00,Indian,Chicken,Savory,Medium,Bread,Lunch,1.0,1.0,1.0,1.0,0.0,0.0,0.6666666666666666,3.0,2.0,0.0,0.0,5.0,0.8208333333333333,2,1,1
I03527,U045,F023,2026-01-06T16:20:00,Indian,Fish,Creamy,Medium,Curry,Dinner,1.0,1.0,1.0,1.0,0.0,1.0,0.8333333333333334,3.0,2.0,1.0,0.0,6.0,0.5777777777777777,16,1,1
I01367,U045,F078,2026-01-09T13:10:00,Indian,Vegetarian,Creamy,Low,Pasta,Lunch,1.0,0.0,1.0,1.0,1.0,0.0,0.6666666666666666,3.0,2.0,2.0,0.0,8.0,2.1416666666666666,13,4,1
I00162,U045,F009,2026-01-09T16:06:00,Thai,Chicken,Sour,Low,Curry,Dinner,0.0,1.0,0.0,1.0,0.0,1.0,0.5,4.0,2.0,2.0,0.0,9.0,0.12222222222222222,16,4,0
I04929,U045,F095,2026-01-09T21:28:00,Thai,Vegetarian,Sour,High,Pasta,Lunch,0.0,0.0,0.0,1.0,1.0,0.0,0.3333333333333333,4.0,3.0,2.0,0.0,10.0,0.22361111111111112,21,4,1
I01033,U045,F097,2026-01-10T03:58:00,Thai,Fish,Spicy,Medium,Pasta,Breakfast,0.0,1.0,0.0,1.0,1.0,1.0,0.6666666666666666,4.0,3.0,3.0,0.0,11.0,0.2708333333333333,3,5,0
I04764,U045,F089,2026-01-11T13:29:00,Pakistani,Chicken,Spicy,Medium,Curry,Breakfast,1.0,1.0,0.0,1.0,0.0,1.0,0.6666666666666666,4.0,3.0,3.0,1.0,12.0,1.3965277777777778,13,6,1
I01037,U045,F030,2026-01-11T14:30:00,Pakistani,Beef,Creamy,Low,Rice,Snack,1.0,1.0,1.0,1.0,1.0,0.0,0.8333333333333334,4.0,3.0,4.0,1.0,13.0,0.04236111111111111,14,6,1
I01283,U045,F091,2026-01-11T22:09:00,Indian,Beef,Spicy,High,Rice,Breakfast,1.0,1.0,0.0,1.0,1.0,1.0,0.8333333333333334,5.0,3.0,4.0,1.0,14.0,0.31875,22,6,1
I04240,U045,F037,2026-01-12T04:14:00,Italian,Chicken,Creamy,Low,Bread,Snack,1.0,1.0,1.0,1.0,0.0,0.0,0.6666666666666666,6.0,3.0,4.0,1.0,16.0,0.24722222222222223,4,0,0
I02330,U045,F061,2026-01-13T10:37:00,Mexican,Vegetarian,Spicy,Medium,Bread,Lunch,0.0,0.0,0.0,1.0,0.0,0.0,0.16666666666666666,6.0,4.0,4.0,1.0,18.0,0.5236111111111111,10,1,1
I03743,U045,F068,2026-01-13T17:08:00,Italian,Mutton,Savory,Medium,Noodles,Lunch,1.0,0.0,1.0,1.0,1.0,0.0,0.6666666666666666,7.0,4.0,4.0,1.0,19.0,0.27152777777777776,17,1,1
I00481,U045,F093,2026-01-14T14:12:00,Pakistani,Vegetarian,Spicy,Low,Pasta,Lunch,1.0,0.0,0.0,1.0,1.0,0.0,0.5,7.0,4.0,5.0,1.0,21.0,0.04097222222222222,14,2,1
I01757,U045,F022,2026-01-16T04:18:00,Pakistani,Beef,Spicy,High,Pasta,Breakfast,1.0,1.0,0.0,1.0,1.0,1.0,0.8333333333333334,7.0,4.0,5.0,1.0,23.0,1.1111111111111112,4,4,0
I04527,U045,F012,2026-01-18T03:20:00,Indian,Mutton,Sour,High,Bread,Lunch,1.0,0.0,0.0,1.0,0.0,0.0,0.3333333333333333,7.0,4.0,5.0,2.0,24.0,1.9597222222222221,3,6,0
I02147,U045,F034,2026-01-18T05:03:00,Thai,Fish,Savory,Low,Noodles,Breakfast,0.0,1.0,1.0,1.0,1.0,1.0,0.8333333333333334,7.0,5.0,5.0,2.0,25.0,0.07152777777777777,5,6,1
I03443,U045,F068,2026-01-19T07:35:00,Italian,Mutton,Savory,Medium,Noodles,Lunch,1.0,0.0,1.0,1.0,1.0,0.0,0.6666666666666666,7.0,5.0,6.0,2.0,26.0,1.1055555555555556,7,0,1
I04806,U045,F060,2026-01-19T20:08:00,Mexican,Chicken,Spicy,Medium,Rice,Breakfast,0.0,1.0,0.0,1.0,1.0,1.0,0.6666666666666666,8.0,5.0,6.0,2.0,27.0,0.5229166666666667,20,0,1
I03793,U045,F049,2026-01-20T18:38:00,Mexican,Mutton,Savory,Low,Curry,Snack,0.0,0.0,1.0,1.0,0.0,0.0,0.3333333333333333,8.0,5.0,6.0,2.0,28.0,0.9375,18,1,1
I01467,U045,F012,2026-01-21T11:08:00,Indian,Mutton,Sour,High,Bread,Lunch,1.0,0.0,0.0,1.0,0.0,0.0,0.3333333333333333,8.0,5.0,7.0,2.0,29.0,0.6875,11,2,1
I01243,U045,F028,2026-01-21T19:04:00,Italian,Beef,Creamy,High,Rice,Dinner,1.0,1.0,1.0,1.0,1.0,1.0,1.0,8.0,5.0,7.0,2.0,30.0,0.33055555555555555,19,2,1
I01078,U045,F009,2026-01-22T00:40:00,Thai,Chicken,Sour,Low,Curry,Dinner,0.0,1.0,0.0,1.0,0.0,1.0,0.5,9.0,5.0,7.0,2.0,31.0,0.23333333333333334,0,3,0
I02357,U045,F006,2026-01-24T07:33:00,Pakistani,Beef,Sour,Medium,Bread,Lunch,1.0,1.0,0.0,1.0,0.0,0.0,0.5,9.0,6.0,7.0,2.0,32.0,2.2868055555555555,7,5,0
I00718,U045,F086,2026-01-24T18:46:00,Indian,Fish,Spicy,High,Pasta,Lunch,1.0,1.0,0.0,1.0,1.0,0.0,0.6666666666666666,9.0,7.0,7.0,2.0,33.0,0.4673611111111111,18,5,1
I02231,U045,F061,2026-01-27T22:33:00,Mexican,Vegetarian,Spicy,Medium,Bread,Lunch,0.0,0.0,0.0,1.0,0.0,0.0,0.16666666666666666,10.0,7.0,7.0,2.0,35.0,1.70625,22,1,0
I01490,U045,F062,2026-01-28T06:40:00,Mexican,Mutton,Spicy,High,Bread,Snack,0.0,0.0,0.0,1.0,0.0,0.0,0.16666666666666666,10.0,8.0,7.0,2.0,36.0,0.33819444444444446,6,2,0
I04649,U045,F003,2026-01-28T08:47:00,Thai,Fish,Savory,Low,Rice,Lunch,0.0,1.0,1.0,1.0,1.0,0.0,0.6666666666666666,10.0,9.0,7.0,2.0,37.0,0.08819444444444445,8,2,1
I01778,U045,F092,2026-01-29T23:36:00,Indian,Beef,Spicy,High,Curry,Snack,1.0,1.0,0.0,1.0,0.0,0.0,0.5,10.0,9.0,8.0,2.0,39.0,1.0416666666666667,23,3,1
I02493,U045,F029,2026-01-30T05:12:00,Indian,Chicken,Savory,Medium,Bread,Lunch,1.0,1.0,1.0,1.0,0.0,0.0,0.6666666666666666,11.0,9.0,8.0,2.0,40.0,0.23333333333333334,5,4,1
I03930,U045,F038,2026-01-30T22:47:00,Chinese,Vegetarian,Spicy,High,Curry,Snack,0.0,0.0,0.0,1.0,0.0,0.0,0.16666666666666666,12.0,9.0,8.0,2.0,41.0,0.7326388888888888,22,4,0
I04001,U045,F027,2026-02-01T06:34:00,Mexican,Mutton,Creamy,High,Noodles,Lunch,0.0,0.0,1.0,1.0,1.0,0.0,0.5,12.0,9.0,8.0,3.0,42.0,1.3243055555555556,6,6,0
I00125,U045,F034,2026-02-01T09:31:00,Thai,Fish,Savory,Low,Noodles,Breakfast,0.0,1.0,1.0,1.0,1.0,1.0,0.8333333333333334,12.0,9.0,8.0,4.0,43.0,0.12291666666666666,9,6,1
I00625,U045,F057,2026-02-01T11:35:00,Thai,Mutton,Spicy,Medium,Rice,Lunch,0.0,0.0,0.0,1.0,1.0,0.0,0.3333333333333333,13.0,9.0,8.0,4.0,44.0,0.08611111111111111,11,6,0
I04932,U045,F070,2026-02-03T12:13:00,Chinese,Beef,Spicy,Medium,Rice,Lunch,0.0,1.0,0.0,1.0,1.0,0.0,0.5,13.0,9.0,8.0,5.0,46.0,1.8895833333333334,12,1,1
I01341,U045,F062,2026-02-04T19:50:00,Mexican,Mutton,Spicy,High,Bread,Snack,0.0,0.0,0.0,1.0,0.0,0.0,0.16666666666666666,13.0,9.0,9.0,5.0,47.0,1.3173611111111112,19,2,0
I00293,U045,F017,2026-02-05T03:11:00,Indian,Mutton,Savory,Low,Curry,Dinner,1.0,0.0,1.0,1.0,0.0,1.0,0.6666666666666666,13.0,9.0,9.0,6.0,50.0,0.024305555555555556,3,3,0
I01020,U045,F083,2026-02-05T16:49:00,Indian,Fish,Spicy,High,Curry,Dinner,1.0,1.0,0.0,1.0,0.0,1.0,0.6666666666666666,13.0,10.0,9.0,6.0,52.0,0.059722222222222225,16,3,1
I04445,U045,F002,2026-02-06T08:19:00,Chinese,Beef,Savory,High,Curry,Breakfast,0.0,1.0,1.0,1.0,0.0,1.0,0.6666666666666666,14.0,10.0,9.0,6.0,53.0,0.6458333333333334,8,4,1
I04943,U045,F018,2026-02-07T00:22:00,Chinese,Fish,Sour,High,Pasta,Lunch,0.0,1.0,0.0,1.0,1.0,0.0,0.5,14.0,10.0,10.0,6.0,54.0,0.66875,0,5,1
I00549,U045,F010,2026-02-07T23:24:00,Mexican,Vegetarian,Sweet,High,Noodles,Breakfast,0.0,0.0,1.0,1.0,1.0,1.0,0.6666666666666666,14.0,10.0,11.0,6.0,55.0,0.9597222222222223,23,5,1
I02867,U045,F008,2026-02-07T23:26:00,Italian,Mutton,Creamy,Medium,Rice,Snack,1.0,0.0,1.0,1.0,1.0,0.0,0.6666666666666666,14.0,10.0,12.0,6.0,56.0,0.001388888888888889,23,5,0
I01183,U045,F087,2026-02-08T02:59:00,Mexican,Chicken,Sweet,High,Curry,Dinner,0.0,1.0,1.0,1.0,0.0,1.0,0.6666666666666666,14.0,11.0,12.0,6.0,57.0,0.14791666666666667,2,6,0
I02505,U045,F087,2026-02-08T12:19:00,Mexican,Chicken,Sweet,High,Curry,Dinner,0.0,1.0,1.0,1.0,0.0,1.0,0.6666666666666666,14.0,11.0,12.0,7.0,58.0,0.3888888888888889,12,6,1
I00563,U045,F075,2026-02-10T14:37:00,Italian,Mutton,Creamy,Medium,Curry,Dinner,1.0,0.0,1.0,1.0,0.0,1.0,0.6666666666666666,14.0,11.0,13.0,7.0,59.0,2.095833333333333,14,1,1
I03208,U045,F085,2026-02-10T20:55:00,Indian,Vegetarian,Creamy,High,Bread,Snack,1.0,0.0,1.0,1.0,0.0,0.0,0.5,14.0,11.0,14.0,7.0,60.0,0.2625,20,1,1
I00979,U045,F027,2026-02-11T12:02:00,Mexican,Mutton,Creamy,High,Noodles,Lunch,0.0,0.0,1.0,1.0,1.0,0.0,0.5,15.0,11.0,14.0,7.0,61.0,0.6298611111111111,12,2,0
I00749,U045,F015,2026-02-12T07:08:00,Indian,Fish,Sweet,High,Curry,Lunch,1.0,1.0,1.0,1.0,0.0,0.0,0.6666666666666666,15.0,11.0,14.0,8.0,62.0,0.7958333333333333,7,3,1
I04653,U045,F086,2026-02-14T16:49:00,Indian,Fish,Spicy,High,Pasta,Lunch,1.0,1.0,0.0,1.0,1.0,0.0,0.6666666666666666,15.0,11.0,15.0,8.0,64.0,1.71875,16,5,0
I00628,U045,F030,2026-02-15T17:37:00,Pakistani,Beef,Creamy,Low,Rice,Snack,1.0,1.0,1.0,1.0,1.0,0.0,0.8333333333333334,15.0,12.0,15.0,8.0,65.0,1.0333333333333334,17,6,0
I00617,U045,F030,2026-02-16T08:09:00,Pakistani,Beef,Creamy,Low,Rice,Snack,1.0,1.0,1.0,1.0,1.0,0.0,0.8333333333333334,15.0,12.0,15.0,9.0,67.0,0.009722222222222222,8,0,1
I02426,U045,F087,2026-02-16T17:29:00,Mexican,Chicken,Sweet,High,Curry,Dinner,0.0,1.0,1.0,1.0,0.0,1.0,0.6666666666666666,15.0,12.0,16.0,9.0,68.0,0.3888888888888889,17,0,1
I00867,U045,F076,2026-02-18T13:51:00,Pakistani,Chicken,Sweet,Low,Curry,Dinner,1.0,1.0,1.0,1.0,0.0,1.0,0.8333333333333334,16.0,12.0,16.0,9.0,69.0,1.8486111111111112,13,2,1
I03510,U045,F029,2026-02-19T09:17:00,Indian,Chicken,Savory,Medium,Bread,Lunch,1.0,1.0,1.0,1.0,0.0,0.0,0.6666666666666666,17.0,12.0,16.0,9.0,70.0,0.8097222222222222,9,3,1
I04012,U045,F030,2026-02-21T04:22:00,Pakistani,Beef,Creamy,Low,Rice,Snack,1.0,1.0,1.0,1.0,1.0,0.0,0.8333333333333334,18.0,12.0,16.0,9.0,71.0,1.7951388888888888,4,5,1
I01644,U045,F060,2026-02-21T12:59:00,Mexican,Chicken,Spicy,Medium,Rice,Breakfast,0.0,1.0,0.0,1.0,1.0,1.0,0.6666666666666666,19.0,12.0,16.0,9.0,73.0,0.013888888888888888,12,5,1
I00523,U045,F086,2026-02-23T23:23:00,Indian,Fish,Spicy,High,Pasta,Lunch,1.0,1.0,0.0,1.0,1.0,0.0,0.6666666666666666,19.0,12.0,17.0,9.0,75.0,0.7819444444444444,23,0,1
I03266,U045,F006,2026-02-24T09:10:00,Pakistani,Beef,Sour,Medium,Bread,Lunch,1.0,1.0,0.0,1.0,0.0,0.0,0.5,20.0,12.0,17.0,9.0,76.0,0.4076388888888889,9,1,1
I04276,U045,F044,2026-02-26T11:02:00,Pakistani,Fish,Creamy,Low,Rice,Breakfast,1.0,1.0,1.0,1.0,1.0,1.0,1.0,20.0,12.0,17.0,9.0,78.0,1.2534722222222223,11,3,1
I00788,U045,F070,2026-02-27T00:51:00,Chinese,Beef,Spicy,Medium,Rice,Lunch,0.0,1.0,0.0,1.0,1.0,0.0,0.5,21.0,12.0,17.0,9.0,79.0,0.5756944444444444,0,4,1
I03240,U045,F009,2026-02-27T18:51:00,Thai,Chicken,Sour,Low,Curry,Dinner,0.0,1.0,0.0,1.0,0.0,1.0,0.5,22.0,12.0,17.0,9.0,80.0,0.75,18,4,1
I02009,U045,F025,2026-02-28T11:17:00,Mexican,Mutton,Savory,Medium,Pasta,Lunch,0.0,0.0,1.0,1.0,1.0,0.0,0.5,22.0,12.0,18.0,9.0,81.0,0.6847222222222222,11,5,1
I01563,U045,F032,2026-03-02T03:31:00,Italian,Vegetarian,Creamy,Medium,Noodles,Lunch,1.0,0.0,1.0,1.0,1.0,0.0,0.6666666666666666,23.0,12.0,18.0,9.0,82.0,1.676388888888889,3,0,0
I01038,U045,F098,2026-03-03T14:43:00,Mexican,Mutton,Spicy,Medium,Bread,Dinner,0.0,0.0,0.0,1.0,0.0,1.0,0.3333333333333333,23.0,12.0,18.0,10.0,83.0,1.4666666666666666,14,1,0
I01822,U045,F027,2026-03-05T04:39:00,Mexican,Mutton,Creamy,High,Noodles,Lunch,0.0,0.0,1.0,1.0,1.0,0.0,0.5,23.0,13.0,18.0,10.0,84.0,1.5805555555555555,4,3,0
I01988,U045,F069,2026-03-05T13:26:00,Mexican,Chicken,Sweet,High,Pasta,Lunch,0.0,1.0,1.0,1.0,1.0,0.0,0.6666666666666666,23.0,13.0,18.0,11.0,85.0,0.3659722222222222,13,3,1
I04084,U045,F022,2026-03-08T10:30:00,Pakistani,Beef,Spicy,High,Pasta,Breakfast,1.0,1.0,0.0,1.0,1.0,1.0,0.8333333333333334,24.0,13.0,18.0,11.0,86.0,2.8777777777777778,10,6,1
I03955,U045,F004,2026-03-08T13:25:00,Chinese,Vegetarian,Creamy,Low,Curry,Lunch,0.0,0.0,1.0,1.0,0.0,0.0,0.3333333333333333,25.0,13.0,18.0,11.0,87.0,0.12152777777777778,13,6,0
I04049,U045,F006,2026-03-09T04:54:00,Pakistani,Beef,Sour,Medium,Bread,Lunch,1.0,1.0,0.0,1.0,0.0,0.0,0.5,25.0,13.0,18.0,12.0,88.0,0.6451388888888889,4,0,1
I01931,U045,F022,2026-03-09T13:14:00,Pakistani,Beef,Spicy,High,Pasta,Breakfast,1.0,1.0,0.0,1.0,1.0,1.0,0.8333333333333334,26.0,13.0,18.0,12.0,89.0,0.3472222222222222,13,0,0
I03490,U017,F022,2026-01-02T02:25:00,Pakistani,Beef,Spicy,High,Pasta,Breakfast,0.0,0.0,1.0,1.0,0.0,0.0,0.3333333333333333,0.0,0.0,0.0,0.0,0.0,-1.0,2,4,0
I01789,U017,F085,2026-01-02T12:02:00,Indian,Vegetarian,Creamy,High,Bread,Snack,1.0,1.0,0.0,1.0,0.0,0.0,0.5,0.0,1.0,0.0,0.0,1.0,0.40069444444444446,12,4,1
I02256,U017,F009,2026-01-04T18:32:00,Thai,Chicken,Sour,Low,Curry,Dinner,1.0,0.0,0.0,1.0,0.0,1.0,0.5,1.0,1.0,0.0,0.0,3.0,1.9277777777777778,18,6,0
I00904,U017,F025,2026-01-08T20:16:00,Mexican,Mutton,Savory,Medium,Pasta,Lunch,0.0,0.0,0.0,0.0,0.0,1.0,0.16666666666666666,1.0,1.0,0.0,1.0,6.0,1.6340277777777779,20,3,1
I00710,U017,F007,2026-01-10T00:26:00,Chinese,Mutton,Savory,Low,Pasta,Breakfast,1.0,0.0,0.0,1.0,0.0,0.0,0.3333333333333333,1.0,1.0,1.0,1.0,8.0,0.08680555555555555,0,5,0
I03538,U017,F090,2026-01-11T02:28:00,Indian,Fish,Creamy,Low,Pasta,Snack,1.0,0.0,0.0,1.0,0.0,0.0,0.3333333333333333,1.0,1.0,1.0,2.0,9.0,1.0847222222222221,2,6,1
I02769,U017,F083,2026-01-15T13:50:00,Indian,Fish,Spicy,High,Curry,Dinner,1.0,0.0,1.0,1.0,0.0,1.0,0.6666666666666666,2.0,1.0,1.0,2.0,11.0,3.678472222222222,13,3,1
I03578,U017,F089,2026-01-15T16:51:00,Pakistani,Chicken,Spicy,Medium,Curry,Breakfast,0.0,0.0,1.0,0.0,0.0,0.0,0.16666666666666666,3.0,1.0,1.0,2.0,12.0,0.12569444444444444,16,3,0
I03860,U017,F055,2026-01-17T19:10:00,Chinese,Mutton,Sour,Medium,Rice,Breakfast,1.0,0.0,0.0,0.0,0.0,0.0,0.16666666666666666,3.0,1.0,1.0,3.0,14.0,1.2680555555555555,19,5,0
I00671,U017,F020,2026-01-18T11:44:00,Mexican,Vegetarian,Sour,High,Pasta,Dinner,0.0,1.0,0.0,1.0,0.0,1.0,0.5,3.0,2.0,1.0,3.0,15.0,0.6902777777777778,11,6,1
I04683,U017,F005,2026-01-20T15:47:00,Mexican,Vegetarian,Sour,Low,Pasta,Dinner,0.0,1.0,0.0,1.0,0.0,1.0,0.5,4.0,2.0,1.0,3.0,16.0,2.16875,15,1,1
I02440,U017,F019,2026-01-25T23:53:00,Italian,Beef,Spicy,High,Curry,Dinner,0.0,0.0,1.0,1.0,0.0,1.0,0.5,4.0,2.0,1.0,3.0,20.0,1.1756944444444444,23,6,0
I02370,U017,F014,2026-01-26T02:57:00,Thai,Beef,Creamy,High,Noodles,Lunch,1.0,0.0,0.0,1.0,1.0,1.0,0.6666666666666666,4.0,2.0,1.0,4.0,21.0,0.12777777777777777,2,0,0
I00911,U017,F023,2026-01-26T20:49:00,Indian,Fish,Creamy,Medium,Curry,Dinner,1.0,0.0,0.0,0.0,0.0,1.0,0.3333333333333333,4.0,3.0,1.0,4.0,22.0,0.7444444444444445,20,0,0
I03728,U017,F043,2026-01-27T14:31:00,Chinese,Fish,Spicy,Medium,Pasta,Lunch,1.0,0.0,1.0,0.0,0.0,1.0,0.5,4.0,3.0,1.0,5.0,23.0,0.7375,14,1,0
I03995,U017,F070,2026-01-29T05:55:00,Chinese,Beef,Spicy,Medium,Rice,Lunch,1.0,0.0,1.0,0.0,0.0,1.0,0.5,4.0,3.0,1.0,6.0,24.0,1.6416666666666666,5,3,0
I02677,U017,F014,2026-01-29T08:29:00,Thai,Beef,Creamy,High,Noodles,Lunch,1.0,0.0,0.0,1.0,1.0,1.0,0.6666666666666666,4.0,4.0,1.0,6.0,25.0,0.10694444444444444,8,3,0
I03853,U017,F089,2026-01-30T12:14:00,Pakistani,Chicken,Spicy,Medium,Curry,Breakfast,0.0,0.0,1.0,0.0,0.0,0.0,0.16666666666666666,4.0,4.0,1.0,7.0,26.0,1.15625,12,4,0
I04676,U017,F082,2026-02-04T08:15:00,Italian,Fish,Sweet,High,Noodles,Lunch,0.0,0.0,0.0,1.0,1.0,1.0,0.5,4.0,5.0,1.0,7.0,27.0,4.834027777777778,8,2,1
I04397,U017,F053,2026-02-07T00:50:00,Thai,Chicken,Sour,High,Curry,Dinner,1.0,0.0,0.0,1.0,0.0,1.0,0.5,5.0,5.0,1.0,7.0,30.0,0.7527777777777778,0,5,0
I02978,U017,F065,2026-02-08T20:40:00,Mexican,Fish,Creamy,High,Pasta,Breakfast,0.0,0.0,0.0,1.0,0.0,0.0,0.16666666666666666,5.0,5.0,1.0,8.0,31.0,1.8263888888888888,20,6,0
I03174,U017,F042,2026-02-12T23:54:00,Pakistani,Beef,Spicy,Low,Curry,Snack,0.0,0.0,1.0,1.0,0.0,0.0,0.3333333333333333,5.0,5.0,1.0,9.0,34.0,3.548611111111111,23,3,0
I03410,U017,F028,2026-02-13T22:20:00,Italian,Beef,Creamy,High,Rice,Dinner,0.0,0.0,0.0,1.0,0.0,1.0,0.3333333333333333,5.0,6.0,1.0,9.0,35.0,0.9347222222222222,22,4,0
I04751,U017,F099,2026-02-14T07:31:00,Thai,Chicken,Spicy,Low,Noodles,Snack,1.0,0.0,1.0,1.0,1.0,0.0,0.6666666666666666,5.0,6.0,1.0,10.0,36.0,0.38263888888888886,7,5,1
I03883,U017,F078,2026-02-15T08:45:00,Indian,Vegetarian,Creamy,Low,Pasta,Lunch,1.0,1.0,0.0,1.0,0.0,1.0,0.6666666666666666,6.0,6.0,1.0,10.0,38.0,1.0222222222222221,8,6,0
I03509,U017,F043,2026-02-15T10:44:00,Chinese,Fish,Spicy,Medium,Pasta,Lunch,1.0,0.0,1.0,0.0,0.0,1.0,0.5,6.0,7.0,1.0,10.0,39.0,0.08263888888888889,10,6,1
I01508,U017,F097,2026-02-16T18:34:00,Thai,Fish,Spicy,Medium,Pasta,Breakfast,1.0,0.0,1.0,0.0,0.0,0.0,0.3333333333333333,7.0,7.0,1.0,10.0,41.0,1.0055555555555555,18,0,1
I04078,U017,F036,2026-02-18T02:48:00,Pakistani,Chicken,Savory,Low,Rice,Breakfast,0.0,0.0,0.0,1.0,0.0,0.0,0.16666666666666666,7.0,7.0,1.0,10.0,42.0,1.3430555555555554,2,2,0
I04080,U017,F054,2026-02-19T07:58:00,Italian,Beef,Sweet,Low,Bread,Snack,0.0,0.0,0.0,1.0,0.0,0.0,0.16666666666666666,7.0,8.0,1.0,10.0,43.0,1.2152777777777777,7,3,0
I00664,U017,F080,2026-02-19T10:33:00,Italian,Fish,Savory,High,Bread,Dinner,0.0,0.0,0.0,1.0,0.0,1.0,0.3333333333333333,7.0,9.0,1.0,10.0,44.0,0.1076388888888889,10,3,1
I00613,U017,F029,2026-02-19T13:40:00,Indian,Chicken,Savory,Medium,Bread,Lunch,1.0,0.0,0.0,0.0,0.0,1.0,0.3333333333333333,7.0,9.0,2.0,10.0,45.0,0.12986111111111112,13,3,0
I04456,U017,F023,2026-02-21T01:08:00,Indian,Fish,Creamy,Medium,Curry,Dinner,1.0,0.0,0.0,0.0,0.0,1.0,0.3333333333333333,7.0,9.0,2.0,11.0,47.0,0.3590277777777778,1,5,0
I03948,U017,F099,2026-02-21T05:02:00,Thai,Chicken,Spicy,Low,Noodles,Snack,1.0,0.0,1.0,1.0,1.0,0.0,0.6666666666666666,7.0,10.0,2.0,11.0,48.0,0.1625,5,5,0
I02750,U017,F049,2026-02-22T02:32:00,Mexican,Mutton,Savory,Low,Curry,Snack,0.0,0.0,0.0,1.0,0.0,0.0,0.16666666666666666,7.0,10.0,2.0,12.0,49.0,0.8958333333333334,2,6,0
I00193,U017,F071,2026-02-23T10:04:00,Mexican,Mutton,Sour,High,Noodles,Dinner,0.0,0.0,0.0,1.0,1.0,1.0,0.5,7.0,11.0,2.0,12.0,50.0,1.3138888888888889,10,0,0
I04747,U017,F091,2026-02-24T03:01:00,Indian,Beef,Spicy,High,Rice,Breakfast,1.0,0.0,1.0,1.0,0.0,0.0,0.5,7.0,11.0,2.0,13.0,51.0,0.70625,3,1,1
I01229,U017,F031,2026-02-24T17:14:00,Pakistani,Vegetarian,Spicy,Low,Pasta,Lunch,0.0,1.0,1.0,1.0,0.0,1.0,0.6666666666666666,8.0,11.0,2.0,13.0,52.0,0.5923611111111111,17,1,0
I01296,U017,F088,2026-02-24T21:52:00,Pakistani,Beef,Sweet,Low,Noodles,Lunch,0.0,0.0,0.0,1.0,1.0,1.0,0.5,8.0,12.0,2.0,13.0,53.0,0.19305555555555556,21,1,0
I03469,U017,F100,2026-02-26T08:57:00,Mexican,Beef,Spicy,Low,Pasta,Snack,0.0,0.0,1.0,1.0,0.0,0.0,0.3333333333333333,8.0,12.0,2.0,14.0,55.0,0.6715277777777777,8,3,0
I04324,U017,F009,2026-03-02T10:06:00,Thai,Chicken,Sour,Low,Curry,Dinner,1.0,0.0,0.0,1.0,0.0,1.0,0.5,8.0,13.0,2.0,14.0,57.0,1.2333333333333334,10,0,0
I01175,U017,F046,2026-03-06T00:33:00,Chinese,Fish,Savory,Low,Pasta,Breakfast,1.0,0.0,0.0,1.0,0.0,0.0,0.3333333333333333,8.0,13.0,2.0,15.0,58.0,3.6020833333333333,0,4,1
I01203,U017,F046,2026-03-06T01:05:00,Chinese,Fish,Savory,Low,Pasta,Breakfast,1.0,0.0,0.0,1.0,0.0,0.0,0.3333333333333333,9.0,13.0,2.0,15.0,59.0,0.022222222222222223,1,4,0
I04776,U017,F035,2026-03-08T15:15:00,Italian,Chicken,Creamy,High,Noodles,Lunch,0.0,0.0,0.0,1.0,1.0,1.0,0.5,9.0,14.0,2.0,15.0,60.0,2.5902777777777777,15,6,0
I03898,U004,F011,2026-01-02T07:09:00,Pakistani,Beef,Sweet,Low,Noodles,Breakfast,0.0,0.0,1.0,0.0,0.0,0.0,0.16666666666666666,0.0,0.0,0.0,0.0,1.0,0.5020833333333333,7,4,1
I01889,U004,F036,2026-01-03T13:03:00,Pakistani,Chicken,Savory,Low,Rice,Breakfast,0.0,0.0,0.0,0.0,1.0,0.0,0.16666666666666666,1.0,0.0,0.0,0.0,2.0,1.2458333333333333,13,5,0
I01717,U004,F036,2026-01-03T21:47:00,Pakistani,Chicken,Savory,Low,Rice,Breakfast,0.0,0.0,0.0,0.0,1.0,0.0,0.16666666666666666,1.0,1.0,0.0,0.0,3.0,0.3638888888888889,21,5,1
I00976,U004,F015,2026-01-06T12:28:00,Indian,Fish,Sweet,High,Curry,Lunch,1.0,0.0,1.0,1.0,0.0,1.0,0.6666666666666666,2.0,1.0,0.0,0.0,4.0,2.6118055555555557,12,1,1
I04447,U004,F090,2026-01-07T02:02:00,Indian,Fish,Creamy,Low,Pasta,Snack,1.0,0.0,0.0,0.0,0.0,0.0,0.16666666666666666,2.0,1.0,1.0,0.0,5.0,0.5652777777777778,2,2,0
I04524,U004,F027,2026-01-08T23:44:00,Mexican,Mutton,Creamy,High,Noodles,Lunch,0.0,0.0,0.0,1.0,0.0,1.0,0.3333333333333333,2.0,2.0,1.0,0.0,7.0,1.7506944444444446,23,3,1
I01040,U004,F061,2026-01-09T10:17:00,Mexican,Vegetarian,Spicy,Medium,Bread,Lunch,0.0,1.0,0.0,0.0,0.0,1.0,0.3333333333333333,3.0,2.0,1.0,0.0,8.0,0.4395833333333333,10,4,1
I04044,U004,F075,2026-01-09T16:17:00,Italian,Mutton,Creamy,Medium,Curry,Dinner,0.0,0.0,0.0,0.0,0.0,0.0,0.0,4.0,2.0,1.0,0.0,9.0,0.25,16,4,0
I01847,U004,F079,2026-01-10T15:04:00,Italian,Chicken,Sour,Low,Curry,Lunch,0.0,0.0,0.0,0.0,0.0,1.0,0.16666666666666666,4.0,3.0,1.0,0.0,10.0,0.9493055555555555,15,5,0
I02325,U004,F092,2026-01-10T20:57:00,Indian,Beef,Spicy,High,Curry,Snack,1.0,0.0,0.0,1.0,0.0,0.0,0.3333333333333333,4.0,4.0,1.0,0.0,12.0,0.2013888888888889,20,5,0
I00663,U004,F004,2026-01-11T03:32:00,Chinese,Vegetarian,Creamy,Low,Curry,Lunch,0.0,1.0,0.0,0.0,0.0,1.0,0.3333333333333333,4.0,4.0,1.0,1.0,13.0,0.2743055555555556,3,6,0
I04256,U004,F041,2026-01-11T21:56:00,Mexican,Chicken,Savory,Low,Pasta,Dinner,0.0,0.0,0.0,0.0,0.0,0.0,0.0,4.0,4.0,1.0,2.0,14.0,0.7666666666666667,21,6,0
I00134,U004,F013,2026-01-13T23:15:00,Italian,Mutton,Spicy,High,Bread,Breakfast,0.0,0.0,0.0,1.0,0.0,0.0,0.16666666666666666,4.0,5.0,1.0,2.0,15.0,2.0548611111111112,23,1,0
I00841,U004,F017,2026-01-14T13:05:00,Indian,Mutton,Savory,Low,Curry,Dinner,1.0,0.0,0.0,0.0,0.0,0.0,0.16666666666666666,4.0,5.0,1.0,3.0,16.0,0.5763888888888888,13,2,1
I03124,U004,F058,2026-01-16T08:36:00,Italian,Mutton,Spicy,Medium,Curry,Dinner,0.0,0.0,0.0,0.0,0.0,0.0,0.0,4.0,5.0,1.0,3.0,17.0,1.8131944444444446,8,4,0
I00464,U004,F089,2026-01-16T18:40:00,Pakistani,Chicken,Spicy,Medium,Curry,Breakfast,0.0,0.0,0.0,0.0,0.0,0.0,0.0,4.0,5.0,1.0,4.0,18.0,0.41944444444444445,18,4,0
I02047,U004,F049,2026-01-18T19:17:00,Mexican,Mutton,Savory,Low,Curry,Snack,0.0,0.0,0.0,0.0,0.0,0.0,0.0,4.0,5.0,1.0,5.0,20.0,0.29583333333333334,19,6,0
I02640,U004,F051,2026-01-20T04:30:00,Chinese,Chicken,Creamy,Low,Noodles,Snack,0.0,0.0,0.0,0.0,0.0,0.0,0.0,4.0,6.0,1.0,5.0,21.0,1.3840277777777779,4,1,0
I02269,U004,F097,2026-01-21T08:16:00,Thai,Fish,Spicy,Medium,Pasta,Breakfast,0.0,0.0,0.0,0.0,0.0,0.0,0.0,4.0,7.0,1.0,5.0,22.0,1.1569444444444446,8,2,0
I01149,U004,F030,2026-01-21T15:56:00,Pakistani,Beef,Creamy,Low,Rice,Snack,0.0,0.0,0.0,0.0,1.0,0.0,0.16666666666666666,4.0,8.0,1.0,5.0,23.0,0.3194444444444444,15,2,1
I02400,U004,F026,2026-01-21T22:30:00,Indian,Chicken,Sweet,High,Noodles,Breakfast,1.0,0.0,1.0,1.0,0.0,0.0,0.5,4.0,8.0,2.0,5.0,24.0,0.27361111111111114,22,2,1
I00385,U004,F050,2026-01-22T14:07:00,Thai,Vegetarian,Spicy,Low,Curry,Breakfast,0.0,1.0,0.0,0.0,0.0,0.0,0.16666666666666666,4.0,8.0,3.0,5.0,25.0,0.6506944444444445,14,3,0
I00319,U004,F040,2026-01-23T04:04:00,Mexican,Fish,Sweet,Medium,Pasta,Snack,0.0,0.0,1.0,0.0,0.0,0.0,0.16666666666666666,4.0,8.0,3.0,6.0,26.0,0.58125,4,4,0
I02439,U004,F057,2026-01-23T06:44:00,Thai,Mutton,Spicy,Medium,Rice,Lunch,0.0,0.0,0.0,0.0,1.0,1.0,0.3333333333333333,4.0,8.0,3.0,7.0,27.0,0.1111111111111111,6,4,1
I04215,U004,F044,2026-01-24T22:27:00,Pakistani,Fish,Creamy,Low,Rice,Breakfast,0.0,0.0,0.0,0.0,1.0,0.0,0.16666666666666666,5.0,8.0,3.0,7.0,28.0,1.6548611111111111,22,5,1
I00268,U004,F046,2026-01-25T13:06:00,Chinese,Fish,Savory,Low,Pasta,Breakfast,0.0,0.0,0.0,0.0,0.0,0.0,0.0,6.0,8.0,3.0,7.0,29.0,0.6104166666666667,13,6,0
I00360,U004,F012,2026-01-26T21:56:00,Indian,Mutton,Sour,High,Bread,Lunch,1.0,0.0,0.0,1.0,0.0,1.0,0.5,6.0,8.0,3.0,8.0,30.0,1.3680555555555556,21,0,1
I00650,U004,F051,2026-01-28T08:40:00,Chinese,Chicken,Creamy,Low,Noodles,Snack,0.0,0.0,0.0,0.0,0.0,0.0,0.0,7.0,8.0,3.0,8.0,32.0,1.36875,8,2,1
I04170,U004,F067,2026-01-30T01:03:00,Thai,Vegetarian,Spicy,Medium,Noodles,Breakfast,0.0,1.0,0.0,0.0,0.0,0.0,0.16666666666666666,8.0,8.0,3.0,8.0,33.0,1.6826388888888888,1,4,1
I00295,U004,F051,2026-01-30T14:39:00,Chinese,Chicken,Creamy,Low,Noodles,Snack,0.0,0.0,0.0,0.0,0.0,0.0,0.0,9.0,8.0,3.0,8.0,34.0,0.5666666666666667,14,4,0
I03831,U004,F003,2026-02-01T09:57:00,Thai,Fish,Savory,Low,Rice,Lunch,0.0,0.0,0.0,0.0,1.0,1.0,0.3333333333333333,9.0,8.0,3.0,9.0,35.0,1.8041666666666667,9,6,1
I04046,U004,F095,2026-02-01T12:39:00,Thai,Vegetarian,Sour,High,Pasta,Lunch,0.0,1.0,0.0,1.0,0.0,1.0,0.5,9.0,8.0,4.0,9.0,36.0,0.1125,12,6,0
I02609,U004,F002,2026-02-06T14:40:00,Chinese,Beef,Savory,High,Curry,Breakfast,0.0,0.0,0.0,1.0,0.0,0.0,0.16666666666666666,9.0,8.0,4.0,10.0,40.0,1.2534722222222223,14,4,1
I00342,U004,F056,2026-02-07T08:54:00,Indian,Vegetarian,Creamy,Low,Rice,Lunch,1.0,1.0,0.0,0.0,1.0,1.0,0.6666666666666666,9.0,8.0,4.0,10.0,41.0,0.7597222222222222,8,5,0
I01878,U004,F017,2026-02-10T11:56:00,Indian,Mutton,Savory,Low,Curry,Dinner,1.0,0.0,0.0,0.0,0.0,0.0,0.16666666666666666,9.0,9.0,4.0,10.0,43.0,2.9854166666666666,11,1,0
I04392,U004,F026,2026-02-11T21:25:00,Indian,Chicken,Sweet,High,Noodles,Breakfast,1.0,0.0,1.0,1.0,0.0,0.0,0.5,9.0,10.0,4.0,10.0,44.0,1.395138888888889,21,2,1
I04536,U004,F010,2026-02-12T07:26:00,Mexican,Vegetarian,Sweet,High,Noodles,Breakfast,0.0,1.0,1.0,1.0,0.0,0.0,0.5,9.0,10.0,4.0,10.0,45.0,0.4173611111111111,7,3,0
I04999,U004,F086,2026-02-14T07:32:00,Indian,Fish,Spicy,High,Pasta,Lunch,1.0,0.0,0.0,1.0,0.0,1.0,0.5,9.0,11.0,4.0,10.0,46.0,2.004166666666667,7,5,1
I04030,U004,F067,2026-02-15T17:59:00,Thai,Vegetarian,Spicy,Medium,Noodles,Breakfast,0.0,1.0,0.0,0.0,0.0,0.0,0.16666666666666666,10.0,11.0,4.0,10.0,47.0,1.4354166666666666,17,6,0
I00422,U004,F032,2026-02-16T06:47:00,Italian,Vegetarian,Creamy,Medium,Noodles,Lunch,0.0,1.0,0.0,0.0,0.0,1.0,0.3333333333333333,10.0,11.0,4.0,11.0,49.0,0.21597222222222223,6,0,1
I02221,U004,F058,2026-02-18T20:08:00,Italian,Mutton,Spicy,Medium,Curry,Dinner,0.0,0.0,0.0,0.0,0.0,0.0,0.0,11.0,11.0,4.0,11.0,50.0,2.55625,20,2,0
I00754,U004,F060,2026-02-19T22:32:00,Mexican,Chicken,Spicy,Medium,Rice,Breakfast,0.0,0.0,0.0,0.0,1.0,0.0,0.16666666666666666,11.0,12.0,4.0,11.0,51.0,1.1,22,3,0
I00150,U004,F086,2026-02-21T23:25:00,Indian,Fish,Spicy,High,Pasta,Lunch,1.0,0.0,0.0,1.0,0.0,1.0,0.5,11.0,13.0,4.0,11.0,52.0,2.0368055555555555,23,5,1
I01369,U004,F048,2026-02-22T13:20:00,Chinese,Beef,Sweet,Low,Rice,Breakfast,0.0,0.0,1.0,0.0,1.0,0.0,0.3333333333333333,12.0,13.0,4.0,11.0,53.0,0.5798611111111112,13,6,0
I04620,U004,F045,2026-02-23T02:17:00,Pakistani,Beef,Spicy,Medium,Pasta,Snack,0.0,0.0,0.0,0.0,0.0,0.0,0.0,12.0,14.0,4.0,11.0,54.0,0.5395833333333333,2,0,0
I04321,U004,F050,2026-02-23T18:07:00,Thai,Vegetarian,Spicy,Low,Curry,Breakfast,0.0,1.0,0.0,0.0,0.0,0.0,0.16666666666666666,12.0,14.0,4.0,12.0,55.0,0.6597222222222222,18,0,0
I01290,U024,F005,2026-01-01T06:41:00,Mexican,Vegetarian,Sour,Low,Pasta,Dinner,1.0,0.0,1.0,1.0,1.0,1.0,0.8333333333333334,0.0,0.0,0.0,0.0,1.0,0.16875,6,3,1
I01752,U024,F080,2026-01-02T04:44:00,Italian,Fish,Savory,High,Bread,Dinner,0.0,1.0,1.0,1.0,1.0,1.0,0.8333333333333334,0.0,0.0,0.0,0.0,3.0,0.7493055555555556,4,4,1
I01914,U024,F061,2026-01-04T05:28:00,Mexican,Vegetarian,Spicy,Medium,Bread,Lunch,1.0,0.0,1.0,1.0,1.0,1.0,0.8333333333333334,1.0,0.0,0.0,0.0,4.0,2.0305555555555554,5,6,0
I03222,U024,F097,2026-01-05T23:04:00,Thai,Fish,Spicy,Medium,Pasta,Breakfast,0.0,1.0,1.0,1.0,1.0,1.0,0.8333333333333334,1.0,1.0,0.0,0.0,5.0,1.7333333333333334,23,0,0
I03448,U024,F042,2026-01-06T01:14:00,Pakistani,Beef,Spicy,Low,Curry,Snack,0.0,0.0,1.0,1.0,0.0,0.0,0.3333333333333333,1.0,2.0,0.0,0.0,6.0,0.09027777777777778,1,1,0
I02374,U024,F057,2026-01-06T22:37:00,Thai,Mutton,Spicy,Medium,Rice,Lunch,0.0,0.0,1.0,1.0,0.0,1.0,0.5,1.0,2.0,0.0,1.0,7.0,0.8909722222222223,22,1,0
I04855,U024,F026,2026-01-07T00:21:00,Indian,Chicken,Sweet,High,Noodles,Breakfast,1.0,0.0,0.0,1.0,0.0,1.0,0.5,1.0,2.0,0.0,2.0,8.0,0.07222222222222222,0,2,1
I03062,U024,F051,2026-01-07T18:42:00,Chinese,Chicken,Creamy,Low,Noodles,Snack,0.0,0.0,0.0,1.0,0.0,0.0,0.16666666666666666,2.0,2.0,0.0,2.0,9.0,0.7645833333333333,18,2,0
I03338,U024,F083,2026-01-09T01:38:00,Indian,Fish,Spicy,High,Curry,Dinner,1.0,1.0,1.0,1.0,0.0,1.0,0.8333333333333334,2.0,2.0,0.0,3.0,10.0,1.288888888888889,1,4,1
I00311,U024,F070,2026-01-10T00:34:00,Chinese,Beef,Spicy,Medium,Rice,Lunch,0.0,0.0,1.0,1.0,0.0,1.0,0.5,3.0,2.0,0.0,3.0,11.0,0.9555555555555556,0,5,0
I01633,U024,F007,2026-01-10T16:16:00,Chinese,Mutton,Savory,Low,Pasta,Breakfast,0.0,0.0,1.0,1.0,1.0,1.0,0.6666666666666666,3.0,2.0,0.0,4.0,12.0,0.6541666666666667,16,5,0
I02013,U024,F080,2026-01-10T20:13:00,Italian,Fish,Savory,High,Bread,Dinner,0.0,1.0,1.0,1.0,1.0,1.0,0.8333333333333334,3.0,2.0,0.0,5.0,13.0,0.16458333333333333,20,5,1
I03604,U024,F096,2026-01-15T12:42:00,Mexican,Fish,Sour,Medium,Noodles,Dinner,1.0,1.0,1.0,1.0,0.0,1.0,0.8333333333333334,3.0,2.0,0.0,5.0,15.0,3.997916666666667,12,3,1
I01244,U024,F016,2026-01-16T12:36:00,Mexican,Mutton,Savory,Low,Rice,Dinner,1.0,0.0,1.0,1.0,0.0,1.0,0.6666666666666666,3.0,2.0,1.0,5.0,16.0,0.9958333333333333,12,4,1
I03220,U024,F034,2026-01-17T04:12:00,Thai,Fish,Savory,Low,Noodles,Breakfast,0.0,1.0,1.0,1.0,0.0,1.0,0.6666666666666666,4.0,2.0,1.0,5.0,17.0,0.65,4,5,0
I01246,U024,F039,2026-01-19T04:51:00,Chinese,Fish,Sour,Low,Rice,Breakfast,0.0,1.0,1.0,1.0,0.0,1.0,0.6666666666666666,4.0,3.0,1.0,5.0,19.0,1.301388888888889,4,0,1
I03808,U024,F019,2026-01-19T11:41:00,Italian,Beef,Spicy,High,Curry,Dinner,0.0,0.0,1.0,1.0,0.0,1.0,0.5,5.0,3.0,1.0,5.0,20.0,0.2847222222222222,11,0,1
I01630,U024,F100,2026-01-19T18:49:00,Mexican,Beef,Spicy,Low,Pasta,Snack,1.0,0.0,1.0,1.0,1.0,0.0,0.6666666666666666,6.0,3.0,1.0,5.0,21.0,0.2972222222222222,18,0,0
I04264,U024,F056,2026-01-19T23:33:00,Indian,Vegetarian,Creamy,Low,Rice,Lunch,1.0,0.0,0.0,1.0,0.0,1.0,0.5,6.0,4.0,1.0,5.0,22.0,0.19722222222222222,23,0,1
I00152,U024,F079,2026-01-20T15:31:00,Italian,Chicken,Sour,Low,Curry,Lunch,0.0,0.0,1.0,1.0,0.0,1.0,0.5,7.0,4.0,1.0,5.0,23.0,0.6652777777777777,15,1,1
I02630,U024,F007,2026-01-21T03:09:00,Chinese,Mutton,Savory,Low,Pasta,Breakfast,0.0,0.0,1.0,1.0,1.0,1.0,0.6666666666666666,7.0,4.0,1.0,5.0,24.0,0.4847222222222222,3,2,0
I04233,U024,F018,2026-01-21T23:30:00,Chinese,Fish,Sour,High,Pasta,Lunch,0.0,1.0,1.0,1.0,1.0,1.0,0.8333333333333334,7.0,5.0,1.0,5.0,25.0,0.8479166666666667,23,2,1
I03484,U024,F041,2026-01-23T21:22:00,Mexican,Chicken,Savory,Low,Pasta,Dinner,1.0,0.0,1.0,1.0,1.0,1.0,0.8333333333333334,8.0,5.0,1.0,5.0,26.0,1.9111111111111112,21,4,1
I01445,U024,F024,2026-01-24T17:09:00,Thai,Chicken,Savory,High,Curry,Dinner,0.0,0.0,1.0,1.0,0.0,1.0,0.5,9.0,5.0,1.0,5.0,27.0,0.8243055555555555,17,5,0
I04009,U024,F036,2026-01-24T20:19:00,Pakistani,Chicken,Savory,Low,Rice,Breakfast,0.0,0.0,1.0,1.0,0.0,1.0,0.5,9.0,6.0,1.0,5.0,28.0,0.13194444444444445,20,5,1
I04840,U024,F099,2026-01-24T20:41:00,Thai,Chicken,Spicy,Low,Noodles,Snack,0.0,0.0,1.0,1.0,0.0,0.0,0.3333333333333333,9.0,6.0,1.0,5.0,29.0,0.015277777777777777,20,5,0
I03114,U024,F068,2026-01-26T13:40:00,Italian,Mutton,Savory,Medium,Noodles,Lunch,0.0,0.0,1.0,1.0,0.0,1.0,0.5,9.0,7.0,1.0,5.0,30.0,1.707638888888889,13,0,0
I02234,U024,F015,2026-01-27T10:26:00,Indian,Fish,Sweet,High,Curry,Lunch,1.0,1.0,0.0,1.0,0.0,1.0,0.6666666666666666,9.0,7.0,1.0,6.0,32.0,0.80625,10,1,0
I03869,U024,F064,2026-01-27T10:33:00,Pakistani,Chicken,Sweet,Low,Bread,Lunch,0.0,0.0,0.0,1.0,1.0,1.0,0.5,9.0,8.0,1.0,6.0,33.0,0.004861111111111111,10,1,0
I01989,U024,F098,2026-01-29T19:43:00,Mexican,Mutton,Spicy,Medium,Bread,Dinner,1.0,0.0,1.0,1.0,1.0,1.0,0.8333333333333334,9.0,8.0,1.0,7.0,34.0,2.3819444444444446,19,3,1
I03750,U024,F082,2026-02-01T02:56:00,Italian,Fish,Sweet,High,Noodles,Lunch,0.0,1.0,0.0,1.0,0.0,1.0,0.5,10.0,8.0,1.0,7.0,36.0,0.4222222222222222,2,6,0
I04799,U024,F068,2026-02-01T05:25:00,Italian,Mutton,Savory,Medium,Noodles,Lunch,0.0,0.0,1.0,1.0,0.0,1.0,0.5,10.0,8.0,1.0,8.0,38.0,0.017361111111111112,5,6,1
I03104,U024,F037,2026-02-01T08:34:00,Italian,Chicken,Creamy,Low,Bread,Snack,0.0,0.0,0.0,1.0,1.0,0.0,0.3333333333333333,10.0,8.0,1.0,8.0,39.0,0.13125,8,6,0
I00604,U024,F014,2026-02-02T08:55:00,Thai,Beef,Creamy,High,Noodles,Lunch,0.0,0.0,0.0,1.0,0.0,1.0,0.3333333333333333,10.0,9.0,1.0,8.0,41.0,0.3013888888888889,8,0,1
I01667,U024,F011,2026-02-03T23:17:00,Pakistani,Beef,Sweet,Low,Noodles,Breakfast,0.0,0.0,0.0,1.0,0.0,1.0,0.3333333333333333,10.0,9.0,2.0,8.0,42.0,1.5986111111111112,23,1,0
I02029,U024,F033,2026-02-04T01:08:00,Mexican,Mutton,Sour,High,Bread,Snack,1.0,0.0,1.0,1.0,1.0,0.0,0.6666666666666666,10.0,9.0,2.0,9.0,43.0,0.07708333333333334,1,2,1
I01912,U024,F088,2026-02-06T04:53:00,Pakistani,Beef,Sweet,Low,Noodles,Lunch,0.0,0.0,0.0,1.0,0.0,1.0,0.3333333333333333,11.0,9.0,2.0,9.0,44.0,2.15625,4,4,0
I02906,U024,F073,2026-02-07T09:45:00,Chinese,Fish,Sweet,Medium,Noodles,Lunch,0.0,1.0,0.0,1.0,0.0,1.0,0.5,11.0,9.0,2.0,10.0,46.0,1.1534722222222222,9,5,0
I03675,U024,F089,2026-02-07T10:20:00,Pakistani,Chicken,Spicy,Medium,Curry,Breakfast,0.0,0.0,1.0,1.0,0.0,1.0,0.5,11.0,10.0,2.0,10.0,47.0,0.024305555555555556,10,5,1
I00607,U024,F072,2026-02-09T19:43:00,Chinese,Chicken,Sour,Low,Pasta,Lunch,0.0,0.0,1.0,1.0,1.0,1.0,0.6666666666666666,12.0,10.0,2.0,10.0,48.0,2.390972222222222,19,0,1
I02028,U024,F068,2026-02-12T03:12:00,Italian,Mutton,Savory,Medium,Noodles,Lunch,0.0,0.0,1.0,1.0,0.0,1.0,0.5,13.0,10.0,2.0,10.0,49.0,2.3118055555555554,3,3,1
I03937,U024,F098,2026-02-13T12:21:00,Mexican,Mutton,Spicy,Medium,Bread,Dinner,1.0,0.0,1.0,1.0,1.0,1.0,0.8333333333333334,13.0,10.0,3.0,10.0,50.0,1.38125,12,4,1
I01924,U024,F011,2026-02-16T22:18:00,Pakistani,Beef,Sweet,Low,Noodles,Breakfast,0.0,0.0,0.0,1.0,0.0,1.0,0.3333333333333333,13.0,10.0,4.0,10.0,53.0,0.9819444444444444,22,0,0
I01340,U024,F064,2026-02-17T17:56:00,Pakistani,Chicken,Sweet,Low,Bread,Lunch,0.0,0.0,0.0,1.0,1.0,1.0,0.5,13.0,10.0,4.0,11.0,54.0,0.8180555555555555,17,1,0
I04196,U024,F032,2026-02-20T01:36:00,Italian,Vegetarian,Creamy,Medium,Noodles,Lunch,0.0,0.0,0.0,1.0,0.0,1.0,0.3333333333333333,13.0,11.0,4.0,11.0,55.0,2.3194444444444446,1,4,0
I03271,U024,F099,2026-02-23T18:42:00,Thai,Chicken,Spicy,Low,Noodles,Snack,0.0,0.0,1.0,1.0,0.0,0.0,0.3333333333333333,13.0,12.0,4.0,11.0,58.0,1.2465277777777777,18,0,0
I04346,U024,F015,2026-02-24T09:07:00,Indian,Fish,Sweet,High,Curry,Lunch,1.0,1.0,0.0,1.0,0.0,1.0,0.6666666666666666,13.0,13.0,4.0,11.0,59.0,0.6006944444444444,9,1,0
I01422,U024,F051,2026-02-24T17:14:00,Chinese,Chicken,Creamy,Low,Noodles,Snack,0.0,0.0,0.0,1.0,0.0,0.0,0.16666666666666666,13.0,14.0,4.0,11.0,60.0,0.33819444444444446,17,1,0
I01581,U024,F058,2026-02-25T02:18:00,Italian,Mutton,Spicy,Medium,Curry,Dinner,0.0,0.0,1.0,1.0,0.0,1.0,0.5,13.0,14.0,4.0,12.0,61.0,0.37777777777777777,2,2,0
I03290,U024,F063,2026-02-25T17:15:00,Italian,Chicken,Savory,High,Pasta,Dinner,0.0,0.0,1.0,1.0,1.0,1.0,0.6666666666666666,13.0,15.0,4.0,12.0,63.0,0.3284722222222222,17,2,0
I01948,U024,F027,2026-02-26T17:46:00,Mexican,Mutton,Creamy,High,Noodles,Lunch,1.0,0.0,0.0,1.0,0.0,1.0,0.5,13.0,16.0,4.0,12.0,65.0,0.18819444444444444,17,3,1
I02464,U024,F073,2026-02-27T12:37:00,Chinese,Fish,Sweet,Medium,Noodles,Lunch,0.0,1.0,0.0,1.0,0.0,1.0,0.5,13.0,16.0,4.0,12.0,66.0,0.7854166666666667,12,4,0
I02993,U024,F035,2026-02-28T20:15:00,Italian,Chicken,Creamy,High,Noodles,Lunch,0.0,0.0,0.0,1.0,0.0,1.0,0.3333333333333333,13.0,17.0,4.0,12.0,68.0,0.7861111111111111,20,5,1
I03368,U024,F046,2026-03-01T15:48:00,Chinese,Fish,Savory,Low,Pasta,Breakfast,0.0,1.0,1.0,1.0,1.0,1.0,0.8333333333333334,13.0,17.0,4.0,12.0,70.0,0.25763888888888886,15,6,1
I04879,U024,F034,2026-03-02T04:50:00,Thai,Fish,Savory,Low,Noodles,Breakfast,0.0,1.0,1.0,1.0,0.0,1.0,0.6666666666666666,14.0,17.0,4.0,12.0,72.0,0.1375,4,0,0
I01458,U024,F058,2026-03-02T17:34:00,Italian,Mutton,Spicy,Medium,Curry,Dinner,0.0,0.0,1.0,1.0,0.0,1.0,0.5,14.0,17.0,4.0,13.0,73.0,0.5305555555555556,17,0,0
I00454,U001,F005,2026-01-02T10:59:00,Mexican,Vegetarian,Sour,Low,Pasta,Dinner,0.0,0.0,1.0,1.0,1.0,0.0,0.5,0.0,0.0,0.0,0.0,0.0,-1.0,10,4,0
I02878,U001,F024,2026-01-04T20:00:00,Thai,Chicken,Savory,High,Curry,Dinner,1.0,1.0,1.0,1.0,0.0,0.0,0.6666666666666666,0.0,0.0,0.0,1.0,1.0,2.3756944444444446,20,6,1
I04263,U001,F083,2026-01-04T20:35:00,Indian,Fish,Spicy,High,Curry,Dinner,1.0,0.0,0.0,1.0,0.0,0.0,0.3333333333333333,1.0,0.0,0.0,1.0,2.0,0.024305555555555556,20,6,1
I00554,U001,F071,2026-01-06T00:10:00,Mexican,Mutton,Sour,High,Noodles,Dinner,0.0,0.0,1.0,1.0,0.0,0.0,0.3333333333333333,2.0,0.0,0.0,1.0,3.0,1.1493055555555556,0,1,0
I03806,U001,F059,2026-01-07T04:56:00,Thai,Vegetarian,Savory,High,Curry,Dinner,1.0,0.0,1.0,1.0,0.0,0.0,0.5,2.0,1.0,0.0,1.0,5.0,0.11597222222222223,4,2,1
I04437,U001,F023,2026-01-09T07:06:00,Indian,Fish,Creamy,Medium,Curry,Dinner,1.0,0.0,0.0,1.0,0.0,0.0,0.3333333333333333,3.0,1.0,0.0,1.0,6.0,2.0902777777777777,7,4,0
I04540,U001,F018,2026-01-09T15:55:00,Chinese,Fish,Sour,High,Pasta,Lunch,0.0,0.0,1.0,1.0,1.0,1.0,0.6666666666666666,3.0,2.0,0.0,1.0,7.0,0.36736111111111114,15,4,1
I02078,U001,F079,2026-01-10T22:02:00,Italian,Chicken,Sour,Low,Curry,Lunch,0.0,1.0,1.0,1.0,0.0,1.0,0.6666666666666666,4.0,2.0,0.0,1.0,8.0,1.2548611111111112,22,5,1
I02226,U001,F049,2026-01-13T12:06:00,Mexican,Mutton,Savory,Low,Curry,Snack,0.0,0.0,1.0,1.0,0.0,1.0,0.5,5.0,2.0,0.0,1.0,9.0,2.5861111111111112,12,1,0
I03928,U001,F041,2026-01-13T12:34:00,Mexican,Chicken,Savory,Low,Pasta,Dinner,0.0,1.0,1.0,1.0,1.0,0.0,0.6666666666666666,5.0,2.0,0.0,2.0,10.0,0.019444444444444445,12,1,0
I01547,U001,F079,2026-01-14T00:10:00,Italian,Chicken,Sour,Low,Curry,Lunch,0.0,1.0,1.0,1.0,0.0,1.0,0.6666666666666666,5.0,3.0,0.0,2.0,11.0,0.48333333333333334,0,2,1
I03301,U001,F079,2026-01-14T22:25:00,Italian,Chicken,Sour,Low,Curry,Lunch,0.0,1.0,1.0,1.0,0.0,1.0,0.6666666666666666,6.0,3.0,0.0,2.0,12.0,0.9270833333333334,22,2,1
I00814,U001,F016,2026-01-16T07:04:00,Mexican,Mutton,Savory,Low,Rice,Dinner,0.0,0.0,1.0,1.0,0.0,0.0,0.3333333333333333,6.0,3.0,1.0,2.0,13.0,1.3604166666666666,7,4,1
I03106,U001,F015,2026-01-16T17:33:00,Indian,Fish,Sweet,High,Curry,Lunch,1.0,0.0,0.0,1.0,0.0,1.0,0.5,6.0,3.0,2.0,2.0,15.0,0.050694444444444445,17,4,1
I00864,U001,F079,2026-01-17T10:02:00,Italian,Chicken,Sour,Low,Curry,Lunch,0.0,1.0,1.0,1.0,0.0,1.0,0.6666666666666666,7.0,3.0,2.0,2.0,16.0,0.6868055555555556,10,5,0
I01456,U001,F059,2026-01-18T00:52:00,Thai,Vegetarian,Savory,High,Curry,Dinner,1.0,0.0,1.0,1.0,0.0,0.0,0.5,7.0,3.0,2.0,3.0,17.0,0.6180555555555556,0,6,0
I03164,U001,F020,2026-01-19T05:27:00,Mexican,Vegetarian,Sour,High,Pasta,Dinner,0.0,0.0,1.0,1.0,1.0,0.0,0.5,7.0,3.0,2.0,4.0,18.0,1.1909722222222223,5,0,0
I01222,U001,F036,2026-01-19T23:54:00,Pakistani,Chicken,Savory,Low,Rice,Breakfast,0.0,1.0,1.0,1.0,0.0,0.0,0.5,7.0,4.0,2.0,4.0,19.0,0.76875,23,0,0
I01983,U001,F096,2026-01-20T03:15:00,Mexican,Fish,Sour,Medium,Noodles,Dinner,0.0,0.0,1.0,1.0,0.0,0.0,0.3333333333333333,7.0,4.0,2.0,5.0,20.0,0.13958333333333334,3,1,0
I04040,U001,F012,2026-01-21T08:23:00,Indian,Mutton,Sour,High,Bread,Lunch,1.0,0.0,1.0,1.0,1.0,1.0,0.8333333333333334,7.0,4.0,2.0,6.0,21.0,1.2138888888888888,8,2,0
I04042,U001,F078,2026-01-22T23:40:00,Indian,Vegetarian,Creamy,Low,Pasta,Lunch,1.0,0.0,0.0,1.0,1.0,1.0,0.6666666666666666,7.0,5.0,2.0,6.0,23.0,0.3736111111111111,23,3,0
I04053,U001,F002,2026-01-23T06:49:00,Chinese,Beef,Savory,High,Curry,Breakfast,0.0,1.0,1.0,1.0,0.0,0.0,0.5,7.0,5.0,2.0,7.0,24.0,0.29791666666666666,6,4,0
I04272,U001,F009,2026-01-23T17:37:00,Thai,Chicken,Sour,Low,Curry,Dinner,1.0,1.0,1.0,1.0,0.0,0.0,0.6666666666666666,7.0,6.0,2.0,7.0,25.0,0.45,17,4,1
I00703,U001,F100,2026-01-24T00:38:00,Mexican,Beef,Spicy,Low,Pasta,Snack,0.0,1.0,0.0,1.0,1.0,1.0,0.6666666666666666,8.0,6.0,2.0,7.0,26.0,0.2923611111111111,0,5,1
I03206,U001,F089,2026-01-24T04:02:00,Pakistani,Chicken,Spicy,Medium,Curry,Breakfast,0.0,1.0,0.0,1.0,0.0,0.0,0.3333333333333333,9.0,6.0,2.0,7.0,27.0,0.14166666666666666,4,5,0
I03664,U001,F072,2026-01-25T22:43:00,Chinese,Chicken,Sour,Low,Pasta,Lunch,0.0,1.0,1.0,1.0,1.0,1.0,0.8333333333333334,9.0,6.0,2.0,8.0,29.0,0.9819444444444444,22,6,0
I04919,U001,F064,2026-01-25T23:19:00,Pakistani,Chicken,Sweet,Low,Bread,Lunch,0.0,1.0,0.0,1.0,1.0,1.0,0.6666666666666666,9.0,6.0,2.0,9.0,30.0,0.025,23,6,1
I01648,U001,F097,2026-01-26T21:47:00,Thai,Fish,Spicy,Medium,Pasta,Breakfast,1.0,0.0,0.0,1.0,1.0,0.0,0.5,9.0,6.0,2.0,9.0,32.0,0.15555555555555556,21,0,0
I01959,U001,F056,2026-01-27T06:04:00,Indian,Vegetarian,Creamy,Low,Rice,Lunch,1.0,0.0,0.0,1.0,0.0,1.0,0.5,9.0,7.0,2.0,9.0,33.0,0.3451388888888889,6,1,1
I03339,U001,F051,2026-01-28T10:22:00,Chinese,Chicken,Creamy,Low,Noodles,Snack,0.0,1.0,0.0,1.0,0.0,1.0,0.5,9.0,7.0,3.0,9.0,34.0,1.1791666666666667,10,2,1
I03430,U001,F059,2026-01-31T12:33:00,Thai,Vegetarian,Savory,High,Curry,Dinner,1.0,0.0,1.0,1.0,0.0,0.0,0.5,9.0,7.0,4.0,9.0,35.0,3.0909722222222222,12,5,0
I02045,U001,F028,2026-02-01T10:30:00,Italian,Beef,Creamy,High,Rice,Dinner,0.0,1.0,0.0,1.0,0.0,0.0,0.3333333333333333,9.0,8.0,4.0,9.0,36.0,0.9145833333333333,10,6,0
I02722,U001,F056,2026-02-05T18:16:00,Indian,Vegetarian,Creamy,Low,Rice,Lunch,1.0,0.0,0.0,1.0,0.0,1.0,0.5,9.0,8.0,4.0,10.0,38.0,1.5069444444444444,18,3,1
I04056,U001,F083,2026-02-06T03:10:00,Indian,Fish,Spicy,High,Curry,Dinner,1.0,0.0,0.0,1.0,0.0,0.0,0.3333333333333333,10.0,8.0,4.0,10.0,39.0,0.37083333333333335,3,4,0
I03382,U001,F007,2026-02-07T18:19:00,Chinese,Mutton,Savory,Low,Pasta,Breakfast,0.0,0.0,1.0,1.0,1.0,0.0,0.5,10.0,8.0,4.0,11.0,40.0,1.63125,18,5,1
I00500,U001,F044,2026-02-07T18:41:00,Pakistani,Fish,Creamy,Low,Rice,Breakfast,0.0,0.0,0.0,1.0,0.0,0.0,0.16666666666666666,11.0,8.0,4.0,11.0,41.0,0.015277777777777777,18,5,0
I00333,U001,F048,2026-02-08T21:15:00,Chinese,Beef,Sweet,Low,Rice,Breakfast,0.0,1.0,0.0,1.0,0.0,0.0,0.3333333333333333,11.0,8.0,4.0,12.0,44.0,0.4486111111111111,21,6,1
I04681,U001,F014,2026-02-10T13:01:00,Thai,Beef,Creamy,High,Noodles,Lunch,1.0,1.0,0.0,1.0,0.0,1.0,0.6666666666666666,11.0,8.0,5.0,12.0,45.0,1.6569444444444446,13,1,0
I00603,U001,F049,2026-02-10T13:57:00,Mexican,Mutton,Savory,Low,Curry,Snack,0.0,0.0,1.0,1.0,0.0,1.0,0.5,11.0,8.0,5.0,13.0,46.0,0.03888888888888889,13,1,0
I03706,U001,F037,2026-02-10T23:21:00,Italian,Chicken,Creamy,Low,Bread,Snack,0.0,1.0,0.0,1.0,1.0,1.0,0.6666666666666666,11.0,8.0,5.0,14.0,47.0,0.39166666666666666,23,1,0
I00641,U001,F087,2026-02-11T12:20:00,Mexican,Chicken,Sweet,High,Curry,Dinner,0.0,1.0,0.0,1.0,0.0,0.0,0.3333333333333333,11.0,8.0,5.0,15.0,48.0,0.5409722222222222,12,2,1
I04072,U001,F001,2026-02-13T21:21:00,Mexican,Chicken,Savory,High,Bread,Lunch,0.0,1.0,1.0,1.0,1.0,1.0,0.8333333333333334,11.0,8.0,6.0,15.0,49.0,2.3756944444444446,21,4,1
I04724,U001,F004,2026-02-14T19:07:00,Chinese,Vegetarian,Creamy,Low,Curry,Lunch,0.0,0.0,0.0,1.0,0.0,1.0,0.3333333333333333,12.0,8.0,6.0,15.0,50.0,0.9069444444444444,19,5,0
I02512,U001,F036,2026-02-18T19:23:00,Pakistani,Chicken,Savory,Low,Rice,Breakfast,0.0,1.0,1.0,1.0,0.0,0.0,0.5,12.0,9.0,6.0,15.0,52.0,1.0097222222222222,19,2,0
I00686,U001,F016,2026-02-19T15:07:00,Mexican,Mutton,Savory,Low,Rice,Dinner,0.0,0.0,1.0,1.0,0.0,0.0,0.3333333333333333,12.0,10.0,6.0,15.0,53.0,0.8222222222222222,15,3,0
I00692,U001,F022,2026-02-20T08:17:00,Pakistani,Beef,Spicy,High,Pasta,Breakfast,0.0,1.0,0.0,1.0,1.0,0.0,0.5,12.0,10.0,6.0,16.0,54.0,0.7152777777777778,8,4,0
I03981,U001,F070,2026-02-20T11:05:00,Chinese,Beef,Spicy,Medium,Rice,Lunch,0.0,1.0,0.0,1.0,0.0,1.0,0.5,12.0,10.0,6.0,17.0,55.0,0.11666666666666667,11,4,1
I01141,U001,F033,2026-02-20T22:54:00,Mexican,Mutton,Sour,High,Bread,Snack,0.0,0.0,1.0,1.0,1.0,1.0,0.6666666666666666,12.0,10.0,7.0,17.0,56.0,0.49236111111111114,22,4,1
I01428,U001,F065,2026-02-21T14:11:00,Mexican,Fish,Creamy,High,Pasta,Breakfast,0.0,0.0,0.0,1.0,1.0,0.0,0.3333333333333333,13.0,10.0,7.0,17.0,59.0,0.014583333333333334,14,5,0
I01181,U001,F022,2026-02-21T22:27:00,Pakistani,Beef,Spicy,High,Pasta,Breakfast,0.0,1.0,0.0,1.0,1.0,0.0,0.5,13.0,11.0,7.0,17.0,60.0,0.34444444444444444,22,5,0
I02667,U001,F018,2026-02-23T05:10:00,Chinese,Fish,Sour,High,Pasta,Lunch,0.0,0.0,1.0,1.0,1.0,1.0,0.6666666666666666,13.0,11.0,7.0,18.0,62.0,1.1847222222222222,5,0,1
I03341,U001,F036,2026-02-24T01:33:00,Pakistani,Chicken,Savory,Low,Rice,Breakfast,0.0,1.0,1.0,1.0,0.0,0.0,0.5,13.0,11.0,8.0,18.0,63.0,0.8493055555555555,1,1,1
I02085,U001,F063,2026-02-24T01:51:00,Italian,Chicken,Savory,High,Pasta,Dinner,0.0,1.0,1.0,1.0,1.0,0.0,0.6666666666666666,13.0,11.0,8.0,18.0,64.0,0.0125,1,1,0
I03762,U001,F034,2026-02-24T04:35:00,Thai,Fish,Savory,Low,Noodles,Breakfast,1.0,0.0,1.0,1.0,0.0,0.0,0.5,13.0,11.0,8.0,19.0,65.0,0.11388888888888889,4,1,1
I00161,U001,F096,2026-02-24T11:45:00,Mexican,Fish,Sour,Medium,Noodles,Dinner,0.0,0.0,1.0,1.0,0.0,0.0,0.3333333333333333,14.0,11.0,8.0,19.0,66.0,0.2986111111111111,11,1,1
I02524,U001,F084,2026-02-25T19:04:00,Indian,Vegetarian,Savory,Medium,Bread,Lunch,1.0,0.0,1.0,1.0,1.0,1.0,0.8333333333333334,15.0,11.0,8.0,19.0,67.0,1.304861111111111,19,2,1
I04451,U001,F063,2026-02-28T03:19:00,Italian,Chicken,Savory,High,Pasta,Dinner,0.0,1.0,1.0,1.0,1.0,0.0,0.6666666666666666,15.0,11.0,9.0,19.0,68.0,2.34375,3,5,0
I03363,U001,F037,2026-02-28T11:24:00,Italian,Chicken,Creamy,Low,Bread,Snack,0.0,1.0,0.0,1.0,1.0,1.0,0.6666666666666666,15.0,12.0,9.0,19.0,69.0,0.3368055555555556,11,5,0
I03799,U001,F004,2026-03-01T03:03:00,Chinese,Vegetarian,Creamy,Low,Curry,Lunch,0.0,0.0,0.0,1.0,0.0,1.0,0.3333333333333333,15.0,13.0,9.0,19.0,71.0,0.16944444444444445,3,6,0
I00917,U001,F066,2026-03-03T14:53:00,Pakistani,Chicken,Spicy,High,Rice,Dinner,0.0,1.0,0.0,1.0,0.0,0.0,0.3333333333333333,15.0,14.0,9.0,19.0,73.0,0.4479166666666667,14,1,0
I00320,U001,F091,2026-03-05T11:50:00,Indian,Beef,Spicy,High,Rice,Breakfast,1.0,1.0,0.0,1.0,0.0,0.0,0.5,15.0,14.0,9.0,20.0,74.0,1.8729166666666666,11,3,1
I02172,U001,F033,2026-03-05T21:32:00,Mexican,Mutton,Sour,High,Bread,Snack,0.0,0.0,1.0,1.0,1.0,1.0,0.6666666666666666,16.0,14.0,9.0,20.0,75.0,0.4041666666666667,21,3,0
I00573,U001,F085,2026-03-07T04:47:00,Indian,Vegetarian,Creamy,High,Bread,Snack,1.0,0.0,0.0,1.0,1.0,1.0,0.6666666666666666,16.0,14.0,9.0,21.0,76.0,1.3020833333333333,4,5,1
I01724,U023,F062,2026-01-01T05:24:00,Mexican,Mutton,Spicy,High,Bread,Snack,0.0,0.0,0.0,1.0,0.0,1.0,0.3333333333333333,0.0,0.0,0.0,0.0,0.0,-1.0,5,3,0
I02658,U023,F043,2026-01-02T03:27:00,Chinese,Fish,Spicy,Medium,Pasta,Lunch,0.0,1.0,0.0,0.0,1.0,1.0,0.5,0.0,0.0,0.0,1.0,1.0,0.91875,3,4,1
I03915,U023,F060,2026-01-02T05:47:00,Mexican,Chicken,Spicy,Medium,Rice,Breakfast,0.0,1.0,0.0,0.0,0.0,0.0,0.16666666666666666,0.0,0.0,0.0,1.0,2.0,0.09722222222222222,5,4,0
I04018,U023,F089,2026-01-02T10:50:00,Pakistani,Chicken,Spicy,Medium,Curry,Breakfast,1.0,1.0,0.0,0.0,0.0,0.0,0.3333333333333333,0.0,0.0,0.0,2.0,3.0,0.21041666666666667,10,4,1
I01559,U023,F065,2026-01-07T23:09:00,Mexican,Fish,Creamy,High,Pasta,Breakfast,0.0,1.0,0.0,1.0,1.0,0.0,0.5,1.0,0.0,0.0,2.0,5.0,3.6493055555555554,23,2,1
I03986,U023,F084,2026-01-08T04:16:00,Indian,Vegetarian,Savory,Medium,Bread,Lunch,0.0,1.0,0.0,0.0,0.0,1.0,0.3333333333333333,1.0,0.0,1.0,2.0,6.0,0.21319444444444444,4,3,1
I04028,U023,F013,2026-01-08T05:39:00,Italian,Mutton,Spicy,High,Bread,Breakfast,0.0,0.0,0.0,1.0,0.0,0.0,0.16666666666666666,1.0,0.0,1.0,2.0,7.0,0.05763888888888889,5,3,0
I04194,U023,F070,2026-01-13T10:57:00,Chinese,Beef,Spicy,Medium,Rice,Lunch,0.0,0.0,0.0,0.0,0.0,1.0,0.16666666666666666,1.0,0.0,1.0,3.0,9.0,4.4215277777777775,10,1,0
I01548,U023,F093,2026-01-13T14:42:00,Pakistani,Vegetarian,Spicy,Low,Pasta,Lunch,1.0,1.0,0.0,0.0,1.0,1.0,0.6666666666666666,1.0,0.0,1.0,4.0,10.0,0.15625,14,1,1
I03815,U023,F015,2026-01-14T19:37:00,Indian,Fish,Sweet,High,Curry,Lunch,0.0,1.0,0.0,1.0,0.0,1.0,0.5,2.0,0.0,1.0,4.0,11.0,1.2048611111111112,19,2,1
I01151,U023,F091,2026-01-15T05:03:00,Indian,Beef,Spicy,High,Rice,Breakfast,0.0,0.0,0.0,1.0,0.0,0.0,0.16666666666666666,3.0,0.0,1.0,4.0,12.0,0.39305555555555555,5,3,0
I01231,U023,F016,2026-01-16T15:19:00,Mexican,Mutton,Savory,Low,Rice,Dinner,0.0,0.0,0.0,0.0,0.0,1.0,0.16666666666666666,3.0,0.0,1.0,5.0,13.0,1.4277777777777778,15,4,1
I00981,U023,F058,2026-01-16T16:02:00,Italian,Mutton,Spicy,Medium,Curry,Dinner,0.0,0.0,0.0,0.0,0.0,1.0,0.16666666666666666,3.0,0.0,2.0,5.0,14.0,0.029861111111111113,16,4,0
I01856,U023,F046,2026-01-18T02:17:00,Chinese,Fish,Savory,Low,Pasta,Breakfast,0.0,1.0,0.0,0.0,1.0,0.0,0.3333333333333333,3.0,0.0,2.0,6.0,16.0,0.05625,2,6,0
I01804,U023,F085,2026-01-18T11:57:00,Indian,Vegetarian,Creamy,High,Bread,Snack,0.0,1.0,0.0,1.0,0.0,1.0,0.5,3.0,0.0,2.0,7.0,17.0,0.4027777777777778,11,6,0
I03667,U023,F054,2026-01-20T15:15:00,Italian,Beef,Sweet,Low,Bread,Snack,0.0,0.0,0.0,0.0,0.0,1.0,0.16666666666666666,3.0,1.0,2.0,7.0,18.0,2.1375,15,1,0
I00993,U023,F037,2026-01-21T18:16:00,Italian,Chicken,Creamy,Low,Bread,Snack,0.0,1.0,0.0,0.0,0.0,1.0,0.3333333333333333,3.0,2.0,2.0,7.0,20.0,0.9770833333333333,18,2,0
I01315,U023,F054,2026-01-24T08:17:00,Italian,Beef,Sweet,Low,Bread,Snack,0.0,0.0,0.0,0.0,0.0,1.0,0.16666666666666666,3.0,3.0,2.0,7.0,22.0,0.21597222222222223,8,5,0
I02026,U023,F094,2026-01-25T13:03:00,Indian,Vegetarian,Creamy,High,Bread,Snack,0.0,1.0,0.0,1.0,0.0,1.0,0.5,3.0,3.0,2.0,8.0,23.0,1.198611111111111,13,6,1
I01004,U023,F012,2026-01-25T19:54:00,Indian,Mutton,Sour,High,Bread,Lunch,0.0,0.0,1.0,1.0,0.0,1.0,0.5,3.0,3.0,3.0,8.0,24.0,0.28541666666666665,19,6,1
I04058,U023,F036,2026-01-26T15:41:00,Pakistani,Chicken,Savory,Low,Rice,Breakfast,1.0,1.0,0.0,0.0,0.0,0.0,0.3333333333333333,3.0,3.0,4.0,8.0,25.0,0.8243055555555555,15,0,0
I02224,U023,F096,2026-01-27T03:05:00,Mexican,Fish,Sour,Medium,Noodles,Dinner,0.0,1.0,1.0,0.0,0.0,1.0,0.5,3.0,4.0,4.0,8.0,26.0,0.475,3,1,0
I03830,U023,F043,2026-01-28T00:04:00,Chinese,Fish,Spicy,Medium,Pasta,Lunch,0.0,1.0,0.0,0.0,1.0,1.0,0.5,3.0,4.0,4.0,9.0,27.0,0.8743055555555556,0,2,1
I01875,U023,F025,2026-01-30T03:08:00,Mexican,Mutton,Savory,Medium,Pasta,Lunch,0.0,0.0,0.0,0.0,1.0,1.0,0.3333333333333333,4.0,4.0,4.0,9.0,28.0,2.1277777777777778,3,4,1
I02217,U023,F009,2026-01-30T22:27:00,Thai,Chicken,Sour,Low,Curry,Dinner,1.0,1.0,1.0,0.0,0.0,1.0,0.6666666666666666,4.0,4.0,4.0,9.0,29.0,0.8048611111111111,22,4,1
I01785,U023,F061,2026-02-01T16:07:00,Mexican,Vegetarian,Spicy,Medium,Bread,Lunch,0.0,1.0,0.0,0.0,0.0,1.0,0.3333333333333333,5.0,4.0,4.0,9.0,31.0,1.0576388888888888,16,6,0
I04192,U023,F011,2026-02-02T01:15:00,Pakistani,Beef,Sweet,Low,Noodles,Breakfast,1.0,0.0,0.0,0.0,0.0,0.0,0.16666666666666666,5.0,4.0,4.0,10.0,32.0,0.38055555555555554,1,0,0
I04323,U023,F033,2026-02-02T10:19:00,Mexican,Mutton,Sour,High,Bread,Snack,0.0,0.0,1.0,1.0,0.0,1.0,0.5,5.0,5.0,4.0,10.0,34.0,0.15069444444444444,10,0,1
I00898,U023,F056,2026-02-04T11:26:00,Indian,Vegetarian,Creamy,Low,Rice,Lunch,0.0,1.0,0.0,0.0,0.0,1.0,0.3333333333333333,6.0,5.0,4.0,10.0,35.0,2.046527777777778,11,2,0
I02305,U023,F051,2026-02-07T20:56:00,Chinese,Chicken,Creamy,Low,Noodles,Snack,0.0,1.0,0.0,0.0,0.0,1.0,0.3333333333333333,6.0,5.0,4.0,11.0,37.0,3.2381944444444444,20,5,1
I01088,U023,F010,2026-02-08T14:46:00,Mexican,Vegetarian,Sweet,High,Noodles,Breakfast,0.0,1.0,0.0,1.0,0.0,0.0,0.3333333333333333,7.0,5.0,4.0,11.0,38.0,0.7430555555555556,14,6,0
I02611,U023,F031,2026-02-10T07:30:00,Pakistani,Vegetarian,Spicy,Low,Pasta,Lunch,1.0,1.0,0.0,0.0,1.0,1.0,0.6666666666666666,7.0,6.0,4.0,11.0,39.0,1.6972222222222222,7,1,1
I04342,U023,F068,2026-02-12T17:46:00,Italian,Mutton,Savory,Medium,Noodles,Lunch,0.0,0.0,0.0,0.0,0.0,1.0,0.16666666666666666,7.0,6.0,5.0,11.0,41.0,0.8305555555555556,17,3,0
I01738,U023,F032,2026-02-17T04:57:00,Italian,Vegetarian,Creamy,Medium,Noodles,Lunch,0.0,1.0,0.0,0.0,0.0,1.0,0.3333333333333333,7.0,6.0,5.0,12.0,42.0,4.465972222222222,4,1,1
I03390,U023,F017,2026-02-17T06:37:00,Indian,Mutton,Savory,Low,Curry,Dinner,0.0,0.0,0.0,0.0,0.0,1.0,0.16666666666666666,7.0,6.0,6.0,12.0,43.0,0.06944444444444445,6,1,0
I01619,U023,F014,2026-02-17T09:03:00,Thai,Beef,Creamy,High,Noodles,Lunch,1.0,0.0,0.0,1.0,0.0,1.0,0.5,7.0,7.0,6.0,12.0,44.0,0.10138888888888889,9,1,1
I04633,U023,F077,2026-02-18T12:58:00,Pakistani,Chicken,Creamy,Medium,Bread,Dinner,1.0,1.0,0.0,0.0,0.0,1.0,0.5,7.0,7.0,7.0,12.0,46.0,0.9541666666666667,12,2,0
I03670,U023,F083,2026-02-19T09:59:00,Indian,Fish,Spicy,High,Curry,Dinner,0.0,1.0,0.0,1.0,0.0,1.0,0.5,7.0,7.0,7.0,13.0,49.0,0.5118055555555555,9,3,1
I02377,U023,F060,2026-02-20T12:58:00,Mexican,Chicken,Spicy,Medium,Rice,Breakfast,0.0,1.0,0.0,0.0,0.0,0.0,0.16666666666666666,7.0,7.0,7.0,13.0,50.0,1.1243055555555554,12,4,0
I02031,U018,F081,2026-01-04T16:04:00,Mexican,Chicken,Sweet,High,Bread,Snack,0.0,0.0,0.0,1.0,0.0,1.0,0.3333333333333333,0.0,0.0,0.0,0.0,0.0,-1.0,16,6,1
I01451,U018,F097,2026-01-06T03:18:00,Thai,Fish,Spicy,Medium,Pasta,Breakfast,0.0,1.0,1.0,0.0,1.0,0.0,0.5,0.0,0.0,1.0,0.0,1.0,1.4680555555555554,3,1,0
I01970,U018,F063,2026-01-06T10:31:00,Italian,Chicken,Savory,High,Pasta,Dinner,0.0,0.0,0.0,1.0,1.0,1.0,0.5,0.0,0.0,1.0,1.0,2.0,0.30069444444444443,10,1,0
I01100,U018,F085,2026-01-06T16:35:00,Indian,Vegetarian,Creamy,High,Bread,Snack,1.0,0.0,1.0,1.0,0.0,1.0,0.6666666666666666,0.0,1.0,1.0,1.0,3.0,0.25277777777777777,16,1,1
I02604,U018,F066,2026-01-07T14:35:00,Pakistani,Chicken,Spicy,High,Rice,Dinner,0.0,0.0,1.0,1.0,0.0,1.0,0.5,0.0,1.0,2.0,1.0,4.0,0.9166666666666666,14,2,0
I02193,U018,F078,2026-01-08T21:49:00,Indian,Vegetarian,Creamy,Low,Pasta,Lunch,1.0,0.0,1.0,0.0,1.0,1.0,0.6666666666666666,0.0,2.0,2.0,1.0,5.0,1.301388888888889,21,3,1
I04362,U018,F092,2026-01-08T22:54:00,Indian,Beef,Spicy,High,Curry,Snack,1.0,1.0,1.0,1.0,0.0,1.0,0.8333333333333334,1.0,2.0,2.0,1.0,6.0,0.04513888888888889,22,3,1
I03531,U018,F073,2026-01-09T05:03:00,Chinese,Fish,Sweet,Medium,Noodles,Lunch,0.0,1.0,0.0,0.0,0.0,1.0,0.3333333333333333,1.0,2.0,3.0,1.0,7.0,0.25625,5,4,0
I00980,U018,F065,2026-01-09T12:43:00,Mexican,Fish,Creamy,High,Pasta,Breakfast,0.0,1.0,1.0,1.0,1.0,0.0,0.6666666666666666,1.0,3.0,3.0,1.0,8.0,0.3194444444444444,12,4,0
I00701,U018,F077,2026-01-09T18:07:00,Pakistani,Chicken,Creamy,Medium,Bread,Dinner,0.0,0.0,1.0,0.0,0.0,1.0,0.3333333333333333,1.0,4.0,3.0,1.0,9.0,0.225,18,4,0
I03840,U018,F088,2026-01-13T08:20:00,Pakistani,Beef,Sweet,Low,Noodles,Lunch,0.0,1.0,0.0,0.0,0.0,1.0,0.3333333333333333,1.0,4.0,3.0,2.0,12.0,2.0708333333333333,8,1,1
I00755,U018,F085,2026-01-14T00:39:00,Indian,Vegetarian,Creamy,High,Bread,Snack,1.0,0.0,1.0,1.0,0.0,1.0,0.6666666666666666,2.0,4.0,3.0,2.0,13.0,0.6798611111111111,0,2,0
I03663,U018,F069,2026-01-14T07:33:00,Mexican,Chicken,Sweet,High,Pasta,Lunch,0.0,0.0,0.0,1.0,1.0,1.0,0.5,2.0,4.0,3.0,3.0,14.0,0.2875,7,2,0
I03013,U018,F020,2026-01-14T09:40:00,Mexican,Vegetarian,Sour,High,Pasta,Dinner,0.0,0.0,1.0,1.0,1.0,1.0,0.6666666666666666,2.0,5.0,3.0,3.0,15.0,0.08819444444444445,9,2,0
I04953,U018,F002,2026-01-14T10:32:00,Chinese,Beef,Savory,High,Curry,Breakfast,0.0,1.0,0.0,1.0,0.0,0.0,0.3333333333333333,2.0,5.0,3.0,4.0,16.0,0.03611111111111111,10,2,0
I03294,U018,F007,2026-01-18T09:30:00,Chinese,Mutton,Savory,Low,Pasta,Breakfast,0.0,1.0,0.0,0.0,1.0,0.0,0.3333333333333333,2.0,5.0,3.0,5.0,17.0,3.9569444444444444,9,6,0
I03286,U018,F012,2026-01-18T14:52:00,Indian,Mutton,Sour,High,Bread,Lunch,1.0,1.0,1.0,1.0,0.0,1.0,0.8333333333333334,2.0,6.0,3.0,5.0,18.0,0.22361111111111112,14,6,1
I04927,U018,F094,2026-01-19T10:59:00,Indian,Vegetarian,Creamy,High,Bread,Snack,1.0,0.0,1.0,1.0,0.0,1.0,0.6666666666666666,2.0,6.0,4.0,5.0,20.0,0.1638888888888889,10,0,1
I04343,U018,F079,2026-01-25T10:39:00,Italian,Chicken,Sour,Low,Curry,Lunch,0.0,0.0,1.0,0.0,0.0,1.0,0.3333333333333333,2.0,6.0,5.0,5.0,24.0,1.2819444444444446,10,6,0
I00315,U018,F011,2026-01-27T05:18:00,Pakistani,Beef,Sweet,Low,Noodles,Breakfast,0.0,1.0,0.0,0.0,0.0,0.0,0.16666666666666666,2.0,7.0,5.0,5.0,25.0,1.7770833333333333,5,1,0
I04860,U018,F002,2026-01-27T09:19:00,Chinese,Beef,Savory,High,Curry,Breakfast,0.0,1.0,0.0,1.0,0.0,0.0,0.3333333333333333,2.0,7.0,5.0,6.0,26.0,0.1673611111111111,9,1,0
I01591,U018,F007,2026-01-27T18:14:00,Chinese,Mutton,Savory,Low,Pasta,Breakfast,0.0,1.0,0.0,0.0,1.0,0.0,0.3333333333333333,2.0,7.0,5.0,7.0,27.0,0.3715277777777778,18,1,0
I01481,U018,F091,2026-01-28T16:53:00,Indian,Beef,Spicy,High,Rice,Breakfast,1.0,1.0,1.0,1.0,0.0,0.0,0.6666666666666666,2.0,8.0,5.0,7.0,28.0,0.94375,16,2,1
I01777,U018,F031,2026-01-29T21:10:00,Pakistani,Vegetarian,Spicy,Low,Pasta,Lunch,0.0,0.0,1.0,0.0,1.0,1.0,0.5,2.0,8.0,6.0,7.0,29.0,1.1784722222222221,21,3,1
I00773,U018,F078,2026-01-30T07:52:00,Indian,Vegetarian,Creamy,Low,Pasta,Lunch,1.0,0.0,1.0,0.0,1.0,1.0,0.6666666666666666,3.0,8.0,6.0,7.0,30.0,0.44583333333333336,7,4,1
I03167,U018,F069,2026-01-30T20:57:00,Mexican,Chicken,Sweet,High,Pasta,Lunch,0.0,0.0,0.0,1.0,1.0,1.0,0.5,4.0,8.0,6.0,7.0,31.0,0.5451388888888888,20,4,1
I01898,U018,F088,2026-02-01T18:31:00,Pakistani,Beef,Sweet,Low,Noodles,Lunch,0.0,1.0,0.0,0.0,0.0,1.0,0.3333333333333333,4.0,8.0,7.0,7.0,33.0,0.5638888888888889,18,6,0
I01061,U018,F019,2026-02-02T16:42:00,Italian,Beef,Spicy,High,Curry,Dinner,0.0,1.0,1.0,1.0,0.0,1.0,0.6666666666666666,4.0,9.0,7.0,7.0,34.0,0.9243055555555556,16,0,0
I01348,U018,F049,2026-02-03T22:01:00,Mexican,Mutton,Savory,Low,Curry,Snack,0.0,1.0,0.0,0.0,0.0,1.0,0.3333333333333333,4.0,10.0,7.0,7.0,35.0,1.2215277777777778,22,1,1
I04186,U018,F058,2026-02-04T16:50:00,Italian,Mutton,Spicy,Medium,Curry,Dinner,0.0,1.0,1.0,0.0,0.0,1.0,0.5,5.0,10.0,7.0,7.0,36.0,0.7840277777777778,16,2,1
I04979,U018,F018,2026-02-05T09:43:00,Chinese,Fish,Sour,High,Pasta,Lunch,0.0,1.0,1.0,1.0,1.0,1.0,0.8333333333333334,5.0,10.0,8.0,7.0,37.0,0.7034722222222223,9,3,1
I00212,U018,F006,2026-02-05T18:32:00,Pakistani,Beef,Sour,Medium,Bread,Lunch,0.0,1.0,1.0,0.0,0.0,1.0,0.5,5.0,10.0,8.0,7.0,38.0,0.36736111111111114,18,3,0
I01526,U018,F078,2026-02-10T13:17:00,Indian,Vegetarian,Creamy,Low,Pasta,Lunch,1.0,0.0,1.0,0.0,1.0,1.0,0.6666666666666666,5.0,10.0,8.0,8.0,41.0,0.41597222222222224,13,1,1
I01278,U018,F056,2026-02-10T23:16:00,Indian,Vegetarian,Creamy,Low,Rice,Lunch,1.0,0.0,1.0,0.0,0.0,1.0,0.5,6.0,10.0,8.0,8.0,42.0,0.41597222222222224,23,1,1
I01939,U018,F099,2026-02-13T01:38:00,Thai,Chicken,Spicy,Low,Noodles,Snack,0.0,0.0,1.0,0.0,0.0,1.0,0.3333333333333333,6.0,10.0,9.0,8.0,43.0,2.098611111111111,1,4,1
I01779,U018,F064,2026-02-14T21:44:00,Pakistani,Chicken,Sweet,Low,Bread,Lunch,0.0,0.0,0.0,0.0,0.0,1.0,0.16666666666666666,7.0,10.0,9.0,8.0,44.0,1.8375,21,5,0
I04476,U018,F085,2026-02-16T06:03:00,Indian,Vegetarian,Creamy,High,Bread,Snack,1.0,0.0,1.0,1.0,0.0,1.0,0.6666666666666666,7.0,10.0,9.0,9.0,45.0,1.3465277777777778,6,0,1
I03238,U018,F033,2026-02-16T08:55:00,Mexican,Mutton,Sour,High,Bread,Snack,0.0,1.0,1.0,1.0,0.0,1.0,0.6666666666666666,7.0,10.0,10.0,9.0,46.0,0.11944444444444445,8,0,1
I00938,U018,F019,2026-02-17T18:53:00,Italian,Beef,Spicy,High,Curry,Dinner,0.0,1.0,1.0,1.0,0.0,1.0,0.6666666666666666,7.0,10.0,11.0,9.0,47.0,1.4152777777777779,18,1,0
I03586,U018,F060,2026-02-17T20:57:00,Mexican,Chicken,Spicy,Medium,Rice,Breakfast,0.0,0.0,1.0,0.0,0.0,0.0,0.16666666666666666,7.0,11.0,11.0,9.0,48.0,0.08611111111111111,20,1,1
I01523,U018,F002,2026-02-18T03:35:00,Chinese,Beef,Savory,High,Curry,Breakfast,0.0,1.0,0.0,1.0,0.0,0.0,0.3333333333333333,8.0,11.0,11.0,9.0,49.0,0.2763888888888889,3,2,1
I02926,U018,F012,2026-02-18T11:45:00,Indian,Mutton,Sour,High,Bread,Lunch,1.0,1.0,1.0,1.0,0.0,1.0,0.8333333333333334,8.0,11.0,11.0,9.0,50.0,0.3402777777777778,11,2,1
I03677,U018,F086,2026-02-21T12:46:00,Indian,Fish,Spicy,High,Pasta,Lunch,1.0,1.0,1.0,1.0,1.0,1.0,1.0,9.0,11.0,11.0,9.0,51.0,3.042361111111111,12,5,1
I01087,U018,F009,2026-02-24T07:09:00,Thai,Chicken,Sour,Low,Curry,Dinner,0.0,0.0,1.0,0.0,0.0,1.0,0.3333333333333333,10.0,11.0,11.0,9.0,52.0,2.765972222222222,7,1,0
I04332,U018,F086,2026-02-25T21:46:00,Indian,Fish,Spicy,High,Pasta,Lunch,1.0,1.0,1.0,1.0,1.0,1.0,1.0,10.0,11.0,11.0,10.0,53.0,1.6090277777777777,21,2,1
I01552,U018,F014,2026-02-26T05:31:00,Thai,Beef,Creamy,High,Noodles,Lunch,0.0,1.0,1.0,1.0,0.0,1.0,0.6666666666666666,10.0,11.0,12.0,10.0,54.0,0.3229166666666667,5,3,0
I03287,U018,F023,2026-03-03T11:24:00,Indian,Fish,Creamy,Medium,Curry,Dinner,1.0,1.0,1.0,0.0,0.0,1.0,0.6666666666666666,10.0,11.0,12.0,11.0,59.0,0.8881944444444444,11,1,1
I01869,U018,F093,2026-03-06T07:41:00,Pakistani,Vegetarian,Spicy,Low,Pasta,Lunch,0.0,0.0,1.0,0.0,1.0,1.0,0.5,10.0,11.0,13.0,11.0,61.0,2.6625,7,4,1
I04438,U018,F100,2026-03-12T13:37:00,Mexican,Beef,Spicy,Low,Pasta,Snack,0.0,1.0,1.0,0.0,1.0,1.0,0.6666666666666666,11.0,11.0,13.0,11.0,63.0,0.5402777777777777,13,3,1
I03261,U018,F054,2026-03-12T21:53:00,Italian,Beef,Sweet,Low,Bread,Snack,0.0,1.0,0.0,0.0,0.0,1.0,0.3333333333333333,11.0,11.0,14.0,11.0,64.0,0.34444444444444444,21,3,0
I04835,U018,F030,2026-03-13T18:06:00,Pakistani,Beef,Creamy,Low,Rice,Snack,0.0,1.0,1.0,0.0,0.0,1.0,0.5,11.0,11.0,14.0,12.0,65.0,0.8423611111111111,18,4,0
I00817,U020,F039,2026-01-01T03:53:00,Chinese,Fish,Sour,Low,Rice,Breakfast,0.0,1.0,1.0,1.0,0.0,0.0,0.5,0.0,0.0,0.0,0.0,1.0,0.10138888888888889,3,3,0
I04651,U020,F056,2026-01-01T06:21:00,Indian,Vegetarian,Creamy,Low,Rice,Lunch,1.0,0.0,0.0,1.0,0.0,1.0,0.5,0.0,1.0,0.0,0.0,2.0,0.10277777777777777,6,3,0
I03894,U020,F079,2026-01-01T08:10:00,Italian,Chicken,Sour,Low,Curry,Lunch,0.0,0.0,1.0,1.0,0.0,1.0,0.5,0.0,1.0,0.0,1.0,3.0,0.07569444444444444,8,3,0
I03923,U020,F019,2026-01-02T07:25:00,Italian,Beef,Spicy,High,Curry,Dinner,0.0,0.0,0.0,1.0,0.0,0.0,0.16666666666666666,0.0,1.0,0.0,2.0,4.0,0.96875,7,4,0
I04109,U020,F088,2026-01-03T03:51:00,Pakistani,Beef,Sweet,Low,Noodles,Lunch,0.0,0.0,1.0,1.0,0.0,1.0,0.5,0.0,2.0,0.0,2.0,5.0,0.8513888888888889,3,5,0
I01485,U020,F085,2026-01-03T18:42:00,Indian,Vegetarian,Creamy,High,Bread,Snack,1.0,0.0,0.0,1.0,1.0,1.0,0.6666666666666666,0.0,2.0,0.0,3.0,6.0,0.61875,18,5,0
I01017,U020,F064,2026-01-04T00:05:00,Pakistani,Chicken,Sweet,Low,Bread,Lunch,0.0,0.0,1.0,1.0,1.0,1.0,0.6666666666666666,0.0,3.0,0.0,3.0,7.0,0.22430555555555556,0,6,1
I02478,U020,F034,2026-01-04T22:14:00,Thai,Fish,Savory,Low,Noodles,Breakfast,0.0,1.0,0.0,1.0,0.0,0.0,0.3333333333333333,0.0,3.0,1.0,3.0,8.0,0.9229166666666667,22,6,1
I03311,U020,F069,2026-01-05T08:48:00,Mexican,Chicken,Sweet,High,Pasta,Lunch,1.0,0.0,1.0,1.0,0.0,1.0,0.6666666666666666,1.0,3.0,1.0,3.0,9.0,0.44027777777777777,8,0,1
I00683,U020,F064,2026-01-05T11:16:00,Pakistani,Chicken,Sweet,Low,Bread,Lunch,0.0,0.0,1.0,1.0,1.0,1.0,0.6666666666666666,1.0,3.0,1.0,3.0,10.0,0.10277777777777777,11,0,0
I02422,U020,F034,2026-01-06T09:18:00,Thai,Fish,Savory,Low,Noodles,Breakfast,0.0,1.0,0.0,1.0,0.0,0.0,0.3333333333333333,1.0,3.0,1.0,4.0,11.0,0.9180555555555555,9,1,0
I04453,U020,F017,2026-01-07T13:52:00,Indian,Mutton,Savory,Low,Curry,Dinner,1.0,0.0,0.0,1.0,0.0,0.0,0.3333333333333333,1.0,3.0,1.0,5.0,12.0,1.1902777777777778,13,2,1
I03123,U020,F043,2026-01-09T03:58:00,Chinese,Fish,Spicy,Medium,Pasta,Lunch,0.0,1.0,0.0,0.0,0.0,1.0,0.3333333333333333,1.0,3.0,2.0,5.0,13.0,1.5875,3,4,0
I04449,U020,F027,2026-01-09T08:32:00,Mexican,Mutton,Creamy,High,Noodles,Lunch,1.0,0.0,0.0,1.0,0.0,1.0,0.5,1.0,4.0,2.0,5.0,14.0,0.19027777777777777,8,4,0
I03774,U020,F027,2026-01-09T17:18:00,Mexican,Mutton,Creamy,High,Noodles,Lunch,1.0,0.0,0.0,1.0,0.0,1.0,0.5,1.0,5.0,2.0,5.0,16.0,0.36180555555555555,17,4,0
I01641,U020,F091,2026-01-12T17:48:00,Indian,Beef,Spicy,High,Rice,Breakfast,1.0,0.0,0.0,1.0,0.0,0.0,0.3333333333333333,1.0,5.0,2.0,6.0,17.0,3.0208333333333335,17,0,1
I01862,U020,F052,2026-01-15T19:53:00,Pakistani,Vegetarian,Spicy,High,Curry,Breakfast,0.0,0.0,0.0,1.0,0.0,0.0,0.16666666666666666,1.0,5.0,2.0,6.0,20.0,2.6847222222222222,19,3,0
I02150,U020,F061,2026-01-20T23:43:00,Mexican,Vegetarian,Spicy,Medium,Bread,Lunch,1.0,0.0,0.0,0.0,1.0,1.0,0.5,1.0,5.0,2.0,7.0,24.0,2.328472222222222,23,1,0
I01366,U020,F012,2026-01-23T01:05:00,Indian,Mutton,Sour,High,Bread,Lunch,1.0,0.0,1.0,1.0,1.0,1.0,0.8333333333333334,1.0,5.0,2.0,8.0,26.0,1.5604166666666666,1,4,1
I04892,U020,F023,2026-01-24T10:05:00,Indian,Fish,Creamy,Medium,Curry,Dinner,1.0,1.0,0.0,0.0,0.0,0.0,0.3333333333333333,1.0,5.0,3.0,8.0,27.0,1.375,10,5,0
I02543,U020,F027,2026-01-25T00:48:00,Mexican,Mutton,Creamy,High,Noodles,Lunch,1.0,0.0,0.0,1.0,0.0,1.0,0.5,1.0,6.0,3.0,8.0,28.0,0.6131944444444445,0,6,0
I03450,U020,F024,2026-01-25T04:05:00,Thai,Chicken,Savory,High,Curry,Dinner,0.0,0.0,0.0,1.0,0.0,0.0,0.16666666666666666,1.0,7.0,3.0,8.0,29.0,0.13680555555555557,4,6,0
I00371,U020,F023,2026-01-30T20:32:00,Indian,Fish,Creamy,Medium,Curry,Dinner,1.0,1.0,0.0,0.0,0.0,0.0,0.3333333333333333,1.0,7.0,3.0,9.0,30.0,5.685416666666667,20,4,0
I03366,U020,F022,2026-01-31T14:18:00,Pakistani,Beef,Spicy,High,Pasta,Breakfast,0.0,0.0,0.0,1.0,0.0,0.0,0.16666666666666666,1.0,8.0,3.0,9.0,31.0,0.7402777777777778,14,5,0
I01232,U020,F074,2026-01-31T19:51:00,Pakistani,Beef,Sour,Medium,Bread,Breakfast,0.0,0.0,1.0,0.0,1.0,0.0,0.3333333333333333,1.0,9.0,3.0,9.0,32.0,0.23125,19,5,0
I02081,U020,F050,2026-02-03T14:23:00,Thai,Vegetarian,Spicy,Low,Curry,Breakfast,0.0,0.0,0.0,1.0,0.0,0.0,0.16666666666666666,1.0,9.0,3.0,10.0,35.0,0.4701388888888889,14,1,0
I04577,U020,F090,2026-02-05T06:22:00,Indian,Fish,Creamy,Low,Pasta,Snack,1.0,1.0,0.0,1.0,0.0,1.0,0.6666666666666666,1.0,9.0,3.0,11.0,36.0,1.6659722222222222,6,3,0
I04253,U020,F010,2026-02-09T15:05:00,Mexican,Vegetarian,Sweet,High,Noodles,Breakfast,1.0,0.0,1.0,1.0,0.0,0.0,0.5,1.0,9.0,3.0,12.0,38.0,2.7381944444444444,15,0,1
I01265,U020,F050,2026-02-11T08:48:00,Thai,Vegetarian,Spicy,Low,Curry,Breakfast,0.0,0.0,0.0,1.0,0.0,0.0,0.16666666666666666,1.0,9.0,4.0,12.0,39.0,1.7381944444444444,8,2,1
I01569,U020,F015,2026-02-14T14:16:00,Indian,Fish,Sweet,High,Curry,Lunch,1.0,1.0,1.0,1.0,0.0,1.0,0.8333333333333334,2.0,9.0,4.0,12.0,41.0,2.1902777777777778,14,5,1
I01788,U020,F095,2026-02-14T18:37:00,Thai,Vegetarian,Sour,High,Pasta,Lunch,0.0,0.0,1.0,1.0,0.0,1.0,0.5,3.0,9.0,4.0,12.0,42.0,0.18125,18,5,1
I02184,U020,F048,2026-02-15T10:45:00,Chinese,Beef,Sweet,Low,Rice,Breakfast,0.0,0.0,1.0,1.0,0.0,0.0,0.3333333333333333,3.0,9.0,5.0,12.0,43.0,0.6722222222222223,10,6,1
I01393,U020,F057,2026-02-18T06:53:00,Thai,Mutton,Spicy,Medium,Rice,Lunch,0.0,0.0,0.0,0.0,0.0,1.0,0.16666666666666666,4.0,9.0,5.0,12.0,44.0,2.838888888888889,6,2,1
I01756,U020,F010,2026-02-18T09:12:00,Mexican,Vegetarian,Sweet,High,Noodles,Breakfast,1.0,0.0,1.0,1.0,0.0,0.0,0.5,5.0,9.0,5.0,12.0,45.0,0.09652777777777778,9,2,1
I03881,U020,F093,2026-02-18T18:41:00,Pakistani,Vegetarian,Spicy,Low,Pasta,Lunch,0.0,0.0,0.0,1.0,0.0,1.0,0.3333333333333333,5.0,9.0,6.0,12.0,46.0,0.3951388888888889,18,2,0
I00215,U020,F021,2026-02-19T23:06:00,Chinese,Beef,Creamy,Medium,Rice,Breakfast,0.0,0.0,0.0,0.0,0.0,0.0,0.0,5.0,9.0,6.0,13.0,47.0,1.1840277777777777,23,3,0
I02298,U020,F013,2026-02-21T10:40:00,Italian,Mutton,Spicy,High,Bread,Breakfast,0.0,0.0,0.0,1.0,1.0,0.0,0.3333333333333333,5.0,9.0,6.0,14.0,49.0,0.6076388888888888,10,5,0
I00350,U020,F034,2026-02-21T15:26:00,Thai,Fish,Savory,Low,Noodles,Breakfast,0.0,1.0,0.0,1.0,0.0,0.0,0.3333333333333333,5.0,10.0,6.0,14.0,50.0,0.1986111111111111,15,5,0
I04997,U020,F066,2026-02-22T08:30:00,Pakistani,Chicken,Spicy,High,Rice,Dinner,0.0,0.0,0.0,1.0,0.0,0.0,0.16666666666666666,5.0,11.0,6.0,14.0,51.0,0.7111111111111111,8,6,0
I04472,U020,F099,2026-02-24T00:10:00,Thai,Chicken,Spicy,Low,Noodles,Snack,0.0,0.0,0.0,1.0,0.0,1.0,0.3333333333333333,5.0,12.0,6.0,14.0,52.0,1.6527777777777777,0,1,0
I00229,U020,F035,2026-02-25T09:25:00,Italian,Chicken,Creamy,High,Noodles,Lunch,0.0,0.0,0.0,1.0,0.0,1.0,0.3333333333333333,5.0,12.0,6.0,15.0,53.0,1.3854166666666667,9,2,0
I03656,U020,F015,2026-02-28T17:42:00,Indian,Fish,Sweet,High,Curry,Lunch,1.0,1.0,1.0,1.0,0.0,1.0,0.8333333333333334,5.0,13.0,6.0,15.0,55.0,2.1951388888888888,17,5,1
I02115,U020,F038,2026-03-01T01:00:00,Chinese,Vegetarian,Spicy,High,Curry,Snack,0.0,0.0,0.0,1.0,0.0,1.0,0.3333333333333333,6.0,13.0,6.0,15.0,56.0,0.30416666666666664,1,6,0
I01426,U020,F059,2026-03-03T02:27:00,Thai,Vegetarian,Savory,High,Curry,Dinner,0.0,0.0,0.0,1.0,0.0,0.0,0.16666666666666666,6.0,13.0,6.0,16.0,58.0,1.9625,2,1,0
I02175,U020,F081,2026-03-04T00:13:00,Mexican,Chicken,Sweet,High,Bread,Snack,1.0,0.0,1.0,1.0,1.0,1.0,0.8333333333333334,6.0,13.0,6.0,17.0,59.0,0.9069444444444444,0,2,1
I04396,U020,F100,2026-03-07T09:57:00,Mexican,Beef,Spicy,Low,Pasta,Snack,1.0,0.0,0.0,1.0,0.0,1.0,0.5,6.0,13.0,6.0,17.0,60.0,3.4055555555555554,9,5,0
I02588,U020,F069,2026-03-07T16:38:00,Mexican,Chicken,Sweet,High,Pasta,Lunch,1.0,0.0,1.0,1.0,0.0,1.0,0.6666666666666666,6.0,14.0,6.0,17.0,62.0,0.21388888888888888,16,5,1
I04529,U020,F060,2026-03-08T18:57:00,Mexican,Chicken,Spicy,Medium,Rice,Breakfast,1.0,0.0,0.0,0.0,0.0,0.0,0.16666666666666666,6.0,14.0,6.0,17.0,63.0,1.0965277777777778,18,6,0
I02884,U020,F078,2026-03-09T21:49:00,Indian,Vegetarian,Creamy,Low,Pasta,Lunch,1.0,0.0,0.0,1.0,0.0,1.0,0.5,6.0,15.0,6.0,17.0,64.0,1.1194444444444445,21,0,1
I00822,U020,F073,2026-03-10T00:38:00,Chinese,Fish,Sweet,Medium,Noodles,Lunch,0.0,1.0,1.0,0.0,0.0,1.0,0.5,7.0,15.0,6.0,17.0,65.0,0.11736111111111111,0,1,0
I01502,U020,F074,2026-03-10T06:18:00,Pakistani,Beef,Sour,Medium,Bread,Breakfast,0.0,0.0,1.0,0.0,1.0,0.0,0.3333333333333333,7.0,16.0,6.0,17.0,66.0,0.2361111111111111,6,1,1
I04320,U007,F023,2026-01-01T00:14:00,Indian,Fish,Creamy,Medium,Curry,Dinner,0.0,1.0,0.0,1.0,0.0,1.0,0.5,0.0,0.0,0.0,0.0,0.0,-1.0,0,3,1
I01612,U007,F066,2026-01-01T07:39:00,Pakistani,Chicken,Spicy,High,Rice,Dinner,0.0,1.0,1.0,0.0,0.0,1.0,0.5,1.0,0.0,0.0,0.0,1.0,0.3090277777777778,7,3,0
I01605,U007,F049,2026-01-02T21:59:00,Mexican,Mutton,Savory,Low,Curry,Snack,0.0,1.0,1.0,1.0,0.0,0.0,0.5,1.0,0.0,0.0,1.0,2.0,1.5972222222222223,21,4,1
I03730,U007,F011,2026-01-04T07:09:00,Pakistani,Beef,Sweet,Low,Noodles,Breakfast,0.0,0.0,1.0,1.0,1.0,0.0,0.5,2.0,0.0,0.0,1.0,3.0,1.3819444444444444,7,6,1
I03658,U007,F049,2026-01-04T09:03:00,Mexican,Mutton,Savory,Low,Curry,Snack,0.0,1.0,1.0,1.0,0.0,0.0,0.5,3.0,0.0,0.0,1.0,4.0,0.07916666666666666,9,6,1
I00595,U007,F023,2026-01-05T18:08:00,Indian,Fish,Creamy,Medium,Curry,Dinner,0.0,1.0,0.0,1.0,0.0,1.0,0.5,3.0,0.0,1.0,1.0,5.0,1.3784722222222223,18,0,1
I02798,U007,F073,2026-01-06T06:59:00,Chinese,Fish,Sweet,Medium,Noodles,Lunch,0.0,1.0,1.0,1.0,1.0,1.0,0.8333333333333334,3.0,0.0,2.0,1.0,6.0,0.5354166666666667,6,1,0
I00518,U007,F004,2026-01-08T06:49:00,Chinese,Vegetarian,Creamy,Low,Curry,Lunch,0.0,0.0,0.0,1.0,0.0,1.0,0.3333333333333333,3.0,1.0,2.0,1.0,7.0,1.9930555555555556,6,3,0
I01662,U007,F059,2026-01-09T09:33:00,Thai,Vegetarian,Savory,High,Curry,Dinner,0.0,0.0,1.0,0.0,0.0,1.0,0.3333333333333333,3.0,2.0,2.0,1.0,8.0,1.113888888888889,9,4,1
I02010,U007,F008,2026-01-09T11:57:00,Italian,Mutton,Creamy,Medium,Rice,Snack,1.0,1.0,0.0,1.0,0.0,0.0,0.5,3.0,2.0,2.0,1.0,9.0,0.1,11,4,0
I03640,U007,F084,2026-01-10T21:12:00,Indian,Vegetarian,Savory,Medium,Bread,Lunch,0.0,0.0,1.0,1.0,0.0,1.0,0.5,3.0,2.0,2.0,2.0,10.0,1.3854166666666667,21,5,0
I00809,U007,F074,2026-01-12T16:30:00,Pakistani,Beef,Sour,Medium,Bread,Breakfast,0.0,0.0,0.0,1.0,0.0,0.0,0.16666666666666666,3.0,3.0,2.0,2.0,11.0,1.8041666666666667,16,0,0
I03633,U007,F032,2026-01-14T00:01:00,Italian,Vegetarian,Creamy,Medium,Noodles,Lunch,1.0,0.0,0.0,1.0,1.0,1.0,0.6666666666666666,3.0,3.0,2.0,3.0,13.0,0.1736111111111111,0,2,1
I01769,U007,F019,2026-01-15T08:12:00,Italian,Beef,Spicy,High,Curry,Dinner,1.0,0.0,1.0,0.0,0.0,1.0,0.5,4.0,3.0,2.0,3.0,15.0,0.5458333333333333,8,3,1
I03526,U007,F032,2026-01-17T02:05:00,Italian,Vegetarian,Creamy,Medium,Noodles,Lunch,1.0,0.0,0.0,1.0,1.0,1.0,0.6666666666666666,5.0,3.0,2.0,3.0,16.0,1.7451388888888888,2,5,1
I02763,U007,F081,2026-01-17T05:46:00,Mexican,Chicken,Sweet,High,Bread,Snack,0.0,1.0,1.0,0.0,0.0,0.0,0.3333333333333333,5.0,3.0,2.0,3.0,17.0,0.15347222222222223,5,5,0
I02879,U007,F043,2026-01-17T20:23:00,Chinese,Fish,Spicy,Medium,Pasta,Lunch,0.0,1.0,1.0,1.0,1.0,1.0,0.8333333333333334,5.0,3.0,2.0,4.0,18.0,0.6090277777777777,20,5,1
I02749,U007,F008,2026-01-18T23:45:00,Italian,Mutton,Creamy,Medium,Rice,Snack,1.0,1.0,0.0,1.0,0.0,0.0,0.5,6.0,3.0,2.0,4.0,19.0,1.1402777777777777,23,6,0
I02033,U007,F005,2026-01-20T06:02:00,Mexican,Vegetarian,Sour,Low,Pasta,Dinner,0.0,0.0,0.0,1.0,1.0,1.0,0.5,6.0,3.0,2.0,5.0,20.0,1.2618055555555556,6,1,1
I00952,U007,F095,2026-01-21T00:59:00,Thai,Vegetarian,Sour,High,Pasta,Lunch,0.0,0.0,0.0,0.0,1.0,1.0,0.3333333333333333,6.0,3.0,3.0,5.0,22.0,0.27291666666666664,0,2,1
I02728,U007,F017,2026-01-22T22:26:00,Indian,Mutton,Savory,Low,Curry,Dinner,0.0,1.0,1.0,1.0,0.0,1.0,0.6666666666666666,6.0,3.0,4.0,5.0,23.0,1.89375,22,3,0
I03566,U007,F080,2026-01-24T09:00:00,Italian,Fish,Savory,High,Bread,Dinner,1.0,1.0,1.0,0.0,0.0,1.0,0.6666666666666666,6.0,3.0,4.0,6.0,24.0,1.4402777777777778,9,5,0
I03945,U007,F063,2026-01-24T15:05:00,Italian,Chicken,Savory,High,Pasta,Dinner,1.0,1.0,1.0,0.0,1.0,1.0,0.8333333333333334,6.0,3.0,4.0,7.0,25.0,0.2534722222222222,15,5,1
I04495,U007,F051,2026-01-26T23:42:00,Chinese,Chicken,Creamy,Low,Noodles,Snack,0.0,1.0,0.0,1.0,1.0,0.0,0.5,6.0,3.0,4.0,7.0,26.0,2.359027777777778,23,0,0
I01753,U007,F042,2026-01-29T05:48:00,Pakistani,Beef,Spicy,Low,Curry,Snack,0.0,0.0,1.0,1.0,0.0,0.0,0.3333333333333333,6.0,3.0,4.0,8.0,28.0,0.15208333333333332,5,3,0
I00903,U007,F068,2026-01-29T09:40:00,Italian,Mutton,Savory,Medium,Noodles,Lunch,1.0,1.0,1.0,1.0,1.0,1.0,1.0,6.0,3.0,4.0,9.0,29.0,0.16111111111111112,9,3,1
I03141,U007,F070,2026-01-31T12:36:00,Chinese,Beef,Spicy,Medium,Rice,Lunch,0.0,0.0,1.0,1.0,0.0,1.0,0.5,7.0,3.0,4.0,9.0,31.0,2.1069444444444443,12,5,0
I03784,U007,F073,2026-01-31T18:48:00,Chinese,Fish,Sweet,Medium,Noodles,Lunch,0.0,1.0,1.0,1.0,1.0,1.0,0.8333333333333334,7.0,3.0,4.0,10.0,32.0,0.25833333333333336,18,5,1
I04448,U007,F093,2026-02-01T02:55:00,Pakistani,Vegetarian,Spicy,Low,Pasta,Lunch,0.0,0.0,1.0,1.0,1.0,1.0,0.6666666666666666,8.0,3.0,4.0,10.0,33.0,0.33819444444444446,2,6,0
I03579,U007,F023,2026-02-02T08:31:00,Indian,Fish,Creamy,Medium,Curry,Dinner,0.0,1.0,0.0,1.0,0.0,1.0,0.5,8.0,3.0,4.0,11.0,34.0,1.2333333333333334,8,0,1
I00578,U007,F091,2026-02-05T08:59:00,Indian,Beef,Spicy,High,Rice,Breakfast,0.0,0.0,1.0,0.0,0.0,0.0,0.16666666666666666,8.0,3.0,4.0,11.0,35.0,3.0194444444444444,8,3,0
I03786,U007,F082,2026-02-05T18:34:00,Italian,Fish,Sweet,High,Noodles,Lunch,1.0,1.0,1.0,0.0,1.0,1.0,0.8333333333333334,8.0,3.0,4.0,12.0,36.0,0.3993055555555556,18,3,0
I01525,U007,F068,2026-02-06T18:49:00,Italian,Mutton,Savory,Medium,Noodles,Lunch,1.0,1.0,1.0,1.0,1.0,1.0,1.0,8.0,4.0,4.0,12.0,37.0,1.0104166666666667,18,4,1
I00803,U007,F054,2026-02-06T20:51:00,Italian,Beef,Sweet,Low,Bread,Snack,1.0,0.0,1.0,1.0,0.0,0.0,0.5,8.0,4.0,5.0,12.0,38.0,0.08472222222222223,20,4,0
I00275,U007,F095,2026-02-08T01:06:00,Thai,Vegetarian,Sour,High,Pasta,Lunch,0.0,0.0,0.0,0.0,1.0,1.0,0.3333333333333333,8.0,5.0,5.0,12.0,39.0,1.1770833333333333,1,6,0
I04755,U007,F072,2026-02-09T04:46:00,Chinese,Chicken,Sour,Low,Pasta,Lunch,0.0,1.0,0.0,1.0,1.0,1.0,0.6666666666666666,8.0,5.0,5.0,13.0,40.0,1.1527777777777777,4,0,1
I04679,U007,F036,2026-02-09T15:38:00,Pakistani,Chicken,Savory,Low,Rice,Breakfast,0.0,1.0,1.0,1.0,0.0,0.0,0.5,9.0,5.0,5.0,13.0,41.0,0.4527777777777778,15,0,0
I00417,U007,F030,2026-02-11T09:11:00,Pakistani,Beef,Creamy,Low,Rice,Snack,0.0,0.0,0.0,1.0,0.0,0.0,0.16666666666666666,9.0,6.0,5.0,13.0,42.0,1.73125,9,2,1
I00851,U007,F052,2026-02-11T18:58:00,Pakistani,Vegetarian,Spicy,High,Curry,Breakfast,0.0,0.0,1.0,0.0,0.0,0.0,0.16666666666666666,9.0,6.0,5.0,13.0,43.0,0.4076388888888889,18,2,0
I01646,U007,F014,2026-02-12T00:57:00,Thai,Beef,Creamy,High,Noodles,Lunch,0.0,0.0,0.0,0.0,1.0,1.0,0.3333333333333333,9.0,6.0,5.0,14.0,44.0,0.24930555555555556,0,3,1
I01572,U007,F056,2026-02-12T10:23:00,Indian,Vegetarian,Creamy,Low,Rice,Lunch,0.0,0.0,0.0,1.0,0.0,1.0,0.3333333333333333,9.0,6.0,6.0,14.0,45.0,0.39305555555555555,10,3,1
I00560,U007,F026,2026-02-12T12:11:00,Indian,Chicken,Sweet,High,Noodles,Breakfast,0.0,1.0,1.0,0.0,1.0,0.0,0.5,9.0,6.0,6.0,14.0,46.0,0.075,12,3,0
I04214,U007,F013,2026-02-13T19:08:00,Italian,Mutton,Spicy,High,Bread,Breakfast,1.0,1.0,1.0,0.0,0.0,0.0,0.5,9.0,6.0,6.0,15.0,47.0,1.2895833333333333,19,4,1
I01749,U007,F054,2026-02-14T13:39:00,Italian,Beef,Sweet,Low,Bread,Snack,1.0,0.0,1.0,1.0,0.0,0.0,0.5,10.0,6.0,6.0,15.0,48.0,0.7715277777777778,13,5,0
I04673,U007,F043,2026-02-14T18:06:00,Chinese,Fish,Spicy,Medium,Pasta,Lunch,0.0,1.0,1.0,1.0,1.0,1.0,0.8333333333333334,10.0,7.0,6.0,15.0,49.0,0.18541666666666667,18,5,1
I04607,U007,F074,2026-02-17T21:07:00,Pakistani,Beef,Sour,Medium,Bread,Breakfast,0.0,0.0,0.0,1.0,0.0,0.0,0.16666666666666666,11.0,7.0,6.0,15.0,50.0,3.1256944444444446,21,1,0
I01309,U007,F087,2026-02-18T13:42:00,Mexican,Chicken,Sweet,High,Curry,Dinner,0.0,1.0,1.0,0.0,0.0,1.0,0.5,11.0,8.0,6.0,15.0,51.0,0.6909722222222222,13,2,1
I02015,U007,F017,2026-02-19T11:16:00,Indian,Mutton,Savory,Low,Curry,Dinner,0.0,1.0,1.0,1.0,0.0,1.0,0.6666666666666666,12.0,8.0,6.0,15.0,52.0,0.8986111111111111,11,3,0
I02655,U007,F038,2026-02-19T22:18:00,Chinese,Vegetarian,Spicy,High,Curry,Snack,0.0,0.0,1.0,0.0,0.0,0.0,0.16666666666666666,12.0,8.0,6.0,16.0,53.0,0.4597222222222222,22,3,0
I01697,U007,F012,2026-02-22T03:32:00,Indian,Mutton,Sour,High,Bread,Lunch,0.0,1.0,0.0,0.0,0.0,1.0,0.3333333333333333,12.0,9.0,6.0,16.0,54.0,2.2180555555555554,3,6,0
I04908,U007,F063,2026-02-22T11:27:00,Italian,Chicken,Savory,High,Pasta,Dinner,1.0,1.0,1.0,0.0,1.0,1.0,0.8333333333333334,12.0,9.0,6.0,17.0,55.0,0.3298611111111111,11,6,1
I04460,U007,F038,2026-02-22T16:23:00,Chinese,Vegetarian,Spicy,High,Curry,Snack,0.0,0.0,1.0,0.0,0.0,0.0,0.16666666666666666,13.0,9.0,6.0,17.0,56.0,0.20555555555555555,16,6,0
I02758,U007,F052,2026-02-23T03:10:00,Pakistani,Vegetarian,Spicy,High,Curry,Breakfast,0.0,0.0,1.0,0.0,0.0,0.0,0.16666666666666666,13.0,10.0,6.0,17.0,57.0,0.44930555555555557,3,0,0
I03671,U007,F072,2026-02-26T18:28:00,Chinese,Chicken,Sour,Low,Pasta,Lunch,0.0,1.0,0.0,1.0,1.0,1.0,0.6666666666666666,13.0,11.0,6.0,17.0,59.0,2.4652777777777777,18,3,1
I02956,U007,F056,2026-02-27T06:59:00,Indian,Vegetarian,Creamy,Low,Rice,Lunch,0.0,0.0,0.0,1.0,0.0,1.0,0.3333333333333333,13.0,11.0,7.0,17.0,60.0,0.5215277777777778,6,4,1
